2025-08-01 03:27:15.047 [info] [main] Log level: Info
2025-08-01 03:27:15.047 [info] [main] Validating found git in: "git"
2025-08-01 03:27:15.047 [info] [main] Using git "2.50.1" from "git"
2025-08-01 03:27:15.047 [info] [Model][doInitialScan] Initial repository scan started
2025-08-01 03:27:15.047 [info] [Model][doInitialScan] Initial repository scan completed - repositories (0), closed repositories (0), parent repositories (0), unsafe repositories (0)
2025-08-01 03:29:30.172 [info] [main] Log level: Info
2025-08-01 03:29:30.172 [info] [main] Validating found git in: "git"
2025-08-01 03:29:30.172 [info] [main] Using git "2.50.1" from "git"
2025-08-01 03:29:30.172 [info] [Model][doInitialScan] Initial repository scan started
2025-08-01 03:29:30.172 [info] > git rev-parse --show-toplevel [66ms]
2025-08-01 03:29:30.642 [info] > git rev-parse --show-toplevel [23ms]
2025-08-01 03:29:30.701 [info] > git rev-parse --show-toplevel [15ms]
2025-08-01 03:29:30.721 [info] > git rev-parse --show-toplevel [2ms]
2025-08-01 03:29:30.725 [info] [Model][doInitialScan] Initial repository scan completed - repositories (0), closed repositories (0), parent repositories (1), unsafe repositories (0)
2025-08-01 03:29:39.500 [info] > git rev-parse --show-toplevel [1ms]
2025-08-01 03:29:39.516 [info] > git rev-parse --git-dir --git-common-dir [0ms]
2025-08-01 03:29:39.526 [info] [Model][openRepository] Opened repository (path): /home/heisenberg/.config
2025-08-01 03:29:39.526 [info] [Model][openRepository] Opened repository (real path): /home/heisenberg/.config
2025-08-01 03:29:39.545 [info] > git config --get commit.template [4ms]
2025-08-01 03:29:39.589 [info] > git for-each-ref --format=%(refname)%00%(upstream:short)%00%(objectname)%00%(upstream:track)%00%(upstream:remotename)%00%(upstream:remoteref) refs/heads/main refs/remotes/main [12ms]
2025-08-01 03:29:39.603 [warning] [Git][revParse] Unable to read file: ENOENT: no such file or directory, open '/home/heisenberg/.config/.git/refs/remotes/origin/main'
2025-08-01 03:29:39.604 [info] > git rev-parse refs/remotes/origin/main [1ms]
2025-08-01 03:29:39.638 [info] > git status -z -uall [20ms]
2025-08-01 03:29:39.638 [info] > git for-each-ref --sort -committerdate --format %(refname)%00%(objectname)%00%(*objectname) [3ms]
2025-08-01 03:29:39.835 [info] > git for-each-ref --format=%(refname)%00%(upstream:short)%00%(objectname)%00%(upstream:track)%00%(upstream:remotename)%00%(upstream:remoteref) refs/heads/main refs/remotes/main [119ms]
2025-08-01 03:29:40.067 [info] > git config --get --local branch.main.vscode-merge-base [213ms]
2025-08-01 03:29:40.067 [warning] [Git][config] git config failed: Failed to execute git
2025-08-01 03:29:40.084 [info] > git config --get commit.template [354ms]
2025-08-01 03:29:40.129 [info] > git reflog main --grep-reflog=branch: Created from *. [45ms]
2025-08-01 03:29:40.182 [info] > git check-ignore -v -z --stdin [59ms]
2025-08-01 03:29:40.249 [info] > git symbolic-ref --short refs/remotes/origin/HEAD [101ms]
2025-08-01 03:29:40.266 [info] > git for-each-ref --format=%(refname)%00%(upstream:short)%00%(objectname)%00%(upstream:track)%00%(upstream:remotename)%00%(upstream:remoteref) refs/heads/origin/main refs/remotes/origin/main [2ms]
2025-08-01 03:29:40.281 [info] > git for-each-ref --format=%(refname)%00%(upstream:short)%00%(objectname)%00%(upstream:track)%00%(upstream:remotename)%00%(upstream:remoteref) refs/heads/main refs/remotes/main [100ms]
2025-08-01 03:29:40.302 [warning] [Git][revParse] Unable to read file: ENOENT: no such file or directory, open '/home/heisenberg/.config/.git/refs/remotes/origin/main'
2025-08-01 03:29:40.303 [info] > git config --add --local branch.main.vscode-merge-base origin/main [22ms]
2025-08-01 03:29:40.318 [info] > git rev-parse refs/remotes/origin/main [16ms]
2025-08-01 03:29:40.320 [info] > git config --get commit.template [2ms]
2025-08-01 03:29:40.336 [info] > git for-each-ref --format=%(refname)%00%(upstream:short)%00%(objectname)%00%(upstream:track)%00%(upstream:remotename)%00%(upstream:remoteref) refs/heads/main refs/remotes/main [1ms]
2025-08-01 03:29:40.349 [warning] [Git][revParse] Unable to read file: ENOENT: no such file or directory, open '/home/heisenberg/.config/.git/refs/remotes/origin/main'
2025-08-01 03:29:40.350 [info] > git rev-parse refs/remotes/origin/main [1ms]
2025-08-01 03:29:40.381 [info] > git status -z -uall [16ms]
2025-08-01 03:29:40.387 [info] > git for-each-ref --sort -committerdate --format %(refname)%00%(objectname)%00%(*objectname) [8ms]
2025-08-01 03:29:40.467 [info] > git merge-base refs/heads/main refs/remotes/origin/main [20ms]
2025-08-01 03:29:40.486 [info] > git diff --name-status -z --diff-filter=ADMR 5f25e2bd4476fb63144b37dd59e49dfd970f1d6a...refs/remotes/origin/main [4ms]
2025-08-01 03:29:40.487 [info] > git merge-base refs/heads/main refs/remotes/origin/main [25ms]
2025-08-01 03:29:40.711 [info] > git diff --name-status -z --diff-filter=ADMR 5f25e2bd4476fb63144b37dd59e49dfd970f1d6a...refs/remotes/origin/main [211ms]
2025-08-01 03:29:41.065 [info] > git config --get commit.template [16ms]
2025-08-01 03:29:41.083 [info] > git for-each-ref --format=%(refname)%00%(upstream:short)%00%(objectname)%00%(upstream:track)%00%(upstream:remotename)%00%(upstream:remoteref) refs/heads/main refs/remotes/main [3ms]
2025-08-01 03:29:41.103 [warning] [Git][revParse] Unable to read file: ENOENT: no such file or directory, open '/home/heisenberg/.config/.git/refs/remotes/origin/main'
2025-08-01 03:29:41.109 [info] > git rev-parse refs/remotes/origin/main [6ms]
2025-08-01 03:29:41.142 [info] > git status -z -uall [17ms]
2025-08-01 03:29:41.145 [info] > git for-each-ref --sort -committerdate --format %(refname)%00%(objectname)%00%(*objectname) [5ms]
2025-08-01 03:29:43.130 [info] > git config --get commit.template [15ms]
2025-08-01 03:29:43.130 [info] > git for-each-ref --format=%(refname)%00%(upstream:short)%00%(objectname)%00%(upstream:track)%00%(upstream:remotename)%00%(upstream:remoteref) refs/heads/main refs/remotes/main [1ms]
2025-08-01 03:29:43.145 [warning] [Git][revParse] Unable to read file: ENOENT: no such file or directory, open '/home/heisenberg/.config/.git/refs/remotes/origin/main'
2025-08-01 03:29:43.146 [info] > git rev-parse refs/remotes/origin/main [1ms]
2025-08-01 03:29:43.176 [info] > git status -z -uall [16ms]
2025-08-01 03:29:43.181 [info] > git for-each-ref --sort -committerdate --format %(refname)%00%(objectname)%00%(*objectname) [6ms]
2025-08-01 03:29:48.253 [info] > git config --get commit.template [15ms]
2025-08-01 03:29:48.253 [info] > git for-each-ref --format=%(refname)%00%(upstream:short)%00%(objectname)%00%(upstream:track)%00%(upstream:remotename)%00%(upstream:remoteref) refs/heads/main refs/remotes/main [1ms]
2025-08-01 03:29:48.268 [warning] [Git][revParse] Unable to read file: ENOENT: no such file or directory, open '/home/heisenberg/.config/.git/refs/remotes/origin/main'
2025-08-01 03:29:48.269 [info] > git rev-parse refs/remotes/origin/main [1ms]
2025-08-01 03:29:48.301 [info] > git status -z -uall [18ms]
2025-08-01 03:29:48.305 [info] > git for-each-ref --sort -committerdate --format %(refname)%00%(objectname)%00%(*objectname) [5ms]
2025-08-01 03:30:05.485 [info] > git config --get commit.template [1ms]
2025-08-01 03:30:05.501 [info] > git for-each-ref --format=%(refname)%00%(upstream:short)%00%(objectname)%00%(upstream:track)%00%(upstream:remotename)%00%(upstream:remoteref) refs/heads/main refs/remotes/main [2ms]
2025-08-01 03:30:05.514 [warning] [Git][revParse] Unable to read file: ENOENT: no such file or directory, open '/home/heisenberg/.config/.git/refs/remotes/origin/main'
2025-08-01 03:30:05.515 [info] > git rev-parse refs/remotes/origin/main [1ms]
2025-08-01 03:30:05.544 [info] > git status -z -uall [16ms]
2025-08-01 03:30:05.547 [info] > git for-each-ref --sort -committerdate --format %(refname)%00%(objectname)%00%(*objectname) [4ms]
2025-08-01 03:30:18.676 [info] > git config --get commit.template [1ms]
2025-08-01 03:30:18.698 [info] > git for-each-ref --format=%(refname)%00%(upstream:short)%00%(objectname)%00%(upstream:track)%00%(upstream:remotename)%00%(upstream:remoteref) refs/heads/main refs/remotes/main [1ms]
2025-08-01 03:30:18.716 [warning] [Git][revParse] Unable to read file: ENOENT: no such file or directory, open '/home/heisenberg/.config/.git/refs/remotes/origin/main'
2025-08-01 03:30:18.716 [info] > git rev-parse refs/remotes/origin/main [1ms]
2025-08-01 03:30:18.752 [info] > git status -z -uall [19ms]
2025-08-01 03:30:18.755 [info] > git for-each-ref --sort -committerdate --format %(refname)%00%(objectname)%00%(*objectname) [4ms]
2025-08-01 03:30:23.835 [info] > git config --get commit.template [15ms]
2025-08-01 03:30:23.836 [info] > git for-each-ref --format=%(refname)%00%(upstream:short)%00%(objectname)%00%(upstream:track)%00%(upstream:remotename)%00%(upstream:remoteref) refs/heads/main refs/remotes/main [1ms]
2025-08-01 03:30:23.851 [warning] [Git][revParse] Unable to read file: ENOENT: no such file or directory, open '/home/heisenberg/.config/.git/refs/remotes/origin/main'
2025-08-01 03:30:23.852 [info] > git rev-parse refs/remotes/origin/main [1ms]
2025-08-01 03:30:23.882 [info] > git status -z -uall [16ms]
2025-08-01 03:30:23.886 [info] > git for-each-ref --sort -committerdate --format %(refname)%00%(objectname)%00%(*objectname) [5ms]
2025-08-01 03:30:28.966 [info] > git config --get commit.template [15ms]
2025-08-01 03:30:28.967 [info] > git for-each-ref --format=%(refname)%00%(upstream:short)%00%(objectname)%00%(upstream:track)%00%(upstream:remotename)%00%(upstream:remoteref) refs/heads/main refs/remotes/main [1ms]
2025-08-01 03:30:28.980 [warning] [Git][revParse] Unable to read file: ENOENT: no such file or directory, open '/home/heisenberg/.config/.git/refs/remotes/origin/main'
2025-08-01 03:30:28.981 [info] > git rev-parse refs/remotes/origin/main [1ms]
2025-08-01 03:30:29.015 [info] > git status -z -uall [19ms]
2025-08-01 03:30:29.018 [info] > git for-each-ref --sort -committerdate --format %(refname)%00%(objectname)%00%(*objectname) [4ms]
2025-08-01 03:30:34.085 [info] > git config --get commit.template [14ms]
2025-08-01 03:30:34.086 [info] > git for-each-ref --format=%(refname)%00%(upstream:short)%00%(objectname)%00%(upstream:track)%00%(upstream:remotename)%00%(upstream:remoteref) refs/heads/main refs/remotes/main [1ms]
2025-08-01 03:30:34.102 [warning] [Git][revParse] Unable to read file: ENOENT: no such file or directory, open '/home/heisenberg/.config/.git/refs/remotes/origin/main'
2025-08-01 03:30:34.103 [info] > git rev-parse refs/remotes/origin/main [1ms]
2025-08-01 03:30:34.131 [info] > git status -z -uall [15ms]
2025-08-01 03:30:34.134 [info] > git for-each-ref --sort -committerdate --format %(refname)%00%(objectname)%00%(*objectname) [4ms]
2025-08-01 03:30:39.200 [info] > git config --get commit.template [14ms]
2025-08-01 03:30:39.200 [info] > git for-each-ref --format=%(refname)%00%(upstream:short)%00%(objectname)%00%(upstream:track)%00%(upstream:remotename)%00%(upstream:remoteref) refs/heads/main refs/remotes/main [1ms]
2025-08-01 03:30:39.213 [warning] [Git][revParse] Unable to read file: ENOENT: no such file or directory, open '/home/heisenberg/.config/.git/refs/remotes/origin/main'
2025-08-01 03:30:39.214 [info] > git rev-parse refs/remotes/origin/main [1ms]
2025-08-01 03:30:39.243 [info] > git status -z -uall [16ms]
2025-08-01 03:30:39.246 [info] > git for-each-ref --sort -committerdate --format %(refname)%00%(objectname)%00%(*objectname) [4ms]
2025-08-01 03:30:44.308 [info] > git config --get commit.template [12ms]
2025-08-01 03:30:44.309 [info] > git for-each-ref --format=%(refname)%00%(upstream:short)%00%(objectname)%00%(upstream:track)%00%(upstream:remotename)%00%(upstream:remoteref) refs/heads/main refs/remotes/main [1ms]
2025-08-01 03:30:44.322 [warning] [Git][revParse] Unable to read file: ENOENT: no such file or directory, open '/home/heisenberg/.config/.git/refs/remotes/origin/main'
2025-08-01 03:30:44.323 [info] > git rev-parse refs/remotes/origin/main [1ms]
2025-08-01 03:30:44.351 [info] > git status -z -uall [15ms]
2025-08-01 03:30:44.353 [info] > git for-each-ref --sort -committerdate --format %(refname)%00%(objectname)%00%(*objectname) [3ms]
2025-08-01 03:30:49.412 [info] > git config --get commit.template [15ms]
2025-08-01 03:30:49.413 [info] > git for-each-ref --format=%(refname)%00%(upstream:short)%00%(objectname)%00%(upstream:track)%00%(upstream:remotename)%00%(upstream:remoteref) refs/heads/main refs/remotes/main [1ms]
2025-08-01 03:30:49.428 [warning] [Git][revParse] Unable to read file: ENOENT: no such file or directory, open '/home/heisenberg/.config/.git/refs/remotes/origin/main'
2025-08-01 03:30:49.431 [info] > git rev-parse refs/remotes/origin/main [4ms]
2025-08-01 03:30:49.466 [info] > git status -z -uall [20ms]
2025-08-01 03:30:49.472 [info] > git for-each-ref --sort -committerdate --format %(refname)%00%(objectname)%00%(*objectname) [8ms]
2025-08-01 03:30:54.558 [info] > git config --get commit.template [1ms]
2025-08-01 03:30:54.571 [info] > git for-each-ref --format=%(refname)%00%(upstream:short)%00%(objectname)%00%(upstream:track)%00%(upstream:remotename)%00%(upstream:remoteref) refs/heads/main refs/remotes/main [1ms]
2025-08-01 03:30:54.583 [warning] [Git][revParse] Unable to read file: ENOENT: no such file or directory, open '/home/heisenberg/.config/.git/refs/remotes/origin/main'
2025-08-01 03:30:54.583 [info] > git rev-parse refs/remotes/origin/main [1ms]
2025-08-01 03:30:54.611 [info] > git status -z -uall [14ms]
2025-08-01 03:30:54.614 [info] > git for-each-ref --sort -committerdate --format %(refname)%00%(objectname)%00%(*objectname) [4ms]
2025-08-01 03:30:59.685 [info] > git config --get commit.template [19ms]
2025-08-01 03:30:59.685 [info] > git for-each-ref --format=%(refname)%00%(upstream:short)%00%(objectname)%00%(upstream:track)%00%(upstream:remotename)%00%(upstream:remoteref) refs/heads/main refs/remotes/main [1ms]
2025-08-01 03:30:59.701 [warning] [Git][revParse] Unable to read file: ENOENT: no such file or directory, open '/home/heisenberg/.config/.git/refs/remotes/origin/main'
2025-08-01 03:30:59.702 [info] > git rev-parse refs/remotes/origin/main [1ms]
2025-08-01 03:30:59.740 [info] > git status -z -uall [20ms]
2025-08-01 03:30:59.744 [info] > git for-each-ref --sort -committerdate --format %(refname)%00%(objectname)%00%(*objectname) [5ms]
2025-08-01 03:31:04.817 [info] > git config --get commit.template [15ms]
2025-08-01 03:31:04.817 [info] > git for-each-ref --format=%(refname)%00%(upstream:short)%00%(objectname)%00%(upstream:track)%00%(upstream:remotename)%00%(upstream:remoteref) refs/heads/main refs/remotes/main [1ms]
2025-08-01 03:31:04.832 [warning] [Git][revParse] Unable to read file: ENOENT: no such file or directory, open '/home/heisenberg/.config/.git/refs/remotes/origin/main'
2025-08-01 03:31:04.833 [info] > git rev-parse refs/remotes/origin/main [1ms]
2025-08-01 03:31:04.864 [info] > git status -z -uall [17ms]
2025-08-01 03:31:04.867 [info] > git for-each-ref --sort -committerdate --format %(refname)%00%(objectname)%00%(*objectname) [4ms]
2025-08-01 03:31:09.936 [info] > git config --get commit.template [16ms]
2025-08-01 03:31:09.936 [info] > git for-each-ref --format=%(refname)%00%(upstream:short)%00%(objectname)%00%(upstream:track)%00%(upstream:remotename)%00%(upstream:remoteref) refs/heads/main refs/remotes/main [1ms]
2025-08-01 03:31:09.951 [warning] [Git][revParse] Unable to read file: ENOENT: no such file or directory, open '/home/heisenberg/.config/.git/refs/remotes/origin/main'
2025-08-01 03:31:09.952 [info] > git rev-parse refs/remotes/origin/main [0ms]
2025-08-01 03:31:09.983 [info] > git status -z -uall [17ms]
2025-08-01 03:31:09.986 [info] > git for-each-ref --sort -committerdate --format %(refname)%00%(objectname)%00%(*objectname) [4ms]
2025-08-01 03:31:15.053 [info] > git config --get commit.template [13ms]
2025-08-01 03:31:15.053 [info] > git for-each-ref --format=%(refname)%00%(upstream:short)%00%(objectname)%00%(upstream:track)%00%(upstream:remotename)%00%(upstream:remoteref) refs/heads/main refs/remotes/main [1ms]
2025-08-01 03:31:15.068 [warning] [Git][revParse] Unable to read file: ENOENT: no such file or directory, open '/home/heisenberg/.config/.git/refs/remotes/origin/main'
2025-08-01 03:31:15.069 [info] > git rev-parse refs/remotes/origin/main [0ms]
2025-08-01 03:31:15.097 [info] > git status -z -uall [15ms]
2025-08-01 03:31:15.100 [info] > git for-each-ref --sort -committerdate --format %(refname)%00%(objectname)%00%(*objectname) [4ms]
2025-08-01 03:31:20.164 [info] > git config --get commit.template [15ms]
2025-08-01 03:31:20.165 [info] > git for-each-ref --format=%(refname)%00%(upstream:short)%00%(objectname)%00%(upstream:track)%00%(upstream:remotename)%00%(upstream:remoteref) refs/heads/main refs/remotes/main [1ms]
2025-08-01 03:31:20.179 [warning] [Git][revParse] Unable to read file: ENOENT: no such file or directory, open '/home/heisenberg/.config/.git/refs/remotes/origin/main'
2025-08-01 03:31:20.180 [info] > git rev-parse refs/remotes/origin/main [1ms]
2025-08-01 03:31:20.210 [info] > git status -z -uall [16ms]
2025-08-01 03:31:20.213 [info] > git for-each-ref --sort -committerdate --format %(refname)%00%(objectname)%00%(*objectname) [4ms]
2025-08-01 03:31:25.279 [info] > git config --get commit.template [15ms]
2025-08-01 03:31:25.279 [info] > git for-each-ref --format=%(refname)%00%(upstream:short)%00%(objectname)%00%(upstream:track)%00%(upstream:remotename)%00%(upstream:remoteref) refs/heads/main refs/remotes/main [1ms]
2025-08-01 03:31:25.293 [warning] [Git][revParse] Unable to read file: ENOENT: no such file or directory, open '/home/heisenberg/.config/.git/refs/remotes/origin/main'
2025-08-01 03:31:25.294 [info] > git rev-parse refs/remotes/origin/main [1ms]
2025-08-01 03:31:25.324 [info] > git status -z -uall [16ms]
2025-08-01 03:31:25.327 [info] > git for-each-ref --sort -committerdate --format %(refname)%00%(objectname)%00%(*objectname) [4ms]
2025-08-01 03:31:30.393 [info] > git config --get commit.template [14ms]
2025-08-01 03:31:30.394 [info] > git for-each-ref --format=%(refname)%00%(upstream:short)%00%(objectname)%00%(upstream:track)%00%(upstream:remotename)%00%(upstream:remoteref) refs/heads/main refs/remotes/main [1ms]
2025-08-01 03:31:30.409 [warning] [Git][revParse] Unable to read file: ENOENT: no such file or directory, open '/home/heisenberg/.config/.git/refs/remotes/origin/main'
2025-08-01 03:31:30.409 [info] > git rev-parse refs/remotes/origin/main [0ms]
2025-08-01 03:31:30.441 [info] > git status -z -uall [16ms]
2025-08-01 03:31:30.444 [info] > git for-each-ref --sort -committerdate --format %(refname)%00%(objectname)%00%(*objectname) [4ms]
2025-08-01 03:31:35.505 [info] > git config --get commit.template [13ms]
2025-08-01 03:31:35.505 [info] > git for-each-ref --format=%(refname)%00%(upstream:short)%00%(objectname)%00%(upstream:track)%00%(upstream:remotename)%00%(upstream:remoteref) refs/heads/main refs/remotes/main [1ms]
2025-08-01 03:31:35.517 [warning] [Git][revParse] Unable to read file: ENOENT: no such file or directory, open '/home/heisenberg/.config/.git/refs/remotes/origin/main'
2025-08-01 03:31:35.518 [info] > git rev-parse refs/remotes/origin/main [1ms]
2025-08-01 03:31:35.544 [info] > git status -z -uall [15ms]
2025-08-01 03:31:35.547 [info] > git for-each-ref --sort -committerdate --format %(refname)%00%(objectname)%00%(*objectname) [4ms]
2025-08-01 03:31:40.610 [info] > git config --get commit.template [13ms]
2025-08-01 03:31:40.611 [info] > git for-each-ref --format=%(refname)%00%(upstream:short)%00%(objectname)%00%(upstream:track)%00%(upstream:remotename)%00%(upstream:remoteref) refs/heads/main refs/remotes/main [1ms]
2025-08-01 03:31:40.624 [warning] [Git][revParse] Unable to read file: ENOENT: no such file or directory, open '/home/heisenberg/.config/.git/refs/remotes/origin/main'
2025-08-01 03:31:40.625 [info] > git rev-parse refs/remotes/origin/main [1ms]
2025-08-01 03:31:40.655 [info] > git status -z -uall [17ms]
2025-08-01 03:31:40.658 [info] > git for-each-ref --sort -committerdate --format %(refname)%00%(objectname)%00%(*objectname) [4ms]
2025-08-01 03:31:45.720 [info] > git config --get commit.template [14ms]
2025-08-01 03:31:45.720 [info] > git for-each-ref --format=%(refname)%00%(upstream:short)%00%(objectname)%00%(upstream:track)%00%(upstream:remotename)%00%(upstream:remoteref) refs/heads/main refs/remotes/main [1ms]
2025-08-01 03:31:45.733 [warning] [Git][revParse] Unable to read file: ENOENT: no such file or directory, open '/home/heisenberg/.config/.git/refs/remotes/origin/main'
2025-08-01 03:31:45.734 [info] > git rev-parse refs/remotes/origin/main [1ms]
2025-08-01 03:31:45.762 [info] > git status -z -uall [15ms]
2025-08-01 03:31:45.766 [info] > git for-each-ref --sort -committerdate --format %(refname)%00%(objectname)%00%(*objectname) [5ms]
2025-08-01 03:31:50.833 [info] > git config --get commit.template [15ms]
2025-08-01 03:31:50.833 [info] > git for-each-ref --format=%(refname)%00%(upstream:short)%00%(objectname)%00%(upstream:track)%00%(upstream:remotename)%00%(upstream:remoteref) refs/heads/main refs/remotes/main [1ms]
2025-08-01 03:31:50.848 [warning] [Git][revParse] Unable to read file: ENOENT: no such file or directory, open '/home/heisenberg/.config/.git/refs/remotes/origin/main'
2025-08-01 03:31:50.849 [info] > git rev-parse refs/remotes/origin/main [1ms]
2025-08-01 03:31:50.882 [info] > git status -z -uall [18ms]
2025-08-01 03:31:50.885 [info] > git for-each-ref --sort -committerdate --format %(refname)%00%(objectname)%00%(*objectname) [4ms]
2025-08-01 03:31:55.966 [info] > git config --get commit.template [21ms]
2025-08-01 03:31:55.967 [info] > git for-each-ref --format=%(refname)%00%(upstream:short)%00%(objectname)%00%(upstream:track)%00%(upstream:remotename)%00%(upstream:remoteref) refs/heads/main refs/remotes/main [2ms]
2025-08-01 03:31:55.993 [warning] [Git][revParse] Unable to read file: ENOENT: no such file or directory, open '/home/heisenberg/.config/.git/refs/remotes/origin/main'
2025-08-01 03:31:55.994 [info] > git rev-parse refs/remotes/origin/main [1ms]
2025-08-01 03:31:56.054 [info] > git status -z -uall [33ms]
2025-08-01 03:31:56.054 [info] > git for-each-ref --sort -committerdate --format %(refname)%00%(objectname)%00%(*objectname) [1ms]
2025-08-01 03:32:01.166 [info] > git config --get commit.template [15ms]
2025-08-01 03:32:01.166 [info] > git for-each-ref --format=%(refname)%00%(upstream:short)%00%(objectname)%00%(upstream:track)%00%(upstream:remotename)%00%(upstream:remoteref) refs/heads/main refs/remotes/main [1ms]
2025-08-01 03:32:01.180 [warning] [Git][revParse] Unable to read file: ENOENT: no such file or directory, open '/home/heisenberg/.config/.git/refs/remotes/origin/main'
2025-08-01 03:32:01.180 [info] > git rev-parse refs/remotes/origin/main [0ms]
2025-08-01 03:32:01.210 [info] > git status -z -uall [16ms]
2025-08-01 03:32:01.213 [info] > git for-each-ref --sort -committerdate --format %(refname)%00%(objectname)%00%(*objectname) [4ms]
2025-08-01 03:32:16.142 [info] > git config --get commit.template [2ms]
2025-08-01 03:32:16.166 [info] > git for-each-ref --format=%(refname)%00%(upstream:short)%00%(objectname)%00%(upstream:track)%00%(upstream:remotename)%00%(upstream:remoteref) refs/heads/main refs/remotes/main [2ms]
2025-08-01 03:32:16.186 [warning] [Git][revParse] Unable to read file: ENOENT: no such file or directory, open '/home/heisenberg/.config/.git/refs/remotes/origin/main'
2025-08-01 03:32:16.187 [info] > git rev-parse refs/remotes/origin/main [1ms]
2025-08-01 03:32:16.229 [info] > git status -z -uall [22ms]
2025-08-01 03:32:16.234 [info] > git for-each-ref --sort -committerdate --format %(refname)%00%(objectname)%00%(*objectname) [7ms]
2025-08-01 03:32:21.317 [info] > git config --get commit.template [16ms]
2025-08-01 03:32:21.317 [info] > git for-each-ref --format=%(refname)%00%(upstream:short)%00%(objectname)%00%(upstream:track)%00%(upstream:remotename)%00%(upstream:remoteref) refs/heads/main refs/remotes/main [1ms]
2025-08-01 03:32:21.330 [warning] [Git][revParse] Unable to read file: ENOENT: no such file or directory, open '/home/heisenberg/.config/.git/refs/remotes/origin/main'
2025-08-01 03:32:21.331 [info] > git rev-parse refs/remotes/origin/main [1ms]
2025-08-01 03:32:21.360 [info] > git status -z -uall [15ms]
2025-08-01 03:32:21.363 [info] > git for-each-ref --sort -committerdate --format %(refname)%00%(objectname)%00%(*objectname) [3ms]
2025-08-01 03:32:26.437 [info] > git config --get commit.template [14ms]
2025-08-01 03:32:26.437 [info] > git for-each-ref --format=%(refname)%00%(upstream:short)%00%(objectname)%00%(upstream:track)%00%(upstream:remotename)%00%(upstream:remoteref) refs/heads/main refs/remotes/main [1ms]
2025-08-01 03:32:26.452 [warning] [Git][revParse] Unable to read file: ENOENT: no such file or directory, open '/home/heisenberg/.config/.git/refs/remotes/origin/main'
2025-08-01 03:32:26.452 [info] > git rev-parse refs/remotes/origin/main [1ms]
2025-08-01 03:32:26.483 [info] > git status -z -uall [16ms]
2025-08-01 03:32:26.486 [info] > git for-each-ref --sort -committerdate --format %(refname)%00%(objectname)%00%(*objectname) [4ms]
2025-08-01 03:32:31.553 [info] > git config --get commit.template [16ms]
2025-08-01 03:32:31.553 [info] > git for-each-ref --format=%(refname)%00%(upstream:short)%00%(objectname)%00%(upstream:track)%00%(upstream:remotename)%00%(upstream:remoteref) refs/heads/main refs/remotes/main [1ms]
2025-08-01 03:32:31.568 [warning] [Git][revParse] Unable to read file: ENOENT: no such file or directory, open '/home/heisenberg/.config/.git/refs/remotes/origin/main'
2025-08-01 03:32:31.569 [info] > git rev-parse refs/remotes/origin/main [1ms]
2025-08-01 03:32:31.602 [info] > git status -z -uall [18ms]
2025-08-01 03:32:31.605 [info] > git for-each-ref --sort -committerdate --format %(refname)%00%(objectname)%00%(*objectname) [5ms]
2025-08-01 03:32:36.668 [info] > git config --get commit.template [13ms]
2025-08-01 03:32:36.669 [info] > git for-each-ref --format=%(refname)%00%(upstream:short)%00%(objectname)%00%(upstream:track)%00%(upstream:remotename)%00%(upstream:remoteref) refs/heads/main refs/remotes/main [1ms]
2025-08-01 03:32:36.682 [warning] [Git][revParse] Unable to read file: ENOENT: no such file or directory, open '/home/heisenberg/.config/.git/refs/remotes/origin/main'
2025-08-01 03:32:36.683 [info] > git rev-parse refs/remotes/origin/main [1ms]
2025-08-01 03:32:36.711 [info] > git status -z -uall [16ms]
2025-08-01 03:32:36.714 [info] > git for-each-ref --sort -committerdate --format %(refname)%00%(objectname)%00%(*objectname) [3ms]
2025-08-01 03:32:41.776 [info] > git config --get commit.template [16ms]
2025-08-01 03:32:41.776 [info] > git for-each-ref --format=%(refname)%00%(upstream:short)%00%(objectname)%00%(upstream:track)%00%(upstream:remotename)%00%(upstream:remoteref) refs/heads/main refs/remotes/main [1ms]
2025-08-01 03:32:41.791 [warning] [Git][revParse] Unable to read file: ENOENT: no such file or directory, open '/home/heisenberg/.config/.git/refs/remotes/origin/main'
2025-08-01 03:32:41.792 [info] > git rev-parse refs/remotes/origin/main [1ms]
2025-08-01 03:32:41.823 [info] > git status -z -uall [17ms]
2025-08-01 03:32:41.826 [info] > git for-each-ref --sort -committerdate --format %(refname)%00%(objectname)%00%(*objectname) [4ms]
2025-08-01 03:32:46.887 [info] > git config --get commit.template [11ms]
2025-08-01 03:32:46.888 [info] > git for-each-ref --format=%(refname)%00%(upstream:short)%00%(objectname)%00%(upstream:track)%00%(upstream:remotename)%00%(upstream:remoteref) refs/heads/main refs/remotes/main [1ms]
2025-08-01 03:32:46.899 [warning] [Git][revParse] Unable to read file: ENOENT: no such file or directory, open '/home/heisenberg/.config/.git/refs/remotes/origin/main'
2025-08-01 03:32:46.900 [info] > git rev-parse refs/remotes/origin/main [1ms]
2025-08-01 03:32:46.927 [info] > git status -z -uall [15ms]
2025-08-01 03:32:46.929 [info] > git for-each-ref --sort -committerdate --format %(refname)%00%(objectname)%00%(*objectname) [3ms]
2025-08-01 03:32:59.467 [info] > git config --get commit.template [1ms]
2025-08-01 03:32:59.488 [info] > git for-each-ref --format=%(refname)%00%(upstream:short)%00%(objectname)%00%(upstream:track)%00%(upstream:remotename)%00%(upstream:remoteref) refs/heads/main refs/remotes/main [1ms]
2025-08-01 03:32:59.507 [warning] [Git][revParse] Unable to read file: ENOENT: no such file or directory, open '/home/heisenberg/.config/.git/refs/remotes/origin/main'
2025-08-01 03:32:59.509 [info] > git rev-parse refs/remotes/origin/main [2ms]
2025-08-01 03:32:59.549 [info] > git status -z -uall [22ms]
2025-08-01 03:32:59.553 [info] > git for-each-ref --sort -committerdate --format %(refname)%00%(objectname)%00%(*objectname) [5ms]
2025-08-01 03:33:04.621 [info] > git config --get commit.template [13ms]
2025-08-01 03:33:04.622 [info] > git for-each-ref --format=%(refname)%00%(upstream:short)%00%(objectname)%00%(upstream:track)%00%(upstream:remotename)%00%(upstream:remoteref) refs/heads/main refs/remotes/main [2ms]
2025-08-01 03:33:04.635 [warning] [Git][revParse] Unable to read file: ENOENT: no such file or directory, open '/home/heisenberg/.config/.git/refs/remotes/origin/main'
2025-08-01 03:33:04.636 [info] > git rev-parse refs/remotes/origin/main [1ms]
2025-08-01 03:33:04.664 [info] > git status -z -uall [15ms]
2025-08-01 03:33:04.667 [info] > git for-each-ref --sort -committerdate --format %(refname)%00%(objectname)%00%(*objectname) [4ms]
2025-08-01 03:33:24.546 [info] > git config --get commit.template [18ms]
2025-08-01 03:33:24.547 [info] > git for-each-ref --format=%(refname)%00%(upstream:short)%00%(objectname)%00%(upstream:track)%00%(upstream:remotename)%00%(upstream:remoteref) refs/heads/main refs/remotes/main [1ms]
2025-08-01 03:33:24.565 [warning] [Git][revParse] Unable to read file: ENOENT: no such file or directory, open '/home/heisenberg/.config/.git/refs/remotes/origin/main'
2025-08-01 03:33:24.566 [info] > git rev-parse refs/remotes/origin/main [1ms]
2025-08-01 03:33:24.599 [info] > git status -z -uall [17ms]
2025-08-01 03:33:24.602 [info] > git for-each-ref --sort -committerdate --format %(refname)%00%(objectname)%00%(*objectname) [4ms]
2025-08-01 03:33:29.666 [info] > git config --get commit.template [11ms]
2025-08-01 03:33:29.667 [info] > git for-each-ref --format=%(refname)%00%(upstream:short)%00%(objectname)%00%(upstream:track)%00%(upstream:remotename)%00%(upstream:remoteref) refs/heads/main refs/remotes/main [1ms]
2025-08-01 03:33:29.679 [warning] [Git][revParse] Unable to read file: ENOENT: no such file or directory, open '/home/heisenberg/.config/.git/refs/remotes/origin/main'
2025-08-01 03:33:29.679 [info] > git rev-parse refs/remotes/origin/main [1ms]
2025-08-01 03:33:29.706 [info] > git status -z -uall [14ms]
2025-08-01 03:33:29.721 [info] > git for-each-ref --sort -committerdate --format %(refname)%00%(objectname)%00%(*objectname) [15ms]
2025-08-01 03:33:34.784 [info] > git config --get commit.template [15ms]
2025-08-01 03:33:34.784 [info] > git for-each-ref --format=%(refname)%00%(upstream:short)%00%(objectname)%00%(upstream:track)%00%(upstream:remotename)%00%(upstream:remoteref) refs/heads/main refs/remotes/main [1ms]
2025-08-01 03:33:34.798 [warning] [Git][revParse] Unable to read file: ENOENT: no such file or directory, open '/home/heisenberg/.config/.git/refs/remotes/origin/main'
2025-08-01 03:33:34.799 [info] > git rev-parse refs/remotes/origin/main [1ms]
2025-08-01 03:33:34.829 [info] > git status -z -uall [16ms]
2025-08-01 03:33:34.832 [info] > git for-each-ref --sort -committerdate --format %(refname)%00%(objectname)%00%(*objectname) [4ms]
2025-08-01 03:33:39.881 [info] > git config --get commit.template [1ms]
2025-08-01 03:33:39.896 [info] > git for-each-ref --format=%(refname)%00%(upstream:short)%00%(objectname)%00%(upstream:track)%00%(upstream:remotename)%00%(upstream:remoteref) refs/heads/main refs/remotes/main [1ms]
2025-08-01 03:33:39.911 [warning] [Git][revParse] Unable to read file: ENOENT: no such file or directory, open '/home/heisenberg/.config/.git/refs/remotes/origin/main'
2025-08-01 03:33:39.912 [info] > git rev-parse refs/remotes/origin/main [1ms]
2025-08-01 03:33:39.942 [info] > git status -z -uall [16ms]
2025-08-01 03:33:39.945 [info] > git for-each-ref --sort -committerdate --format %(refname)%00%(objectname)%00%(*objectname) [4ms]
2025-08-01 03:33:45.010 [info] > git config --get commit.template [14ms]
2025-08-01 03:33:45.010 [info] > git for-each-ref --format=%(refname)%00%(upstream:short)%00%(objectname)%00%(upstream:track)%00%(upstream:remotename)%00%(upstream:remoteref) refs/heads/main refs/remotes/main [1ms]
2025-08-01 03:33:45.024 [warning] [Git][revParse] Unable to read file: ENOENT: no such file or directory, open '/home/heisenberg/.config/.git/refs/remotes/origin/main'
2025-08-01 03:33:45.025 [info] > git rev-parse refs/remotes/origin/main [1ms]
2025-08-01 03:33:45.055 [info] > git status -z -uall [16ms]
2025-08-01 03:33:45.058 [info] > git for-each-ref --sort -committerdate --format %(refname)%00%(objectname)%00%(*objectname) [4ms]
2025-08-01 03:33:50.123 [info] > git config --get commit.template [14ms]
2025-08-01 03:33:50.124 [info] > git for-each-ref --format=%(refname)%00%(upstream:short)%00%(objectname)%00%(upstream:track)%00%(upstream:remotename)%00%(upstream:remoteref) refs/heads/main refs/remotes/main [1ms]
2025-08-01 03:33:50.137 [warning] [Git][revParse] Unable to read file: ENOENT: no such file or directory, open '/home/heisenberg/.config/.git/refs/remotes/origin/main'
2025-08-01 03:33:50.138 [info] > git rev-parse refs/remotes/origin/main [1ms]
2025-08-01 03:33:50.168 [info] > git status -z -uall [16ms]
2025-08-01 03:33:50.171 [info] > git for-each-ref --sort -committerdate --format %(refname)%00%(objectname)%00%(*objectname) [4ms]
2025-08-01 03:33:55.232 [info] > git config --get commit.template [14ms]
2025-08-01 03:33:55.232 [info] > git for-each-ref --format=%(refname)%00%(upstream:short)%00%(objectname)%00%(upstream:track)%00%(upstream:remotename)%00%(upstream:remoteref) refs/heads/main refs/remotes/main [1ms]
2025-08-01 03:33:55.246 [warning] [Git][revParse] Unable to read file: ENOENT: no such file or directory, open '/home/heisenberg/.config/.git/refs/remotes/origin/main'
2025-08-01 03:33:55.246 [info] > git rev-parse refs/remotes/origin/main [0ms]
2025-08-01 03:33:55.278 [info] > git status -z -uall [17ms]
2025-08-01 03:33:55.278 [info] > git for-each-ref --sort -committerdate --format %(refname)%00%(objectname)%00%(*objectname) [2ms]
2025-08-01 03:34:06.830 [info] > git check-ignore -v -z --stdin [2ms]
2025-08-01 03:34:11.550 [info] > git config --get commit.template [21ms]
2025-08-01 03:34:11.550 [info] > git for-each-ref --format=%(refname)%00%(upstream:short)%00%(objectname)%00%(upstream:track)%00%(upstream:remotename)%00%(upstream:remoteref) refs/heads/main refs/remotes/main [2ms]
2025-08-01 03:34:11.570 [warning] [Git][revParse] Unable to read file: ENOENT: no such file or directory, open '/home/heisenberg/.config/.git/refs/remotes/origin/main'
2025-08-01 03:34:11.571 [info] > git rev-parse refs/remotes/origin/main [1ms]
2025-08-01 03:34:11.617 [info] > git status -z -uall [27ms]
2025-08-01 03:34:11.621 [info] > git for-each-ref --sort -committerdate --format %(refname)%00%(objectname)%00%(*objectname) [6ms]
2025-08-01 03:38:06.742 [info] > git config --get commit.template [1ms]
2025-08-01 03:38:06.756 [info] > git for-each-ref --format=%(refname)%00%(upstream:short)%00%(objectname)%00%(upstream:track)%00%(upstream:remotename)%00%(upstream:remoteref) refs/heads/main refs/remotes/main [1ms]
2025-08-01 03:38:06.769 [warning] [Git][revParse] Unable to read file: ENOENT: no such file or directory, open '/home/heisenberg/.config/.git/refs/remotes/origin/main'
2025-08-01 03:38:06.770 [info] > git rev-parse refs/remotes/origin/main [1ms]
2025-08-01 03:38:06.800 [info] > git status -z -uall [16ms]
2025-08-01 03:38:06.805 [info] > git for-each-ref --sort -committerdate --format %(refname)%00%(objectname)%00%(*objectname) [7ms]
2025-08-01 03:38:11.884 [info] > git config --get commit.template [13ms]
2025-08-01 03:38:11.885 [info] > git for-each-ref --format=%(refname)%00%(upstream:short)%00%(objectname)%00%(upstream:track)%00%(upstream:remotename)%00%(upstream:remoteref) refs/heads/main refs/remotes/main [1ms]
2025-08-01 03:38:11.899 [warning] [Git][revParse] Unable to read file: ENOENT: no such file or directory, open '/home/heisenberg/.config/.git/refs/remotes/origin/main'
2025-08-01 03:38:11.900 [info] > git rev-parse refs/remotes/origin/main [1ms]
2025-08-01 03:38:11.930 [info] > git status -z -uall [16ms]
2025-08-01 03:38:11.935 [info] > git for-each-ref --sort -committerdate --format %(refname)%00%(objectname)%00%(*objectname) [6ms]
2025-08-01 03:38:46.071 [info] > git config --get commit.template [16ms]
2025-08-01 03:38:46.071 [info] > git for-each-ref --format=%(refname)%00%(upstream:short)%00%(objectname)%00%(upstream:track)%00%(upstream:remotename)%00%(upstream:remoteref) refs/heads/main refs/remotes/main [1ms]
2025-08-01 03:38:46.086 [warning] [Git][revParse] Unable to read file: ENOENT: no such file or directory, open '/home/heisenberg/.config/.git/refs/remotes/origin/main'
2025-08-01 03:38:46.087 [info] > git rev-parse refs/remotes/origin/main [1ms]
2025-08-01 03:38:46.118 [info] > git status -z -uall [17ms]
2025-08-01 03:38:46.122 [info] > git for-each-ref --sort -committerdate --format %(refname)%00%(objectname)%00%(*objectname) [6ms]
2025-08-01 03:39:11.807 [info] > git config --get commit.template [21ms]
2025-08-01 03:39:11.808 [info] > git for-each-ref --format=%(refname)%00%(upstream:short)%00%(objectname)%00%(upstream:track)%00%(upstream:remotename)%00%(upstream:remoteref) refs/heads/main refs/remotes/main [2ms]
2025-08-01 03:39:11.825 [warning] [Git][revParse] Unable to read file: ENOENT: no such file or directory, open '/home/heisenberg/.config/.git/refs/remotes/origin/main'
2025-08-01 03:39:11.826 [info] > git rev-parse refs/remotes/origin/main [1ms]
2025-08-01 03:39:11.860 [info] > git status -z -uall [18ms]
2025-08-01 03:39:11.867 [info] > git for-each-ref --sort -committerdate --format %(refname)%00%(objectname)%00%(*objectname) [8ms]
2025-08-01 03:39:16.945 [info] > git config --get commit.template [12ms]
2025-08-01 03:39:16.945 [info] > git for-each-ref --format=%(refname)%00%(upstream:short)%00%(objectname)%00%(upstream:track)%00%(upstream:remotename)%00%(upstream:remoteref) refs/heads/main refs/remotes/main [1ms]
2025-08-01 03:39:16.957 [warning] [Git][revParse] Unable to read file: ENOENT: no such file or directory, open '/home/heisenberg/.config/.git/refs/remotes/origin/main'
2025-08-01 03:39:16.959 [info] > git rev-parse refs/remotes/origin/main [2ms]
2025-08-01 03:39:16.986 [info] > git status -z -uall [15ms]
2025-08-01 03:39:16.990 [info] > git for-each-ref --sort -committerdate --format %(refname)%00%(objectname)%00%(*objectname) [4ms]
2025-08-01 03:39:33.585 [info] > git for-each-ref --format=%(refname)%00%(upstream:short)%00%(objectname)%00%(upstream:track)%00%(upstream:remotename)%00%(upstream:remoteref) refs/heads/main refs/remotes/main [3ms]
2025-08-01 03:39:33.585 [info] > git config --get commit.template [21ms]
2025-08-01 03:39:33.601 [warning] [Git][revParse] Unable to read file: ENOENT: no such file or directory, open '/home/heisenberg/.config/.git/refs/remotes/origin/main'
2025-08-01 03:39:33.603 [info] > git rev-parse refs/remotes/origin/main [1ms]
2025-08-01 03:39:33.638 [info] > git status -z -uall [18ms]
2025-08-01 03:39:33.642 [info] > git for-each-ref --sort -committerdate --format %(refname)%00%(objectname)%00%(*objectname) [5ms]
2025-08-01 03:39:41.406 [info] > git config --get commit.template [18ms]
2025-08-01 03:39:41.406 [info] > git for-each-ref --format=%(refname)%00%(upstream:short)%00%(objectname)%00%(upstream:track)%00%(upstream:remotename)%00%(upstream:remoteref) refs/heads/main refs/remotes/main [1ms]
2025-08-01 03:39:41.422 [warning] [Git][revParse] Unable to read file: ENOENT: no such file or directory, open '/home/heisenberg/.config/.git/refs/remotes/origin/main'
2025-08-01 03:39:41.423 [info] > git rev-parse refs/remotes/origin/main [1ms]
2025-08-01 03:39:41.457 [info] > git status -z -uall [18ms]
2025-08-01 03:39:41.461 [info] > git for-each-ref --sort -committerdate --format %(refname)%00%(objectname)%00%(*objectname) [5ms]
2025-08-01 03:39:46.529 [info] > git config --get commit.template [14ms]
2025-08-01 03:39:46.530 [info] > git for-each-ref --format=%(refname)%00%(upstream:short)%00%(objectname)%00%(upstream:track)%00%(upstream:remotename)%00%(upstream:remoteref) refs/heads/main refs/remotes/main [2ms]
2025-08-01 03:39:46.541 [warning] [Git][revParse] Unable to read file: ENOENT: no such file or directory, open '/home/heisenberg/.config/.git/refs/remotes/origin/main'
2025-08-01 03:39:46.542 [info] > git rev-parse refs/remotes/origin/main [1ms]
2025-08-01 03:39:46.565 [info] > git status -z -uall [13ms]
2025-08-01 03:39:46.568 [info] > git for-each-ref --sort -committerdate --format %(refname)%00%(objectname)%00%(*objectname) [4ms]
2025-08-01 03:39:51.632 [info] > git config --get commit.template [15ms]
2025-08-01 03:39:51.632 [info] > git for-each-ref --format=%(refname)%00%(upstream:short)%00%(objectname)%00%(upstream:track)%00%(upstream:remotename)%00%(upstream:remoteref) refs/heads/main refs/remotes/main [1ms]
2025-08-01 03:39:51.647 [warning] [Git][revParse] Unable to read file: ENOENT: no such file or directory, open '/home/heisenberg/.config/.git/refs/remotes/origin/main'
2025-08-01 03:39:51.648 [info] > git rev-parse refs/remotes/origin/main [1ms]
2025-08-01 03:39:51.677 [info] > git status -z -uall [15ms]
2025-08-01 03:39:51.681 [info] > git for-each-ref --sort -committerdate --format %(refname)%00%(objectname)%00%(*objectname) [4ms]
2025-08-01 03:39:56.733 [info] > git config --get commit.template [1ms]
2025-08-01 03:39:56.748 [info] > git for-each-ref --format=%(refname)%00%(upstream:short)%00%(objectname)%00%(upstream:track)%00%(upstream:remotename)%00%(upstream:remoteref) refs/heads/main refs/remotes/main [1ms]
2025-08-01 03:39:56.762 [warning] [Git][revParse] Unable to read file: ENOENT: no such file or directory, open '/home/heisenberg/.config/.git/refs/remotes/origin/main'
2025-08-01 03:39:56.763 [info] > git rev-parse refs/remotes/origin/main [1ms]
2025-08-01 03:39:56.792 [info] > git status -z -uall [15ms]
2025-08-01 03:39:56.796 [info] > git for-each-ref --sort -committerdate --format %(refname)%00%(objectname)%00%(*objectname) [5ms]
2025-08-01 03:40:01.865 [info] > git config --get commit.template [14ms]
2025-08-01 03:40:01.865 [info] > git for-each-ref --format=%(refname)%00%(upstream:short)%00%(objectname)%00%(upstream:track)%00%(upstream:remotename)%00%(upstream:remoteref) refs/heads/main refs/remotes/main [1ms]
2025-08-01 03:40:01.879 [warning] [Git][revParse] Unable to read file: ENOENT: no such file or directory, open '/home/heisenberg/.config/.git/refs/remotes/origin/main'
2025-08-01 03:40:01.880 [info] > git rev-parse refs/remotes/origin/main [1ms]
2025-08-01 03:40:01.910 [info] > git status -z -uall [16ms]
2025-08-01 03:40:01.913 [info] > git for-each-ref --sort -committerdate --format %(refname)%00%(objectname)%00%(*objectname) [4ms]
2025-08-01 03:40:19.238 [info] > git config --get commit.template [17ms]
2025-08-01 03:40:19.239 [info] > git for-each-ref --format=%(refname)%00%(upstream:short)%00%(objectname)%00%(upstream:track)%00%(upstream:remotename)%00%(upstream:remoteref) refs/heads/main refs/remotes/main [1ms]
2025-08-01 03:40:19.255 [warning] [Git][revParse] Unable to read file: ENOENT: no such file or directory, open '/home/heisenberg/.config/.git/refs/remotes/origin/main'
2025-08-01 03:40:19.256 [info] > git rev-parse refs/remotes/origin/main [1ms]
2025-08-01 03:40:19.291 [info] > git status -z -uall [18ms]
2025-08-01 03:40:19.294 [info] > git for-each-ref --sort -committerdate --format %(refname)%00%(objectname)%00%(*objectname) [4ms]
2025-08-01 03:40:51.506 [info] > git config --get commit.template [17ms]
2025-08-01 03:40:51.507 [info] > git for-each-ref --format=%(refname)%00%(upstream:short)%00%(objectname)%00%(upstream:track)%00%(upstream:remotename)%00%(upstream:remoteref) refs/heads/main refs/remotes/main [1ms]
2025-08-01 03:40:51.522 [warning] [Git][revParse] Unable to read file: ENOENT: no such file or directory, open '/home/heisenberg/.config/.git/refs/remotes/origin/main'
2025-08-01 03:40:51.523 [info] > git rev-parse refs/remotes/origin/main [1ms]
2025-08-01 03:40:51.555 [info] > git status -z -uall [17ms]
2025-08-01 03:40:51.558 [info] > git for-each-ref --sort -committerdate --format %(refname)%00%(objectname)%00%(*objectname) [4ms]
2025-08-01 03:41:41.061 [info] > git config --get commit.template [1ms]
2025-08-01 03:41:41.080 [info] > git for-each-ref --format=%(refname)%00%(upstream:short)%00%(objectname)%00%(upstream:track)%00%(upstream:remotename)%00%(upstream:remoteref) refs/heads/main refs/remotes/main [1ms]
2025-08-01 03:41:41.096 [warning] [Git][revParse] Unable to read file: ENOENT: no such file or directory, open '/home/heisenberg/.config/.git/refs/remotes/origin/main'
2025-08-01 03:41:41.097 [info] > git rev-parse refs/remotes/origin/main [1ms]
2025-08-01 03:41:41.132 [info] > git status -z -uall [19ms]
2025-08-01 03:41:41.135 [info] > git for-each-ref --sort -committerdate --format %(refname)%00%(objectname)%00%(*objectname) [5ms]
2025-08-01 03:41:46.204 [info] > git config --get commit.template [15ms]
2025-08-01 03:41:46.204 [info] > git for-each-ref --format=%(refname)%00%(upstream:short)%00%(objectname)%00%(upstream:track)%00%(upstream:remotename)%00%(upstream:remoteref) refs/heads/main refs/remotes/main [1ms]
2025-08-01 03:41:46.218 [warning] [Git][revParse] Unable to read file: ENOENT: no such file or directory, open '/home/heisenberg/.config/.git/refs/remotes/origin/main'
2025-08-01 03:41:46.219 [info] > git rev-parse refs/remotes/origin/main [1ms]
2025-08-01 03:41:46.250 [info] > git status -z -uall [16ms]
2025-08-01 03:41:46.254 [info] > git for-each-ref --sort -committerdate --format %(refname)%00%(objectname)%00%(*objectname) [5ms]
2025-08-01 03:41:51.328 [info] > git config --get commit.template [12ms]
2025-08-01 03:41:51.329 [info] > git for-each-ref --format=%(refname)%00%(upstream:short)%00%(objectname)%00%(upstream:track)%00%(upstream:remotename)%00%(upstream:remoteref) refs/heads/main refs/remotes/main [1ms]
2025-08-01 03:41:51.342 [warning] [Git][revParse] Unable to read file: ENOENT: no such file or directory, open '/home/heisenberg/.config/.git/refs/remotes/origin/main'
2025-08-01 03:41:51.343 [info] > git rev-parse refs/remotes/origin/main [1ms]
2025-08-01 03:41:51.369 [info] > git status -z -uall [14ms]
2025-08-01 03:41:51.371 [info] > git for-each-ref --sort -committerdate --format %(refname)%00%(objectname)%00%(*objectname) [3ms]
2025-08-01 03:42:07.452 [info] > git config --get commit.template [21ms]
2025-08-01 03:42:07.453 [info] > git for-each-ref --format=%(refname)%00%(upstream:short)%00%(objectname)%00%(upstream:track)%00%(upstream:remotename)%00%(upstream:remoteref) refs/heads/main refs/remotes/main [1ms]
2025-08-01 03:42:07.469 [warning] [Git][revParse] Unable to read file: ENOENT: no such file or directory, open '/home/heisenberg/.config/.git/refs/remotes/origin/main'
2025-08-01 03:42:07.470 [info] > git rev-parse refs/remotes/origin/main [1ms]
2025-08-01 03:42:07.506 [info] > git status -z -uall [19ms]
2025-08-01 03:42:07.516 [info] > git for-each-ref --sort -committerdate --format %(refname)%00%(objectname)%00%(*objectname) [10ms]
2025-08-01 03:42:12.611 [info] > git config --get commit.template [15ms]
2025-08-01 03:42:12.612 [info] > git for-each-ref --format=%(refname)%00%(upstream:short)%00%(objectname)%00%(upstream:track)%00%(upstream:remotename)%00%(upstream:remoteref) refs/heads/main refs/remotes/main [1ms]
2025-08-01 03:42:12.626 [warning] [Git][revParse] Unable to read file: ENOENT: no such file or directory, open '/home/heisenberg/.config/.git/refs/remotes/origin/main'
2025-08-01 03:42:12.627 [info] > git rev-parse refs/remotes/origin/main [1ms]
2025-08-01 03:42:12.656 [info] > git status -z -uall [15ms]
2025-08-01 03:42:12.660 [info] > git for-each-ref --sort -committerdate --format %(refname)%00%(objectname)%00%(*objectname) [4ms]
2025-08-01 03:42:17.727 [info] > git config --get commit.template [15ms]
2025-08-01 03:42:17.728 [info] > git for-each-ref --format=%(refname)%00%(upstream:short)%00%(objectname)%00%(upstream:track)%00%(upstream:remotename)%00%(upstream:remoteref) refs/heads/main refs/remotes/main [1ms]
2025-08-01 03:42:17.743 [warning] [Git][revParse] Unable to read file: ENOENT: no such file or directory, open '/home/heisenberg/.config/.git/refs/remotes/origin/main'
2025-08-01 03:42:17.744 [info] > git rev-parse refs/remotes/origin/main [1ms]
2025-08-01 03:42:17.780 [info] > git status -z -uall [19ms]
2025-08-01 03:42:17.785 [info] > git for-each-ref --sort -committerdate --format %(refname)%00%(objectname)%00%(*objectname) [6ms]
2025-08-01 03:42:22.858 [info] > git config --get commit.template [15ms]
2025-08-01 03:42:22.859 [info] > git for-each-ref --format=%(refname)%00%(upstream:short)%00%(objectname)%00%(upstream:track)%00%(upstream:remotename)%00%(upstream:remoteref) refs/heads/main refs/remotes/main [1ms]
2025-08-01 03:42:22.874 [warning] [Git][revParse] Unable to read file: ENOENT: no such file or directory, open '/home/heisenberg/.config/.git/refs/remotes/origin/main'
2025-08-01 03:42:22.875 [info] > git rev-parse refs/remotes/origin/main [1ms]
2025-08-01 03:42:22.905 [info] > git status -z -uall [16ms]
2025-08-01 03:42:22.911 [info] > git for-each-ref --sort -committerdate --format %(refname)%00%(objectname)%00%(*objectname) [7ms]
2025-08-01 03:42:45.686 [info] > git config --get commit.template [19ms]
2025-08-01 03:42:45.686 [info] > git for-each-ref --format=%(refname)%00%(upstream:short)%00%(objectname)%00%(upstream:track)%00%(upstream:remotename)%00%(upstream:remoteref) refs/heads/main refs/remotes/main [1ms]
2025-08-01 03:42:45.702 [warning] [Git][revParse] Unable to read file: ENOENT: no such file or directory, open '/home/heisenberg/.config/.git/refs/remotes/origin/main'
2025-08-01 03:42:45.703 [info] > git rev-parse refs/remotes/origin/main [2ms]
2025-08-01 03:42:45.735 [info] > git status -z -uall [17ms]
2025-08-01 03:42:45.738 [info] > git for-each-ref --sort -committerdate --format %(refname)%00%(objectname)%00%(*objectname) [5ms]
2025-08-01 03:42:55.498 [info] > git config --get commit.template [17ms]
2025-08-01 03:42:55.499 [info] > git for-each-ref --format=%(refname)%00%(upstream:short)%00%(objectname)%00%(upstream:track)%00%(upstream:remotename)%00%(upstream:remoteref) refs/heads/main refs/remotes/main [1ms]
2025-08-01 03:42:55.514 [warning] [Git][revParse] Unable to read file: ENOENT: no such file or directory, open '/home/heisenberg/.config/.git/refs/remotes/origin/main'
2025-08-01 03:42:55.515 [info] > git rev-parse refs/remotes/origin/main [1ms]
2025-08-01 03:42:55.545 [info] > git status -z -uall [16ms]
2025-08-01 03:42:55.548 [info] > git for-each-ref --sort -committerdate --format %(refname)%00%(objectname)%00%(*objectname) [4ms]
2025-08-01 03:43:00.615 [info] > git config --get commit.template [14ms]
2025-08-01 03:43:00.615 [info] > git for-each-ref --format=%(refname)%00%(upstream:short)%00%(objectname)%00%(upstream:track)%00%(upstream:remotename)%00%(upstream:remoteref) refs/heads/main refs/remotes/main [1ms]
2025-08-01 03:43:00.628 [warning] [Git][revParse] Unable to read file: ENOENT: no such file or directory, open '/home/heisenberg/.config/.git/refs/remotes/origin/main'
2025-08-01 03:43:00.629 [info] > git rev-parse refs/remotes/origin/main [1ms]
2025-08-01 03:43:00.658 [info] > git status -z -uall [15ms]
2025-08-01 03:43:00.661 [info] > git for-each-ref --sort -committerdate --format %(refname)%00%(objectname)%00%(*objectname) [4ms]
2025-08-01 03:43:05.727 [info] > git config --get commit.template [16ms]
2025-08-01 03:43:05.728 [info] > git for-each-ref --format=%(refname)%00%(upstream:short)%00%(objectname)%00%(upstream:track)%00%(upstream:remotename)%00%(upstream:remoteref) refs/heads/main refs/remotes/main [2ms]
2025-08-01 03:43:05.744 [warning] [Git][revParse] Unable to read file: ENOENT: no such file or directory, open '/home/heisenberg/.config/.git/refs/remotes/origin/main'
2025-08-01 03:43:05.746 [info] > git rev-parse refs/remotes/origin/main [2ms]
2025-08-01 03:43:05.780 [info] > git status -z -uall [17ms]
2025-08-01 03:43:05.784 [info] > git for-each-ref --sort -committerdate --format %(refname)%00%(objectname)%00%(*objectname) [5ms]
2025-08-01 03:43:26.978 [info] > git config --get commit.template [18ms]
2025-08-01 03:43:26.979 [info] > git for-each-ref --format=%(refname)%00%(upstream:short)%00%(objectname)%00%(upstream:track)%00%(upstream:remotename)%00%(upstream:remoteref) refs/heads/main refs/remotes/main [2ms]
2025-08-01 03:43:26.996 [warning] [Git][revParse] Unable to read file: ENOENT: no such file or directory, open '/home/heisenberg/.config/.git/refs/remotes/origin/main'
2025-08-01 03:43:26.997 [info] > git rev-parse refs/remotes/origin/main [1ms]
2025-08-01 03:43:27.039 [info] > git status -z -uall [29ms]
2025-08-01 03:43:27.039 [info] > git for-each-ref --sort -committerdate --format %(refname)%00%(objectname)%00%(*objectname) [15ms]
2025-08-01 03:43:32.099 [info] > git config --get commit.template [13ms]
2025-08-01 03:43:32.100 [info] > git for-each-ref --format=%(refname)%00%(upstream:short)%00%(objectname)%00%(upstream:track)%00%(upstream:remotename)%00%(upstream:remoteref) refs/heads/main refs/remotes/main [1ms]
2025-08-01 03:43:32.113 [warning] [Git][revParse] Unable to read file: ENOENT: no such file or directory, open '/home/heisenberg/.config/.git/refs/remotes/origin/main'
2025-08-01 03:43:32.114 [info] > git rev-parse refs/remotes/origin/main [1ms]
2025-08-01 03:43:32.140 [info] > git status -z -uall [13ms]
2025-08-01 03:43:32.142 [info] > git for-each-ref --sort -committerdate --format %(refname)%00%(objectname)%00%(*objectname) [3ms]
2025-08-01 03:43:48.444 [info] > git config --get commit.template [23ms]
2025-08-01 03:43:48.445 [info] > git for-each-ref --format=%(refname)%00%(upstream:short)%00%(objectname)%00%(upstream:track)%00%(upstream:remotename)%00%(upstream:remoteref) refs/heads/main refs/remotes/main [1ms]
2025-08-01 03:43:48.462 [warning] [Git][revParse] Unable to read file: ENOENT: no such file or directory, open '/home/heisenberg/.config/.git/refs/remotes/origin/main'
2025-08-01 03:43:48.463 [info] > git rev-parse refs/remotes/origin/main [1ms]
2025-08-01 03:43:48.498 [info] > git status -z -uall [19ms]
2025-08-01 03:43:48.502 [info] > git for-each-ref --sort -committerdate --format %(refname)%00%(objectname)%00%(*objectname) [5ms]
2025-08-01 03:43:53.569 [info] > git config --get commit.template [14ms]
2025-08-01 03:43:53.569 [info] > git for-each-ref --format=%(refname)%00%(upstream:short)%00%(objectname)%00%(upstream:track)%00%(upstream:remotename)%00%(upstream:remoteref) refs/heads/main refs/remotes/main [1ms]
2025-08-01 03:43:53.584 [warning] [Git][revParse] Unable to read file: ENOENT: no such file or directory, open '/home/heisenberg/.config/.git/refs/remotes/origin/main'
2025-08-01 03:43:53.585 [info] > git rev-parse refs/remotes/origin/main [1ms]
2025-08-01 03:43:53.618 [info] > git status -z -uall [19ms]
2025-08-01 03:43:53.621 [info] > git for-each-ref --sort -committerdate --format %(refname)%00%(objectname)%00%(*objectname) [5ms]
2025-08-01 03:43:58.691 [info] > git config --get commit.template [15ms]
2025-08-01 03:43:58.692 [info] > git for-each-ref --format=%(refname)%00%(upstream:short)%00%(objectname)%00%(upstream:track)%00%(upstream:remotename)%00%(upstream:remoteref) refs/heads/main refs/remotes/main [1ms]
2025-08-01 03:43:58.706 [warning] [Git][revParse] Unable to read file: ENOENT: no such file or directory, open '/home/heisenberg/.config/.git/refs/remotes/origin/main'
2025-08-01 03:43:58.707 [info] > git rev-parse refs/remotes/origin/main [1ms]
2025-08-01 03:43:58.739 [info] > git status -z -uall [17ms]
2025-08-01 03:43:58.742 [info] > git for-each-ref --sort -committerdate --format %(refname)%00%(objectname)%00%(*objectname) [4ms]
2025-08-01 03:44:03.808 [info] > git config --get commit.template [15ms]
2025-08-01 03:44:03.808 [info] > git for-each-ref --format=%(refname)%00%(upstream:short)%00%(objectname)%00%(upstream:track)%00%(upstream:remotename)%00%(upstream:remoteref) refs/heads/main refs/remotes/main [1ms]
2025-08-01 03:44:03.822 [warning] [Git][revParse] Unable to read file: ENOENT: no such file or directory, open '/home/heisenberg/.config/.git/refs/remotes/origin/main'
2025-08-01 03:44:03.822 [info] > git rev-parse refs/remotes/origin/main [1ms]
2025-08-01 03:44:03.852 [info] > git status -z -uall [16ms]
2025-08-01 03:44:03.855 [info] > git for-each-ref --sort -committerdate --format %(refname)%00%(objectname)%00%(*objectname) [4ms]
2025-08-01 03:44:08.924 [info] > git config --get commit.template [16ms]
2025-08-01 03:44:08.925 [info] > git for-each-ref --format=%(refname)%00%(upstream:short)%00%(objectname)%00%(upstream:track)%00%(upstream:remotename)%00%(upstream:remoteref) refs/heads/main refs/remotes/main [1ms]
2025-08-01 03:44:08.940 [warning] [Git][revParse] Unable to read file: ENOENT: no such file or directory, open '/home/heisenberg/.config/.git/refs/remotes/origin/main'
2025-08-01 03:44:08.941 [info] > git rev-parse refs/remotes/origin/main [1ms]
2025-08-01 03:44:08.972 [info] > git status -z -uall [16ms]
2025-08-01 03:44:08.975 [info] > git for-each-ref --sort -committerdate --format %(refname)%00%(objectname)%00%(*objectname) [4ms]
2025-08-01 03:44:18.593 [info] > git config --get commit.template [17ms]
2025-08-01 03:44:18.594 [info] > git for-each-ref --format=%(refname)%00%(upstream:short)%00%(objectname)%00%(upstream:track)%00%(upstream:remotename)%00%(upstream:remoteref) refs/heads/main refs/remotes/main [1ms]
2025-08-01 03:44:18.609 [warning] [Git][revParse] Unable to read file: ENOENT: no such file or directory, open '/home/heisenberg/.config/.git/refs/remotes/origin/main'
2025-08-01 03:44:18.610 [info] > git rev-parse refs/remotes/origin/main [1ms]
2025-08-01 03:44:18.643 [info] > git status -z -uall [17ms]
2025-08-01 03:44:18.646 [info] > git for-each-ref --sort -committerdate --format %(refname)%00%(objectname)%00%(*objectname) [4ms]
2025-08-01 03:44:23.715 [info] > git config --get commit.template [15ms]
2025-08-01 03:44:23.715 [info] > git for-each-ref --format=%(refname)%00%(upstream:short)%00%(objectname)%00%(upstream:track)%00%(upstream:remotename)%00%(upstream:remoteref) refs/heads/main refs/remotes/main [1ms]
2025-08-01 03:44:23.729 [warning] [Git][revParse] Unable to read file: ENOENT: no such file or directory, open '/home/heisenberg/.config/.git/refs/remotes/origin/main'
2025-08-01 03:44:23.730 [info] > git rev-parse refs/remotes/origin/main [1ms]
2025-08-01 03:44:23.774 [info] > git status -z -uall [30ms]
2025-08-01 03:44:23.775 [info] > git for-each-ref --sort -committerdate --format %(refname)%00%(objectname)%00%(*objectname) [15ms]
2025-08-01 03:44:28.849 [info] > git config --get commit.template [15ms]
2025-08-01 03:44:28.849 [info] > git for-each-ref --format=%(refname)%00%(upstream:short)%00%(objectname)%00%(upstream:track)%00%(upstream:remotename)%00%(upstream:remoteref) refs/heads/main refs/remotes/main [1ms]
2025-08-01 03:44:28.864 [warning] [Git][revParse] Unable to read file: ENOENT: no such file or directory, open '/home/heisenberg/.config/.git/refs/remotes/origin/main'
2025-08-01 03:44:28.865 [info] > git rev-parse refs/remotes/origin/main [1ms]
2025-08-01 03:44:28.895 [info] > git status -z -uall [16ms]
2025-08-01 03:44:28.899 [info] > git for-each-ref --sort -committerdate --format %(refname)%00%(objectname)%00%(*objectname) [5ms]
2025-08-01 03:44:33.953 [info] > git config --get commit.template [1ms]
2025-08-01 03:44:33.969 [info] > git for-each-ref --format=%(refname)%00%(upstream:short)%00%(objectname)%00%(upstream:track)%00%(upstream:remotename)%00%(upstream:remoteref) refs/heads/main refs/remotes/main [1ms]
2025-08-01 03:44:33.984 [warning] [Git][revParse] Unable to read file: ENOENT: no such file or directory, open '/home/heisenberg/.config/.git/refs/remotes/origin/main'
2025-08-01 03:44:33.985 [info] > git rev-parse refs/remotes/origin/main [1ms]
2025-08-01 03:44:34.018 [info] > git status -z -uall [18ms]
2025-08-01 03:44:34.022 [info] > git for-each-ref --sort -committerdate --format %(refname)%00%(objectname)%00%(*objectname) [5ms]
2025-08-01 03:44:39.091 [info] > git config --get commit.template [15ms]
2025-08-01 03:44:39.091 [info] > git for-each-ref --format=%(refname)%00%(upstream:short)%00%(objectname)%00%(upstream:track)%00%(upstream:remotename)%00%(upstream:remoteref) refs/heads/main refs/remotes/main [1ms]
2025-08-01 03:44:39.105 [warning] [Git][revParse] Unable to read file: ENOENT: no such file or directory, open '/home/heisenberg/.config/.git/refs/remotes/origin/main'
2025-08-01 03:44:39.106 [info] > git rev-parse refs/remotes/origin/main [1ms]
2025-08-01 03:44:39.139 [info] > git status -z -uall [18ms]
2025-08-01 03:44:39.142 [info] > git for-each-ref --sort -committerdate --format %(refname)%00%(objectname)%00%(*objectname) [4ms]
2025-08-01 03:44:48.952 [info] > git config --get commit.template [17ms]
2025-08-01 03:44:48.952 [info] > git for-each-ref --format=%(refname)%00%(upstream:short)%00%(objectname)%00%(upstream:track)%00%(upstream:remotename)%00%(upstream:remoteref) refs/heads/main refs/remotes/main [1ms]
2025-08-01 03:44:48.970 [warning] [Git][revParse] Unable to read file: ENOENT: no such file or directory, open '/home/heisenberg/.config/.git/refs/remotes/origin/main'
2025-08-01 03:44:48.971 [info] > git rev-parse refs/remotes/origin/main [1ms]
2025-08-01 03:44:49.005 [info] > git status -z -uall [18ms]
2025-08-01 03:44:49.008 [info] > git for-each-ref --sort -committerdate --format %(refname)%00%(objectname)%00%(*objectname) [5ms]
2025-08-01 03:44:54.073 [info] > git config --get commit.template [14ms]
2025-08-01 03:44:54.073 [info] > git for-each-ref --format=%(refname)%00%(upstream:short)%00%(objectname)%00%(upstream:track)%00%(upstream:remotename)%00%(upstream:remoteref) refs/heads/main refs/remotes/main [1ms]
2025-08-01 03:44:54.087 [warning] [Git][revParse] Unable to read file: ENOENT: no such file or directory, open '/home/heisenberg/.config/.git/refs/remotes/origin/main'
2025-08-01 03:44:54.088 [info] > git rev-parse refs/remotes/origin/main [1ms]
2025-08-01 03:44:54.117 [info] > git status -z -uall [16ms]
2025-08-01 03:44:54.120 [info] > git for-each-ref --sort -committerdate --format %(refname)%00%(objectname)%00%(*objectname) [4ms]
2025-08-01 03:44:59.183 [info] > git config --get commit.template [14ms]
2025-08-01 03:44:59.184 [info] > git for-each-ref --format=%(refname)%00%(upstream:short)%00%(objectname)%00%(upstream:track)%00%(upstream:remotename)%00%(upstream:remoteref) refs/heads/main refs/remotes/main [1ms]
2025-08-01 03:44:59.197 [warning] [Git][revParse] Unable to read file: ENOENT: no such file or directory, open '/home/heisenberg/.config/.git/refs/remotes/origin/main'
2025-08-01 03:44:59.198 [info] > git rev-parse refs/remotes/origin/main [1ms]
2025-08-01 03:44:59.226 [info] > git status -z -uall [15ms]
2025-08-01 03:44:59.229 [info] > git for-each-ref --sort -committerdate --format %(refname)%00%(objectname)%00%(*objectname) [4ms]
2025-08-01 03:45:04.289 [info] > git config --get commit.template [15ms]
2025-08-01 03:45:04.290 [info] > git for-each-ref --format=%(refname)%00%(upstream:short)%00%(objectname)%00%(upstream:track)%00%(upstream:remotename)%00%(upstream:remoteref) refs/heads/main refs/remotes/main [1ms]
2025-08-01 03:45:04.304 [warning] [Git][revParse] Unable to read file: ENOENT: no such file or directory, open '/home/heisenberg/.config/.git/refs/remotes/origin/main'
2025-08-01 03:45:04.317 [info] > git rev-parse refs/remotes/origin/main [13ms]
2025-08-01 03:45:04.349 [info] > git status -z -uall [15ms]
2025-08-01 03:45:04.352 [info] > git for-each-ref --sort -committerdate --format %(refname)%00%(objectname)%00%(*objectname) [3ms]
2025-08-01 03:45:09.419 [info] > git config --get commit.template [16ms]
2025-08-01 03:45:09.419 [info] > git for-each-ref --format=%(refname)%00%(upstream:short)%00%(objectname)%00%(upstream:track)%00%(upstream:remotename)%00%(upstream:remoteref) refs/heads/main refs/remotes/main [1ms]
2025-08-01 03:45:09.435 [warning] [Git][revParse] Unable to read file: ENOENT: no such file or directory, open '/home/heisenberg/.config/.git/refs/remotes/origin/main'
2025-08-01 03:45:09.436 [info] > git rev-parse refs/remotes/origin/main [1ms]
2025-08-01 03:45:09.471 [info] > git status -z -uall [19ms]
2025-08-01 03:45:09.474 [info] > git for-each-ref --sort -committerdate --format %(refname)%00%(objectname)%00%(*objectname) [4ms]
2025-08-01 03:45:19.116 [info] > git config --get commit.template [18ms]
2025-08-01 03:45:19.117 [info] > git for-each-ref --format=%(refname)%00%(upstream:short)%00%(objectname)%00%(upstream:track)%00%(upstream:remotename)%00%(upstream:remoteref) refs/heads/main refs/remotes/main [2ms]
2025-08-01 03:45:19.132 [warning] [Git][revParse] Unable to read file: ENOENT: no such file or directory, open '/home/heisenberg/.config/.git/refs/remotes/origin/main'
2025-08-01 03:45:19.133 [info] > git rev-parse refs/remotes/origin/main [1ms]
2025-08-01 03:45:19.166 [info] > git status -z -uall [18ms]
2025-08-01 03:45:19.169 [info] > git for-each-ref --sort -committerdate --format %(refname)%00%(objectname)%00%(*objectname) [4ms]
2025-08-01 03:45:41.869 [info] > git config --get commit.template [14ms]
2025-08-01 03:45:41.869 [info] > git for-each-ref --format=%(refname)%00%(upstream:short)%00%(objectname)%00%(upstream:track)%00%(upstream:remotename)%00%(upstream:remoteref) refs/heads/main refs/remotes/main [1ms]
2025-08-01 03:45:41.881 [warning] [Git][revParse] Unable to read file: ENOENT: no such file or directory, open '/home/heisenberg/.config/.git/refs/remotes/origin/main'
2025-08-01 03:45:41.882 [info] > git rev-parse refs/remotes/origin/main [1ms]
2025-08-01 03:45:41.910 [info] > git status -z -uall [15ms]
2025-08-01 03:45:41.914 [info] > git for-each-ref --sort -committerdate --format %(refname)%00%(objectname)%00%(*objectname) [5ms]
2025-08-01 03:45:46.978 [info] > git config --get commit.template [16ms]
2025-08-01 03:45:46.979 [info] > git for-each-ref --format=%(refname)%00%(upstream:short)%00%(objectname)%00%(upstream:track)%00%(upstream:remotename)%00%(upstream:remoteref) refs/heads/main refs/remotes/main [1ms]
2025-08-01 03:45:46.993 [warning] [Git][revParse] Unable to read file: ENOENT: no such file or directory, open '/home/heisenberg/.config/.git/refs/remotes/origin/main'
2025-08-01 03:45:46.994 [info] > git rev-parse refs/remotes/origin/main [1ms]
2025-08-01 03:45:47.024 [info] > git status -z -uall [16ms]
2025-08-01 03:45:47.028 [info] > git for-each-ref --sort -committerdate --format %(refname)%00%(objectname)%00%(*objectname) [5ms]
2025-08-01 03:46:13.062 [info] > git config --get commit.template [16ms]
2025-08-01 03:46:13.063 [info] > git for-each-ref --format=%(refname)%00%(upstream:short)%00%(objectname)%00%(upstream:track)%00%(upstream:remotename)%00%(upstream:remoteref) refs/heads/main refs/remotes/main [1ms]
2025-08-01 03:46:13.079 [warning] [Git][revParse] Unable to read file: ENOENT: no such file or directory, open '/home/heisenberg/.config/.git/refs/remotes/origin/main'
2025-08-01 03:46:13.080 [info] > git rev-parse refs/remotes/origin/main [1ms]
2025-08-01 03:46:13.112 [info] > git status -z -uall [17ms]
2025-08-01 03:46:13.116 [info] > git for-each-ref --sort -committerdate --format %(refname)%00%(objectname)%00%(*objectname) [5ms]
2025-08-01 03:46:47.332 [info] > git config --get commit.template [20ms]
2025-08-01 03:46:47.333 [info] > git for-each-ref --format=%(refname)%00%(upstream:short)%00%(objectname)%00%(upstream:track)%00%(upstream:remotename)%00%(upstream:remoteref) refs/heads/main refs/remotes/main [2ms]
2025-08-01 03:46:47.351 [warning] [Git][revParse] Unable to read file: ENOENT: no such file or directory, open '/home/heisenberg/.config/.git/refs/remotes/origin/main'
2025-08-01 03:46:47.352 [info] > git rev-parse refs/remotes/origin/main [1ms]
2025-08-01 03:46:47.391 [info] > git status -z -uall [21ms]
2025-08-01 03:46:47.394 [info] > git for-each-ref --sort -committerdate --format %(refname)%00%(objectname)%00%(*objectname) [4ms]
2025-08-01 03:48:14.132 [info] > git config --get commit.template [19ms]
2025-08-01 03:48:14.133 [info] > git for-each-ref --format=%(refname)%00%(upstream:short)%00%(objectname)%00%(upstream:track)%00%(upstream:remotename)%00%(upstream:remoteref) refs/heads/main refs/remotes/main [2ms]
2025-08-01 03:48:14.152 [warning] [Git][revParse] Unable to read file: ENOENT: no such file or directory, open '/home/heisenberg/.config/.git/refs/remotes/origin/main'
2025-08-01 03:48:14.153 [info] > git rev-parse refs/remotes/origin/main [1ms]
2025-08-01 03:48:14.192 [info] > git status -z -uall [19ms]
2025-08-01 03:48:14.198 [info] > git for-each-ref --sort -committerdate --format %(refname)%00%(objectname)%00%(*objectname) [7ms]
2025-08-01 03:55:35.441 [info] > git config --get commit.template [1ms]
2025-08-01 03:55:35.461 [info] > git for-each-ref --format=%(refname)%00%(upstream:short)%00%(objectname)%00%(upstream:track)%00%(upstream:remotename)%00%(upstream:remoteref) refs/heads/main refs/remotes/main [2ms]
2025-08-01 03:55:35.476 [warning] [Git][revParse] Unable to read file: ENOENT: no such file or directory, open '/home/heisenberg/.config/.git/refs/remotes/origin/main'
2025-08-01 03:55:35.478 [info] > git rev-parse refs/remotes/origin/main [2ms]
2025-08-01 03:55:35.510 [info] > git status -z -uall [17ms]
2025-08-01 03:55:35.515 [info] > git for-each-ref --sort -committerdate --format %(refname)%00%(objectname)%00%(*objectname) [5ms]
2025-08-01 03:57:45.442 [info] > git config --get commit.template [16ms]
2025-08-01 03:57:45.443 [info] > git for-each-ref --format=%(refname)%00%(upstream:short)%00%(objectname)%00%(upstream:track)%00%(upstream:remotename)%00%(upstream:remoteref) refs/heads/main refs/remotes/main [1ms]
2025-08-01 03:57:45.458 [warning] [Git][revParse] Unable to read file: ENOENT: no such file or directory, open '/home/heisenberg/.config/.git/refs/remotes/origin/main'
2025-08-01 03:57:45.459 [info] > git rev-parse refs/remotes/origin/main [1ms]
2025-08-01 03:57:45.496 [info] > git status -z -uall [19ms]
2025-08-01 03:57:45.499 [info] > git for-each-ref --sort -committerdate --format %(refname)%00%(objectname)%00%(*objectname) [5ms]
2025-08-01 03:57:50.575 [info] > git config --get commit.template [14ms]
2025-08-01 03:57:50.576 [info] > git for-each-ref --format=%(refname)%00%(upstream:short)%00%(objectname)%00%(upstream:track)%00%(upstream:remotename)%00%(upstream:remoteref) refs/heads/main refs/remotes/main [1ms]
2025-08-01 03:57:50.589 [warning] [Git][revParse] Unable to read file: ENOENT: no such file or directory, open '/home/heisenberg/.config/.git/refs/remotes/origin/main'
2025-08-01 03:57:50.590 [info] > git rev-parse refs/remotes/origin/main [0ms]
2025-08-01 03:57:50.620 [info] > git status -z -uall [16ms]
2025-08-01 03:57:50.623 [info] > git for-each-ref --sort -committerdate --format %(refname)%00%(objectname)%00%(*objectname) [5ms]
2025-08-01 03:57:55.691 [info] > git config --get commit.template [16ms]
2025-08-01 03:57:55.691 [info] > git for-each-ref --format=%(refname)%00%(upstream:short)%00%(objectname)%00%(upstream:track)%00%(upstream:remotename)%00%(upstream:remoteref) refs/heads/main refs/remotes/main [1ms]
2025-08-01 03:57:55.705 [warning] [Git][revParse] Unable to read file: ENOENT: no such file or directory, open '/home/heisenberg/.config/.git/refs/remotes/origin/main'
2025-08-01 03:57:55.706 [info] > git rev-parse refs/remotes/origin/main [1ms]
2025-08-01 03:57:55.736 [info] > git status -z -uall [16ms]
2025-08-01 03:57:55.738 [info] > git for-each-ref --sort -committerdate --format %(refname)%00%(objectname)%00%(*objectname) [3ms]
2025-08-01 03:58:00.800 [info] > git config --get commit.template [13ms]
2025-08-01 03:58:00.800 [info] > git for-each-ref --format=%(refname)%00%(upstream:short)%00%(objectname)%00%(upstream:track)%00%(upstream:remotename)%00%(upstream:remoteref) refs/heads/main refs/remotes/main [1ms]
2025-08-01 03:58:00.813 [warning] [Git][revParse] Unable to read file: ENOENT: no such file or directory, open '/home/heisenberg/.config/.git/refs/remotes/origin/main'
2025-08-01 03:58:00.814 [info] > git rev-parse refs/remotes/origin/main [1ms]
2025-08-01 03:58:00.842 [info] > git status -z -uall [15ms]
2025-08-01 03:58:00.845 [info] > git for-each-ref --sort -committerdate --format %(refname)%00%(objectname)%00%(*objectname) [4ms]
2025-08-01 03:58:05.898 [info] > git config --get commit.template [5ms]
2025-08-01 03:58:05.918 [info] > git for-each-ref --format=%(refname)%00%(upstream:short)%00%(objectname)%00%(upstream:track)%00%(upstream:remotename)%00%(upstream:remoteref) refs/heads/main refs/remotes/main [2ms]
2025-08-01 03:58:05.932 [warning] [Git][revParse] Unable to read file: ENOENT: no such file or directory, open '/home/heisenberg/.config/.git/refs/remotes/origin/main'
2025-08-01 03:58:05.933 [info] > git rev-parse refs/remotes/origin/main [1ms]
2025-08-01 03:58:05.969 [info] > git status -z -uall [18ms]
2025-08-01 03:58:05.976 [info] > git for-each-ref --sort -committerdate --format %(refname)%00%(objectname)%00%(*objectname) [8ms]
2025-08-01 03:58:11.066 [info] > git config --get commit.template [16ms]
2025-08-01 03:58:11.067 [info] > git for-each-ref --format=%(refname)%00%(upstream:short)%00%(objectname)%00%(upstream:track)%00%(upstream:remotename)%00%(upstream:remoteref) refs/heads/main refs/remotes/main [2ms]
2025-08-01 03:58:11.082 [warning] [Git][revParse] Unable to read file: ENOENT: no such file or directory, open '/home/heisenberg/.config/.git/refs/remotes/origin/main'
2025-08-01 03:58:11.083 [info] > git rev-parse refs/remotes/origin/main [1ms]
2025-08-01 03:58:11.116 [info] > git status -z -uall [17ms]
2025-08-01 03:58:11.119 [info] > git for-each-ref --sort -committerdate --format %(refname)%00%(objectname)%00%(*objectname) [4ms]
2025-08-01 03:58:16.187 [info] > git config --get commit.template [15ms]
2025-08-01 03:58:16.187 [info] > git for-each-ref --format=%(refname)%00%(upstream:short)%00%(objectname)%00%(upstream:track)%00%(upstream:remotename)%00%(upstream:remoteref) refs/heads/main refs/remotes/main [1ms]
2025-08-01 03:58:16.200 [warning] [Git][revParse] Unable to read file: ENOENT: no such file or directory, open '/home/heisenberg/.config/.git/refs/remotes/origin/main'
2025-08-01 03:58:16.200 [info] > git rev-parse refs/remotes/origin/main [0ms]
2025-08-01 03:58:16.227 [info] > git status -z -uall [13ms]
2025-08-01 03:58:16.229 [info] > git for-each-ref --sort -committerdate --format %(refname)%00%(objectname)%00%(*objectname) [3ms]
2025-08-01 03:58:21.291 [info] > git config --get commit.template [15ms]
2025-08-01 03:58:21.291 [info] > git for-each-ref --format=%(refname)%00%(upstream:short)%00%(objectname)%00%(upstream:track)%00%(upstream:remotename)%00%(upstream:remoteref) refs/heads/main refs/remotes/main [1ms]
2025-08-01 03:58:21.307 [warning] [Git][revParse] Unable to read file: ENOENT: no such file or directory, open '/home/heisenberg/.config/.git/refs/remotes/origin/main'
2025-08-01 03:58:21.307 [info] > git rev-parse refs/remotes/origin/main [1ms]
2025-08-01 03:58:21.338 [info] > git status -z -uall [16ms]
2025-08-01 03:58:21.341 [info] > git for-each-ref --sort -committerdate --format %(refname)%00%(objectname)%00%(*objectname) [4ms]
2025-08-01 03:58:26.407 [info] > git config --get commit.template [15ms]
2025-08-01 03:58:26.407 [info] > git for-each-ref --format=%(refname)%00%(upstream:short)%00%(objectname)%00%(upstream:track)%00%(upstream:remotename)%00%(upstream:remoteref) refs/heads/main refs/remotes/main [1ms]
2025-08-01 03:58:26.421 [warning] [Git][revParse] Unable to read file: ENOENT: no such file or directory, open '/home/heisenberg/.config/.git/refs/remotes/origin/main'
2025-08-01 03:58:26.422 [info] > git rev-parse refs/remotes/origin/main [1ms]
2025-08-01 03:58:26.453 [info] > git status -z -uall [16ms]
2025-08-01 03:58:26.455 [info] > git for-each-ref --sort -committerdate --format %(refname)%00%(objectname)%00%(*objectname) [3ms]
2025-08-01 03:58:31.545 [info] > git config --get commit.template [15ms]
2025-08-01 03:58:31.546 [info] > git for-each-ref --format=%(refname)%00%(upstream:short)%00%(objectname)%00%(upstream:track)%00%(upstream:remotename)%00%(upstream:remoteref) refs/heads/main refs/remotes/main [2ms]
2025-08-01 03:58:31.560 [warning] [Git][revParse] Unable to read file: ENOENT: no such file or directory, open '/home/heisenberg/.config/.git/refs/remotes/origin/main'
2025-08-01 03:58:31.561 [info] > git rev-parse refs/remotes/origin/main [1ms]
2025-08-01 03:58:31.592 [info] > git status -z -uall [16ms]
2025-08-01 03:58:31.595 [info] > git for-each-ref --sort -committerdate --format %(refname)%00%(objectname)%00%(*objectname) [4ms]
2025-08-01 03:58:36.664 [info] > git config --get commit.template [16ms]
2025-08-01 03:58:36.664 [info] > git for-each-ref --format=%(refname)%00%(upstream:short)%00%(objectname)%00%(upstream:track)%00%(upstream:remotename)%00%(upstream:remoteref) refs/heads/main refs/remotes/main [1ms]
2025-08-01 03:58:36.679 [warning] [Git][revParse] Unable to read file: ENOENT: no such file or directory, open '/home/heisenberg/.config/.git/refs/remotes/origin/main'
2025-08-01 03:58:36.680 [info] > git rev-parse refs/remotes/origin/main [1ms]
2025-08-01 03:58:36.710 [info] > git status -z -uall [16ms]
2025-08-01 03:58:36.713 [info] > git for-each-ref --sort -committerdate --format %(refname)%00%(objectname)%00%(*objectname) [4ms]
2025-08-01 03:58:41.779 [info] > git config --get commit.template [15ms]
2025-08-01 03:58:41.780 [info] > git for-each-ref --format=%(refname)%00%(upstream:short)%00%(objectname)%00%(upstream:track)%00%(upstream:remotename)%00%(upstream:remoteref) refs/heads/main refs/remotes/main [2ms]
2025-08-01 03:58:41.794 [warning] [Git][revParse] Unable to read file: ENOENT: no such file or directory, open '/home/heisenberg/.config/.git/refs/remotes/origin/main'
2025-08-01 03:58:41.795 [info] > git rev-parse refs/remotes/origin/main [1ms]
2025-08-01 03:58:41.827 [info] > git status -z -uall [17ms]
2025-08-01 03:58:41.830 [info] > git for-each-ref --sort -committerdate --format %(refname)%00%(objectname)%00%(*objectname) [4ms]
2025-08-01 03:58:46.891 [info] > git config --get commit.template [13ms]
2025-08-01 03:58:46.891 [info] > git for-each-ref --format=%(refname)%00%(upstream:short)%00%(objectname)%00%(upstream:track)%00%(upstream:remotename)%00%(upstream:remoteref) refs/heads/main refs/remotes/main [1ms]
2025-08-01 03:58:46.903 [warning] [Git][revParse] Unable to read file: ENOENT: no such file or directory, open '/home/heisenberg/.config/.git/refs/remotes/origin/main'
2025-08-01 03:58:46.903 [info] > git rev-parse refs/remotes/origin/main [0ms]
2025-08-01 03:58:46.930 [info] > git status -z -uall [14ms]
2025-08-01 03:58:46.932 [info] > git for-each-ref --sort -committerdate --format %(refname)%00%(objectname)%00%(*objectname) [3ms]
2025-08-01 03:58:51.991 [info] > git config --get commit.template [14ms]
2025-08-01 03:58:51.991 [info] > git for-each-ref --format=%(refname)%00%(upstream:short)%00%(objectname)%00%(upstream:track)%00%(upstream:remotename)%00%(upstream:remoteref) refs/heads/main refs/remotes/main [1ms]
2025-08-01 03:58:52.005 [warning] [Git][revParse] Unable to read file: ENOENT: no such file or directory, open '/home/heisenberg/.config/.git/refs/remotes/origin/main'
2025-08-01 03:58:52.006 [info] > git rev-parse refs/remotes/origin/main [1ms]
2025-08-01 03:58:52.037 [info] > git status -z -uall [16ms]
2025-08-01 03:58:52.041 [info] > git for-each-ref --sort -committerdate --format %(refname)%00%(objectname)%00%(*objectname) [5ms]
2025-08-01 03:58:57.113 [info] > git config --get commit.template [16ms]
2025-08-01 03:58:57.113 [info] > git for-each-ref --format=%(refname)%00%(upstream:short)%00%(objectname)%00%(upstream:track)%00%(upstream:remotename)%00%(upstream:remoteref) refs/heads/main refs/remotes/main [1ms]
2025-08-01 03:58:57.128 [warning] [Git][revParse] Unable to read file: ENOENT: no such file or directory, open '/home/heisenberg/.config/.git/refs/remotes/origin/main'
2025-08-01 03:58:57.129 [info] > git rev-parse refs/remotes/origin/main [1ms]
2025-08-01 03:58:57.159 [info] > git status -z -uall [16ms]
2025-08-01 03:58:57.163 [info] > git for-each-ref --sort -committerdate --format %(refname)%00%(objectname)%00%(*objectname) [5ms]
2025-08-01 03:59:02.229 [info] > git config --get commit.template [15ms]
2025-08-01 03:59:02.229 [info] > git for-each-ref --format=%(refname)%00%(upstream:short)%00%(objectname)%00%(upstream:track)%00%(upstream:remotename)%00%(upstream:remoteref) refs/heads/main refs/remotes/main [1ms]
2025-08-01 03:59:02.245 [warning] [Git][revParse] Unable to read file: ENOENT: no such file or directory, open '/home/heisenberg/.config/.git/refs/remotes/origin/main'
2025-08-01 03:59:02.246 [info] > git rev-parse refs/remotes/origin/main [1ms]
2025-08-01 03:59:02.277 [info] > git status -z -uall [16ms]
2025-08-01 03:59:02.281 [info] > git for-each-ref --sort -committerdate --format %(refname)%00%(objectname)%00%(*objectname) [5ms]
2025-08-01 03:59:07.350 [info] > git config --get commit.template [16ms]
2025-08-01 03:59:07.350 [info] > git for-each-ref --format=%(refname)%00%(upstream:short)%00%(objectname)%00%(upstream:track)%00%(upstream:remotename)%00%(upstream:remoteref) refs/heads/main refs/remotes/main [1ms]
2025-08-01 03:59:07.364 [warning] [Git][revParse] Unable to read file: ENOENT: no such file or directory, open '/home/heisenberg/.config/.git/refs/remotes/origin/main'
2025-08-01 03:59:07.365 [info] > git rev-parse refs/remotes/origin/main [1ms]
2025-08-01 03:59:07.396 [info] > git status -z -uall [16ms]
2025-08-01 03:59:07.399 [info] > git for-each-ref --sort -committerdate --format %(refname)%00%(objectname)%00%(*objectname) [3ms]
2025-08-01 03:59:12.461 [info] > git config --get commit.template [13ms]
2025-08-01 03:59:12.462 [info] > git for-each-ref --format=%(refname)%00%(upstream:short)%00%(objectname)%00%(upstream:track)%00%(upstream:remotename)%00%(upstream:remoteref) refs/heads/main refs/remotes/main [1ms]
2025-08-01 03:59:12.476 [warning] [Git][revParse] Unable to read file: ENOENT: no such file or directory, open '/home/heisenberg/.config/.git/refs/remotes/origin/main'
2025-08-01 03:59:12.477 [info] > git rev-parse refs/remotes/origin/main [2ms]
2025-08-01 03:59:12.506 [info] > git status -z -uall [16ms]
2025-08-01 03:59:12.508 [info] > git for-each-ref --sort -committerdate --format %(refname)%00%(objectname)%00%(*objectname) [3ms]
2025-08-01 03:59:17.573 [info] > git config --get commit.template [18ms]
2025-08-01 03:59:17.574 [info] > git for-each-ref --format=%(refname)%00%(upstream:short)%00%(objectname)%00%(upstream:track)%00%(upstream:remotename)%00%(upstream:remoteref) refs/heads/main refs/remotes/main [2ms]
2025-08-01 03:59:17.590 [warning] [Git][revParse] Unable to read file: ENOENT: no such file or directory, open '/home/heisenberg/.config/.git/refs/remotes/origin/main'
2025-08-01 03:59:17.591 [info] > git rev-parse refs/remotes/origin/main [1ms]
2025-08-01 03:59:17.630 [info] > git status -z -uall [20ms]
2025-08-01 03:59:17.634 [info] > git for-each-ref --sort -committerdate --format %(refname)%00%(objectname)%00%(*objectname) [5ms]
2025-08-01 03:59:22.708 [info] > git config --get commit.template [16ms]
2025-08-01 03:59:22.709 [info] > git for-each-ref --format=%(refname)%00%(upstream:short)%00%(objectname)%00%(upstream:track)%00%(upstream:remotename)%00%(upstream:remoteref) refs/heads/main refs/remotes/main [1ms]
2025-08-01 03:59:22.725 [warning] [Git][revParse] Unable to read file: ENOENT: no such file or directory, open '/home/heisenberg/.config/.git/refs/remotes/origin/main'
2025-08-01 03:59:22.725 [info] > git rev-parse refs/remotes/origin/main [0ms]
2025-08-01 03:59:22.757 [info] > git status -z -uall [17ms]
2025-08-01 03:59:22.760 [info] > git for-each-ref --sort -committerdate --format %(refname)%00%(objectname)%00%(*objectname) [3ms]
2025-08-01 03:59:27.838 [info] > git config --get commit.template [17ms]
2025-08-01 03:59:27.838 [info] > git for-each-ref --format=%(refname)%00%(upstream:short)%00%(objectname)%00%(upstream:track)%00%(upstream:remotename)%00%(upstream:remoteref) refs/heads/main refs/remotes/main [1ms]
2025-08-01 03:59:27.853 [warning] [Git][revParse] Unable to read file: ENOENT: no such file or directory, open '/home/heisenberg/.config/.git/refs/remotes/origin/main'
2025-08-01 03:59:27.854 [info] > git rev-parse refs/remotes/origin/main [1ms]
2025-08-01 03:59:27.889 [info] > git status -z -uall [18ms]
2025-08-01 03:59:27.893 [info] > git for-each-ref --sort -committerdate --format %(refname)%00%(objectname)%00%(*objectname) [5ms]
2025-08-01 03:59:32.962 [info] > git config --get commit.template [15ms]
2025-08-01 03:59:32.963 [info] > git for-each-ref --format=%(refname)%00%(upstream:short)%00%(objectname)%00%(upstream:track)%00%(upstream:remotename)%00%(upstream:remoteref) refs/heads/main refs/remotes/main [1ms]
2025-08-01 03:59:32.977 [warning] [Git][revParse] Unable to read file: ENOENT: no such file or directory, open '/home/heisenberg/.config/.git/refs/remotes/origin/main'
2025-08-01 03:59:32.978 [info] > git rev-parse refs/remotes/origin/main [1ms]
2025-08-01 03:59:33.008 [info] > git status -z -uall [16ms]
2025-08-01 03:59:33.012 [info] > git for-each-ref --sort -committerdate --format %(refname)%00%(objectname)%00%(*objectname) [4ms]
2025-08-01 03:59:38.075 [info] > git config --get commit.template [16ms]
2025-08-01 03:59:38.076 [info] > git for-each-ref --format=%(refname)%00%(upstream:short)%00%(objectname)%00%(upstream:track)%00%(upstream:remotename)%00%(upstream:remoteref) refs/heads/main refs/remotes/main [1ms]
2025-08-01 03:59:38.090 [warning] [Git][revParse] Unable to read file: ENOENT: no such file or directory, open '/home/heisenberg/.config/.git/refs/remotes/origin/main'
2025-08-01 03:59:38.091 [info] > git rev-parse refs/remotes/origin/main [1ms]
2025-08-01 03:59:38.123 [info] > git status -z -uall [18ms]
2025-08-01 03:59:38.127 [info] > git for-each-ref --sort -committerdate --format %(refname)%00%(objectname)%00%(*objectname) [5ms]
2025-08-01 03:59:43.195 [info] > git config --get commit.template [15ms]
2025-08-01 03:59:43.196 [info] > git for-each-ref --format=%(refname)%00%(upstream:short)%00%(objectname)%00%(upstream:track)%00%(upstream:remotename)%00%(upstream:remoteref) refs/heads/main refs/remotes/main [1ms]
2025-08-01 03:59:43.212 [warning] [Git][revParse] Unable to read file: ENOENT: no such file or directory, open '/home/heisenberg/.config/.git/refs/remotes/origin/main'
2025-08-01 03:59:43.213 [info] > git rev-parse refs/remotes/origin/main [1ms]
2025-08-01 03:59:43.246 [info] > git status -z -uall [18ms]
2025-08-01 03:59:43.249 [info] > git for-each-ref --sort -committerdate --format %(refname)%00%(objectname)%00%(*objectname) [4ms]
2025-08-01 03:59:48.315 [info] > git config --get commit.template [16ms]
2025-08-01 03:59:48.315 [info] > git for-each-ref --format=%(refname)%00%(upstream:short)%00%(objectname)%00%(upstream:track)%00%(upstream:remotename)%00%(upstream:remoteref) refs/heads/main refs/remotes/main [1ms]
2025-08-01 03:59:48.330 [warning] [Git][revParse] Unable to read file: ENOENT: no such file or directory, open '/home/heisenberg/.config/.git/refs/remotes/origin/main'
2025-08-01 03:59:48.331 [info] > git rev-parse refs/remotes/origin/main [1ms]
2025-08-01 03:59:48.364 [info] > git status -z -uall [17ms]
2025-08-01 03:59:48.367 [info] > git for-each-ref --sort -committerdate --format %(refname)%00%(objectname)%00%(*objectname) [4ms]
2025-08-01 03:59:53.422 [info] > git config --get commit.template [2ms]
2025-08-01 03:59:53.440 [info] > git for-each-ref --format=%(refname)%00%(upstream:short)%00%(objectname)%00%(upstream:track)%00%(upstream:remotename)%00%(upstream:remoteref) refs/heads/main refs/remotes/main [2ms]
2025-08-01 03:59:53.457 [warning] [Git][revParse] Unable to read file: ENOENT: no such file or directory, open '/home/heisenberg/.config/.git/refs/remotes/origin/main'
2025-08-01 03:59:53.458 [info] > git rev-parse refs/remotes/origin/main [1ms]
2025-08-01 03:59:53.495 [info] > git status -z -uall [21ms]
2025-08-01 03:59:53.499 [info] > git for-each-ref --sort -committerdate --format %(refname)%00%(objectname)%00%(*objectname) [5ms]
2025-08-01 03:59:58.599 [info] > git config --get commit.template [1ms]
2025-08-01 03:59:58.614 [info] > git for-each-ref --format=%(refname)%00%(upstream:short)%00%(objectname)%00%(upstream:track)%00%(upstream:remotename)%00%(upstream:remoteref) refs/heads/main refs/remotes/main [1ms]
2025-08-01 03:59:58.630 [warning] [Git][revParse] Unable to read file: ENOENT: no such file or directory, open '/home/heisenberg/.config/.git/refs/remotes/origin/main'
2025-08-01 03:59:58.630 [info] > git rev-parse refs/remotes/origin/main [0ms]
2025-08-01 03:59:58.659 [info] > git status -z -uall [15ms]
2025-08-01 03:59:58.662 [info] > git for-each-ref --sort -committerdate --format %(refname)%00%(objectname)%00%(*objectname) [4ms]
2025-08-01 04:00:03.730 [info] > git config --get commit.template [17ms]
2025-08-01 04:00:03.730 [info] > git for-each-ref --format=%(refname)%00%(upstream:short)%00%(objectname)%00%(upstream:track)%00%(upstream:remotename)%00%(upstream:remoteref) refs/heads/main refs/remotes/main [1ms]
2025-08-01 04:00:03.746 [warning] [Git][revParse] Unable to read file: ENOENT: no such file or directory, open '/home/heisenberg/.config/.git/refs/remotes/origin/main'
2025-08-01 04:00:03.747 [info] > git rev-parse refs/remotes/origin/main [1ms]
2025-08-01 04:00:03.783 [info] > git status -z -uall [18ms]
2025-08-01 04:00:03.786 [info] > git for-each-ref --sort -committerdate --format %(refname)%00%(objectname)%00%(*objectname) [4ms]
2025-08-01 04:00:08.854 [info] > git config --get commit.template [14ms]
2025-08-01 04:00:08.855 [info] > git for-each-ref --format=%(refname)%00%(upstream:short)%00%(objectname)%00%(upstream:track)%00%(upstream:remotename)%00%(upstream:remoteref) refs/heads/main refs/remotes/main [1ms]
2025-08-01 04:00:08.868 [warning] [Git][revParse] Unable to read file: ENOENT: no such file or directory, open '/home/heisenberg/.config/.git/refs/remotes/origin/main'
2025-08-01 04:00:08.868 [info] > git rev-parse refs/remotes/origin/main [0ms]
2025-08-01 04:00:08.898 [info] > git status -z -uall [16ms]
2025-08-01 04:00:08.901 [info] > git for-each-ref --sort -committerdate --format %(refname)%00%(objectname)%00%(*objectname) [4ms]
2025-08-01 04:00:13.963 [info] > git config --get commit.template [15ms]
2025-08-01 04:00:13.963 [info] > git for-each-ref --format=%(refname)%00%(upstream:short)%00%(objectname)%00%(upstream:track)%00%(upstream:remotename)%00%(upstream:remoteref) refs/heads/main refs/remotes/main [1ms]
2025-08-01 04:00:13.977 [warning] [Git][revParse] Unable to read file: ENOENT: no such file or directory, open '/home/heisenberg/.config/.git/refs/remotes/origin/main'
2025-08-01 04:00:13.977 [info] > git rev-parse refs/remotes/origin/main [0ms]
2025-08-01 04:00:14.007 [info] > git status -z -uall [16ms]
2025-08-01 04:00:14.009 [info] > git for-each-ref --sort -committerdate --format %(refname)%00%(objectname)%00%(*objectname) [3ms]
2025-08-01 04:00:19.079 [info] > git config --get commit.template [15ms]
2025-08-01 04:00:19.079 [info] > git for-each-ref --format=%(refname)%00%(upstream:short)%00%(objectname)%00%(upstream:track)%00%(upstream:remotename)%00%(upstream:remoteref) refs/heads/main refs/remotes/main [1ms]
2025-08-01 04:00:19.095 [warning] [Git][revParse] Unable to read file: ENOENT: no such file or directory, open '/home/heisenberg/.config/.git/refs/remotes/origin/main'
2025-08-01 04:00:19.096 [info] > git rev-parse refs/remotes/origin/main [1ms]
2025-08-01 04:00:19.127 [info] > git status -z -uall [16ms]
2025-08-01 04:00:19.131 [info] > git for-each-ref --sort -committerdate --format %(refname)%00%(objectname)%00%(*objectname) [4ms]
2025-08-01 04:00:24.199 [info] > git config --get commit.template [15ms]
2025-08-01 04:00:24.200 [info] > git for-each-ref --format=%(refname)%00%(upstream:short)%00%(objectname)%00%(upstream:track)%00%(upstream:remotename)%00%(upstream:remoteref) refs/heads/main refs/remotes/main [1ms]
2025-08-01 04:00:24.214 [warning] [Git][revParse] Unable to read file: ENOENT: no such file or directory, open '/home/heisenberg/.config/.git/refs/remotes/origin/main'
2025-08-01 04:00:24.215 [info] > git rev-parse refs/remotes/origin/main [1ms]
2025-08-01 04:00:24.246 [info] > git status -z -uall [17ms]
2025-08-01 04:00:24.249 [info] > git for-each-ref --sort -committerdate --format %(refname)%00%(objectname)%00%(*objectname) [4ms]
2025-08-01 04:00:29.318 [info] > git config --get commit.template [16ms]
2025-08-01 04:00:29.319 [info] > git for-each-ref --format=%(refname)%00%(upstream:short)%00%(objectname)%00%(upstream:track)%00%(upstream:remotename)%00%(upstream:remoteref) refs/heads/main refs/remotes/main [1ms]
2025-08-01 04:00:29.334 [warning] [Git][revParse] Unable to read file: ENOENT: no such file or directory, open '/home/heisenberg/.config/.git/refs/remotes/origin/main'
2025-08-01 04:00:29.335 [info] > git rev-parse refs/remotes/origin/main [1ms]
2025-08-01 04:00:29.366 [info] > git status -z -uall [16ms]
2025-08-01 04:00:29.370 [info] > git for-each-ref --sort -committerdate --format %(refname)%00%(objectname)%00%(*objectname) [4ms]
2025-08-01 04:00:34.441 [info] > git config --get commit.template [15ms]
2025-08-01 04:00:34.442 [info] > git for-each-ref --format=%(refname)%00%(upstream:short)%00%(objectname)%00%(upstream:track)%00%(upstream:remotename)%00%(upstream:remoteref) refs/heads/main refs/remotes/main [2ms]
2025-08-01 04:00:34.459 [warning] [Git][revParse] Unable to read file: ENOENT: no such file or directory, open '/home/heisenberg/.config/.git/refs/remotes/origin/main'
2025-08-01 04:00:34.459 [info] > git rev-parse refs/remotes/origin/main [0ms]
2025-08-01 04:00:34.493 [info] > git status -z -uall [18ms]
2025-08-01 04:00:34.495 [info] > git for-each-ref --sort -committerdate --format %(refname)%00%(objectname)%00%(*objectname) [3ms]
2025-08-01 04:00:39.581 [info] > git config --get commit.template [16ms]
2025-08-01 04:00:39.582 [info] > git for-each-ref --format=%(refname)%00%(upstream:short)%00%(objectname)%00%(upstream:track)%00%(upstream:remotename)%00%(upstream:remoteref) refs/heads/main refs/remotes/main [2ms]
2025-08-01 04:00:39.596 [warning] [Git][revParse] Unable to read file: ENOENT: no such file or directory, open '/home/heisenberg/.config/.git/refs/remotes/origin/main'
2025-08-01 04:00:39.597 [info] > git rev-parse refs/remotes/origin/main [1ms]
2025-08-01 04:00:39.628 [info] > git status -z -uall [17ms]
2025-08-01 04:00:39.631 [info] > git for-each-ref --sort -committerdate --format %(refname)%00%(objectname)%00%(*objectname) [4ms]
2025-08-01 04:00:44.697 [info] > git config --get commit.template [15ms]
2025-08-01 04:00:44.697 [info] > git for-each-ref --format=%(refname)%00%(upstream:short)%00%(objectname)%00%(upstream:track)%00%(upstream:remotename)%00%(upstream:remoteref) refs/heads/main refs/remotes/main [1ms]
2025-08-01 04:00:44.710 [warning] [Git][revParse] Unable to read file: ENOENT: no such file or directory, open '/home/heisenberg/.config/.git/refs/remotes/origin/main'
2025-08-01 04:00:44.711 [info] > git rev-parse refs/remotes/origin/main [1ms]
2025-08-01 04:00:44.739 [info] > git status -z -uall [15ms]
2025-08-01 04:00:44.742 [info] > git for-each-ref --sort -committerdate --format %(refname)%00%(objectname)%00%(*objectname) [3ms]
2025-08-01 04:00:49.788 [info] > git config --get commit.template [0ms]
2025-08-01 04:00:49.803 [info] > git for-each-ref --format=%(refname)%00%(upstream:short)%00%(objectname)%00%(upstream:track)%00%(upstream:remotename)%00%(upstream:remoteref) refs/heads/main refs/remotes/main [1ms]
2025-08-01 04:00:49.817 [warning] [Git][revParse] Unable to read file: ENOENT: no such file or directory, open '/home/heisenberg/.config/.git/refs/remotes/origin/main'
2025-08-01 04:00:49.818 [info] > git rev-parse refs/remotes/origin/main [1ms]
2025-08-01 04:00:49.848 [info] > git status -z -uall [15ms]
2025-08-01 04:00:49.851 [info] > git for-each-ref --sort -committerdate --format %(refname)%00%(objectname)%00%(*objectname) [4ms]
2025-08-01 04:02:50.164 [info] > git config --get commit.template [19ms]
2025-08-01 04:02:50.165 [info] > git for-each-ref --format=%(refname)%00%(upstream:short)%00%(objectname)%00%(upstream:track)%00%(upstream:remotename)%00%(upstream:remoteref) refs/heads/main refs/remotes/main [2ms]
2025-08-01 04:02:50.183 [warning] [Git][revParse] Unable to read file: ENOENT: no such file or directory, open '/home/heisenberg/.config/.git/refs/remotes/origin/main'
2025-08-01 04:02:50.184 [info] > git rev-parse refs/remotes/origin/main [2ms]
2025-08-01 04:02:50.219 [info] > git status -z -uall [20ms]
2025-08-01 04:02:50.225 [info] > git for-each-ref --sort -committerdate --format %(refname)%00%(objectname)%00%(*objectname) [9ms]
2025-08-01 04:03:21.268 [info] > git config --get commit.template [3ms]
2025-08-01 04:03:21.290 [info] > git for-each-ref --format=%(refname)%00%(upstream:short)%00%(objectname)%00%(upstream:track)%00%(upstream:remotename)%00%(upstream:remoteref) refs/heads/main refs/remotes/main [2ms]
2025-08-01 04:03:21.308 [warning] [Git][revParse] Unable to read file: ENOENT: no such file or directory, open '/home/heisenberg/.config/.git/refs/remotes/origin/main'
2025-08-01 04:03:21.309 [info] > git rev-parse refs/remotes/origin/main [1ms]
2025-08-01 04:03:21.345 [info] > git status -z -uall [19ms]
2025-08-01 04:03:21.351 [info] > git for-each-ref --sort -committerdate --format %(refname)%00%(objectname)%00%(*objectname) [8ms]
2025-08-01 04:04:03.737 [info] > git config --get commit.template [17ms]
2025-08-01 04:04:03.738 [info] > git for-each-ref --format=%(refname)%00%(upstream:short)%00%(objectname)%00%(upstream:track)%00%(upstream:remotename)%00%(upstream:remoteref) refs/heads/main refs/remotes/main [2ms]
2025-08-01 04:04:03.753 [warning] [Git][revParse] Unable to read file: ENOENT: no such file or directory, open '/home/heisenberg/.config/.git/refs/remotes/origin/main'
2025-08-01 04:04:03.754 [info] > git rev-parse refs/remotes/origin/main [1ms]
2025-08-01 04:04:03.786 [info] > git status -z -uall [17ms]
2025-08-01 04:04:03.793 [info] > git for-each-ref --sort -committerdate --format %(refname)%00%(objectname)%00%(*objectname) [8ms]
2025-08-01 04:05:01.427 [info] > git config --get commit.template [1ms]
2025-08-01 04:05:01.450 [info] > git for-each-ref --format=%(refname)%00%(upstream:short)%00%(objectname)%00%(upstream:track)%00%(upstream:remotename)%00%(upstream:remoteref) refs/heads/main refs/remotes/main [3ms]
2025-08-01 04:05:01.477 [warning] [Git][revParse] Unable to read file: ENOENT: no such file or directory, open '/home/heisenberg/.config/.git/refs/remotes/origin/main'
2025-08-01 04:05:01.478 [info] > git rev-parse refs/remotes/origin/main [1ms]
2025-08-01 04:05:01.523 [info] > git status -z -uall [24ms]
2025-08-01 04:05:01.530 [info] > git for-each-ref --sort -committerdate --format %(refname)%00%(objectname)%00%(*objectname) [9ms]
2025-08-01 04:05:42.192 [info] > git config --get commit.template [1ms]
2025-08-01 04:05:42.207 [info] > git for-each-ref --format=%(refname)%00%(upstream:short)%00%(objectname)%00%(upstream:track)%00%(upstream:remotename)%00%(upstream:remoteref) refs/heads/main refs/remotes/main [1ms]
2025-08-01 04:05:42.222 [warning] [Git][revParse] Unable to read file: ENOENT: no such file or directory, open '/home/heisenberg/.config/.git/refs/remotes/origin/main'
2025-08-01 04:05:42.223 [info] > git rev-parse refs/remotes/origin/main [2ms]
2025-08-01 04:05:42.255 [info] > git status -z -uall [18ms]
2025-08-01 04:05:42.259 [info] > git for-each-ref --sort -committerdate --format %(refname)%00%(objectname)%00%(*objectname) [5ms]
2025-08-01 04:05:47.324 [info] > git config --get commit.template [15ms]
2025-08-01 04:05:47.325 [info] > git for-each-ref --format=%(refname)%00%(upstream:short)%00%(objectname)%00%(upstream:track)%00%(upstream:remotename)%00%(upstream:remoteref) refs/heads/main refs/remotes/main [1ms]
2025-08-01 04:05:47.341 [warning] [Git][revParse] Unable to read file: ENOENT: no such file or directory, open '/home/heisenberg/.config/.git/refs/remotes/origin/main'
2025-08-01 04:05:47.342 [info] > git rev-parse refs/remotes/origin/main [1ms]
2025-08-01 04:05:47.376 [info] > git status -z -uall [17ms]
2025-08-01 04:05:47.382 [info] > git for-each-ref --sort -committerdate --format %(refname)%00%(objectname)%00%(*objectname) [7ms]
2025-08-01 04:05:52.448 [info] > git config --get commit.template [16ms]
2025-08-01 04:05:52.448 [info] > git for-each-ref --format=%(refname)%00%(upstream:short)%00%(objectname)%00%(upstream:track)%00%(upstream:remotename)%00%(upstream:remoteref) refs/heads/main refs/remotes/main [1ms]
2025-08-01 04:05:52.463 [warning] [Git][revParse] Unable to read file: ENOENT: no such file or directory, open '/home/heisenberg/.config/.git/refs/remotes/origin/main'
2025-08-01 04:05:52.464 [info] > git rev-parse refs/remotes/origin/main [1ms]
2025-08-01 04:05:52.496 [info] > git status -z -uall [17ms]
2025-08-01 04:05:52.501 [info] > git for-each-ref --sort -committerdate --format %(refname)%00%(objectname)%00%(*objectname) [6ms]
2025-08-01 04:05:57.562 [info] > git config --get commit.template [2ms]
2025-08-01 04:05:57.578 [info] > git for-each-ref --format=%(refname)%00%(upstream:short)%00%(objectname)%00%(upstream:track)%00%(upstream:remotename)%00%(upstream:remoteref) refs/heads/main refs/remotes/main [1ms]
2025-08-01 04:05:57.593 [warning] [Git][revParse] Unable to read file: ENOENT: no such file or directory, open '/home/heisenberg/.config/.git/refs/remotes/origin/main'
2025-08-01 04:05:57.593 [info] > git rev-parse refs/remotes/origin/main [0ms]
2025-08-01 04:05:57.629 [info] > git status -z -uall [18ms]
2025-08-01 04:05:57.632 [info] > git for-each-ref --sort -committerdate --format %(refname)%00%(objectname)%00%(*objectname) [4ms]
2025-08-01 04:06:02.700 [info] > git config --get commit.template [14ms]
2025-08-01 04:06:02.701 [info] > git for-each-ref --format=%(refname)%00%(upstream:short)%00%(objectname)%00%(upstream:track)%00%(upstream:remotename)%00%(upstream:remoteref) refs/heads/main refs/remotes/main [1ms]
2025-08-01 04:06:02.713 [warning] [Git][revParse] Unable to read file: ENOENT: no such file or directory, open '/home/heisenberg/.config/.git/refs/remotes/origin/main'
2025-08-01 04:06:02.714 [info] > git rev-parse refs/remotes/origin/main [1ms]
2025-08-01 04:06:02.743 [info] > git status -z -uall [16ms]
2025-08-01 04:06:02.746 [info] > git for-each-ref --sort -committerdate --format %(refname)%00%(objectname)%00%(*objectname) [4ms]
2025-08-01 04:06:07.816 [info] > git config --get commit.template [18ms]
2025-08-01 04:06:07.817 [info] > git for-each-ref --format=%(refname)%00%(upstream:short)%00%(objectname)%00%(upstream:track)%00%(upstream:remotename)%00%(upstream:remoteref) refs/heads/main refs/remotes/main [1ms]
2025-08-01 04:06:07.832 [warning] [Git][revParse] Unable to read file: ENOENT: no such file or directory, open '/home/heisenberg/.config/.git/refs/remotes/origin/main'
2025-08-01 04:06:07.833 [info] > git rev-parse refs/remotes/origin/main [1ms]
2025-08-01 04:06:07.868 [info] > git status -z -uall [20ms]
2025-08-01 04:06:07.873 [info] > git for-each-ref --sort -committerdate --format %(refname)%00%(objectname)%00%(*objectname) [8ms]
2025-08-01 04:06:12.953 [info] > git config --get commit.template [17ms]
2025-08-01 04:06:12.953 [info] > git for-each-ref --format=%(refname)%00%(upstream:short)%00%(objectname)%00%(upstream:track)%00%(upstream:remotename)%00%(upstream:remoteref) refs/heads/main refs/remotes/main [1ms]
2025-08-01 04:06:12.968 [warning] [Git][revParse] Unable to read file: ENOENT: no such file or directory, open '/home/heisenberg/.config/.git/refs/remotes/origin/main'
2025-08-01 04:06:12.969 [info] > git rev-parse refs/remotes/origin/main [1ms]
2025-08-01 04:06:13.003 [info] > git status -z -uall [19ms]
2025-08-01 04:06:13.008 [info] > git for-each-ref --sort -committerdate --format %(refname)%00%(objectname)%00%(*objectname) [6ms]
2025-08-01 04:06:18.081 [info] > git config --get commit.template [15ms]
2025-08-01 04:06:18.081 [info] > git for-each-ref --format=%(refname)%00%(upstream:short)%00%(objectname)%00%(upstream:track)%00%(upstream:remotename)%00%(upstream:remoteref) refs/heads/main refs/remotes/main [1ms]
2025-08-01 04:06:18.095 [warning] [Git][revParse] Unable to read file: ENOENT: no such file or directory, open '/home/heisenberg/.config/.git/refs/remotes/origin/main'
2025-08-01 04:06:18.095 [info] > git rev-parse refs/remotes/origin/main [1ms]
2025-08-01 04:06:18.124 [info] > git status -z -uall [16ms]
2025-08-01 04:06:18.130 [info] > git for-each-ref --sort -committerdate --format %(refname)%00%(objectname)%00%(*objectname) [7ms]
2025-08-01 04:06:23.206 [info] > git config --get commit.template [15ms]
2025-08-01 04:06:23.207 [info] > git for-each-ref --format=%(refname)%00%(upstream:short)%00%(objectname)%00%(upstream:track)%00%(upstream:remotename)%00%(upstream:remoteref) refs/heads/main refs/remotes/main [1ms]
2025-08-01 04:06:23.224 [warning] [Git][revParse] Unable to read file: ENOENT: no such file or directory, open '/home/heisenberg/.config/.git/refs/remotes/origin/main'
2025-08-01 04:06:23.225 [info] > git rev-parse refs/remotes/origin/main [1ms]
2025-08-01 04:06:23.257 [info] > git status -z -uall [18ms]
2025-08-01 04:06:23.260 [info] > git for-each-ref --sort -committerdate --format %(refname)%00%(objectname)%00%(*objectname) [4ms]
2025-08-01 04:06:28.338 [info] > git config --get commit.template [16ms]
2025-08-01 04:06:28.339 [info] > git for-each-ref --format=%(refname)%00%(upstream:short)%00%(objectname)%00%(upstream:track)%00%(upstream:remotename)%00%(upstream:remoteref) refs/heads/main refs/remotes/main [1ms]
2025-08-01 04:06:28.354 [warning] [Git][revParse] Unable to read file: ENOENT: no such file or directory, open '/home/heisenberg/.config/.git/refs/remotes/origin/main'
2025-08-01 04:06:28.355 [info] > git rev-parse refs/remotes/origin/main [1ms]
2025-08-01 04:06:28.387 [info] > git status -z -uall [16ms]
2025-08-01 04:06:28.392 [info] > git for-each-ref --sort -committerdate --format %(refname)%00%(objectname)%00%(*objectname) [6ms]
2025-08-01 04:06:39.274 [info] > git config --get commit.template [17ms]
2025-08-01 04:06:39.275 [info] > git for-each-ref --format=%(refname)%00%(upstream:short)%00%(objectname)%00%(upstream:track)%00%(upstream:remotename)%00%(upstream:remoteref) refs/heads/main refs/remotes/main [2ms]
2025-08-01 04:06:39.290 [warning] [Git][revParse] Unable to read file: ENOENT: no such file or directory, open '/home/heisenberg/.config/.git/refs/remotes/origin/main'
2025-08-01 04:06:39.291 [info] > git rev-parse refs/remotes/origin/main [1ms]
2025-08-01 04:06:39.326 [info] > git status -z -uall [18ms]
2025-08-01 04:06:39.329 [info] > git for-each-ref --sort -committerdate --format %(refname)%00%(objectname)%00%(*objectname) [4ms]
2025-08-01 04:07:48.777 [info] > git config --get commit.template [21ms]
2025-08-01 04:07:48.777 [info] > git for-each-ref --format=%(refname)%00%(upstream:short)%00%(objectname)%00%(upstream:track)%00%(upstream:remotename)%00%(upstream:remoteref) refs/heads/main refs/remotes/main [1ms]
2025-08-01 04:07:48.794 [warning] [Git][revParse] Unable to read file: ENOENT: no such file or directory, open '/home/heisenberg/.config/.git/refs/remotes/origin/main'
2025-08-01 04:07:48.795 [info] > git rev-parse refs/remotes/origin/main [1ms]
2025-08-01 04:07:48.831 [info] > git status -z -uall [19ms]
2025-08-01 04:07:48.834 [info] > git for-each-ref --sort -committerdate --format %(refname)%00%(objectname)%00%(*objectname) [5ms]
2025-08-01 04:08:01.698 [info] > git config --get commit.template [18ms]
2025-08-01 04:08:01.699 [info] > git for-each-ref --format=%(refname)%00%(upstream:short)%00%(objectname)%00%(upstream:track)%00%(upstream:remotename)%00%(upstream:remoteref) refs/heads/main refs/remotes/main [2ms]
2025-08-01 04:08:01.714 [warning] [Git][revParse] Unable to read file: ENOENT: no such file or directory, open '/home/heisenberg/.config/.git/refs/remotes/origin/main'
2025-08-01 04:08:01.715 [info] > git rev-parse refs/remotes/origin/main [1ms]
2025-08-01 04:08:01.751 [info] > git status -z -uall [18ms]
2025-08-01 04:08:01.756 [info] > git for-each-ref --sort -committerdate --format %(refname)%00%(objectname)%00%(*objectname) [7ms]
2025-08-01 04:11:48.352 [info] > git config --get commit.template [16ms]
2025-08-01 04:11:48.352 [info] > git for-each-ref --format=%(refname)%00%(upstream:short)%00%(objectname)%00%(upstream:track)%00%(upstream:remotename)%00%(upstream:remoteref) refs/heads/main refs/remotes/main [1ms]
2025-08-01 04:11:48.366 [warning] [Git][revParse] Unable to read file: ENOENT: no such file or directory, open '/home/heisenberg/.config/.git/refs/remotes/origin/main'
2025-08-01 04:11:48.366 [info] > git rev-parse refs/remotes/origin/main [0ms]
2025-08-01 04:11:48.398 [info] > git status -z -uall [18ms]
2025-08-01 04:11:48.403 [info] > git for-each-ref --sort -committerdate --format %(refname)%00%(objectname)%00%(*objectname) [7ms]
2025-08-01 04:12:33.455 [info] > git config --get commit.template [1ms]
2025-08-01 04:12:33.473 [info] > git for-each-ref --format=%(refname)%00%(upstream:short)%00%(objectname)%00%(upstream:track)%00%(upstream:remotename)%00%(upstream:remoteref) refs/heads/main refs/remotes/main [1ms]
2025-08-01 04:12:33.492 [warning] [Git][revParse] Unable to read file: ENOENT: no such file or directory, open '/home/heisenberg/.config/.git/refs/remotes/origin/main'
2025-08-01 04:12:33.493 [info] > git rev-parse refs/remotes/origin/main [1ms]
2025-08-01 04:12:33.529 [info] > git status -z -uall [19ms]
2025-08-01 04:12:33.535 [info] > git for-each-ref --sort -committerdate --format %(refname)%00%(objectname)%00%(*objectname) [7ms]
2025-08-01 04:13:26.145 [info] > git config --get commit.template [18ms]
2025-08-01 04:13:26.146 [info] > git for-each-ref --format=%(refname)%00%(upstream:short)%00%(objectname)%00%(upstream:track)%00%(upstream:remotename)%00%(upstream:remoteref) refs/heads/main refs/remotes/main [1ms]
2025-08-01 04:13:26.163 [warning] [Git][revParse] Unable to read file: ENOENT: no such file or directory, open '/home/heisenberg/.config/.git/refs/remotes/origin/main'
2025-08-01 04:13:26.164 [info] > git rev-parse refs/remotes/origin/main [1ms]
2025-08-01 04:13:26.199 [info] > git status -z -uall [18ms]
2025-08-01 04:13:26.205 [info] > git for-each-ref --sort -committerdate --format %(refname)%00%(objectname)%00%(*objectname) [6ms]
2025-08-01 04:13:33.947 [info] > git config --get commit.template [1ms]
2025-08-01 04:13:33.966 [info] > git for-each-ref --format=%(refname)%00%(upstream:short)%00%(objectname)%00%(upstream:track)%00%(upstream:remotename)%00%(upstream:remoteref) refs/heads/main refs/remotes/main [2ms]
2025-08-01 04:13:33.984 [warning] [Git][revParse] Unable to read file: ENOENT: no such file or directory, open '/home/heisenberg/.config/.git/refs/remotes/origin/main'
2025-08-01 04:13:33.985 [info] > git rev-parse refs/remotes/origin/main [1ms]
2025-08-01 04:13:34.020 [info] > git status -z -uall [18ms]
2025-08-01 04:13:34.026 [info] > git for-each-ref --sort -committerdate --format %(refname)%00%(objectname)%00%(*objectname) [7ms]
2025-08-01 04:22:05.319 [info] > git config --get commit.template [1ms]
2025-08-01 04:22:05.336 [info] > git for-each-ref --format=%(refname)%00%(upstream:short)%00%(objectname)%00%(upstream:track)%00%(upstream:remotename)%00%(upstream:remoteref) refs/heads/main refs/remotes/main [1ms]
2025-08-01 04:22:05.349 [warning] [Git][revParse] Unable to read file: ENOENT: no such file or directory, open '/home/heisenberg/.config/.git/refs/remotes/origin/main'
2025-08-01 04:22:05.350 [info] > git rev-parse refs/remotes/origin/main [1ms]
2025-08-01 04:22:05.379 [info] > git status -z -uall [16ms]
2025-08-01 04:22:05.382 [info] > git for-each-ref --sort -committerdate --format %(refname)%00%(objectname)%00%(*objectname) [4ms]
2025-08-01 04:22:17.040 [info] > git config --get commit.template [1ms]
2025-08-01 04:22:17.061 [info] > git for-each-ref --format=%(refname)%00%(upstream:short)%00%(objectname)%00%(upstream:track)%00%(upstream:remotename)%00%(upstream:remoteref) refs/heads/main refs/remotes/main [1ms]
2025-08-01 04:22:17.079 [warning] [Git][revParse] Unable to read file: ENOENT: no such file or directory, open '/home/heisenberg/.config/.git/refs/remotes/origin/main'
2025-08-01 04:22:17.080 [info] > git rev-parse refs/remotes/origin/main [1ms]
2025-08-01 04:22:17.113 [info] > git status -z -uall [18ms]
2025-08-01 04:22:17.120 [info] > git for-each-ref --sort -committerdate --format %(refname)%00%(objectname)%00%(*objectname) [8ms]
2025-08-01 04:22:56.564 [info] > git config --get commit.template [1ms]
2025-08-01 04:22:56.582 [info] > git for-each-ref --format=%(refname)%00%(upstream:short)%00%(objectname)%00%(upstream:track)%00%(upstream:remotename)%00%(upstream:remoteref) refs/heads/main refs/remotes/main [1ms]
2025-08-01 04:22:56.598 [warning] [Git][revParse] Unable to read file: ENOENT: no such file or directory, open '/home/heisenberg/.config/.git/refs/remotes/origin/main'
2025-08-01 04:22:56.600 [info] > git rev-parse refs/remotes/origin/main [1ms]
2025-08-01 04:22:56.634 [info] > git status -z -uall [18ms]
2025-08-01 04:22:56.638 [info] > git for-each-ref --sort -committerdate --format %(refname)%00%(objectname)%00%(*objectname) [5ms]
2025-08-01 04:24:31.630 [info] > git config --get commit.template [17ms]
2025-08-01 04:24:31.631 [info] > git for-each-ref --format=%(refname)%00%(upstream:short)%00%(objectname)%00%(upstream:track)%00%(upstream:remotename)%00%(upstream:remoteref) refs/heads/main refs/remotes/main [1ms]
2025-08-01 04:24:31.646 [warning] [Git][revParse] Unable to read file: ENOENT: no such file or directory, open '/home/heisenberg/.config/.git/refs/remotes/origin/main'
2025-08-01 04:24:31.647 [info] > git rev-parse refs/remotes/origin/main [1ms]
2025-08-01 04:24:31.680 [info] > git status -z -uall [17ms]
2025-08-01 04:24:31.686 [info] > git for-each-ref --sort -committerdate --format %(refname)%00%(objectname)%00%(*objectname) [7ms]
2025-08-01 04:26:59.606 [info] > git for-each-ref --format=%(refname)%00%(upstream:short)%00%(objectname)%00%(upstream:track)%00%(upstream:remotename)%00%(upstream:remoteref) refs/heads/main refs/remotes/main [2ms]
2025-08-01 04:26:59.606 [info] > git config --get commit.template [24ms]
2025-08-01 04:26:59.626 [warning] [Git][revParse] Unable to read file: ENOENT: no such file or directory, open '/home/heisenberg/.config/.git/refs/remotes/origin/main'
2025-08-01 04:26:59.628 [info] > git rev-parse refs/remotes/origin/main [2ms]
2025-08-01 04:26:59.667 [info] > git status -z -uall [20ms]
2025-08-01 04:26:59.673 [info] > git for-each-ref --sort -committerdate --format %(refname)%00%(objectname)%00%(*objectname) [7ms]
2025-08-01 04:27:19.881 [info] > git config --get commit.template [17ms]
2025-08-01 04:27:19.882 [info] > git for-each-ref --format=%(refname)%00%(upstream:short)%00%(objectname)%00%(upstream:track)%00%(upstream:remotename)%00%(upstream:remoteref) refs/heads/main refs/remotes/main [2ms]
2025-08-01 04:27:19.898 [warning] [Git][revParse] Unable to read file: ENOENT: no such file or directory, open '/home/heisenberg/.config/.git/refs/remotes/origin/main'
2025-08-01 04:27:19.899 [info] > git rev-parse refs/remotes/origin/main [1ms]
2025-08-01 04:27:19.934 [info] > git status -z -uall [19ms]
2025-08-01 04:27:19.940 [info] > git for-each-ref --sort -committerdate --format %(refname)%00%(objectname)%00%(*objectname) [7ms]
2025-08-01 04:27:36.828 [info] > git config --get commit.template [2ms]
2025-08-01 04:27:36.853 [info] > git for-each-ref --format=%(refname)%00%(upstream:short)%00%(objectname)%00%(upstream:track)%00%(upstream:remotename)%00%(upstream:remoteref) refs/heads/main refs/remotes/main [2ms]
2025-08-01 04:27:36.875 [warning] [Git][revParse] Unable to read file: ENOENT: no such file or directory, open '/home/heisenberg/.config/.git/refs/remotes/origin/main'
2025-08-01 04:27:36.877 [info] > git rev-parse refs/remotes/origin/main [2ms]
2025-08-01 04:27:36.925 [info] > git status -z -uall [26ms]
2025-08-01 04:27:36.930 [info] > git for-each-ref --sort -committerdate --format %(refname)%00%(objectname)%00%(*objectname) [6ms]
2025-08-01 04:27:42.035 [info] > git config --get commit.template [18ms]
2025-08-01 04:27:42.036 [info] > git for-each-ref --format=%(refname)%00%(upstream:short)%00%(objectname)%00%(upstream:track)%00%(upstream:remotename)%00%(upstream:remoteref) refs/heads/main refs/remotes/main [1ms]
2025-08-01 04:27:42.053 [warning] [Git][revParse] Unable to read file: ENOENT: no such file or directory, open '/home/heisenberg/.config/.git/refs/remotes/origin/main'
2025-08-01 04:27:42.054 [info] > git rev-parse refs/remotes/origin/main [1ms]
2025-08-01 04:27:42.095 [info] > git status -z -uall [23ms]
2025-08-01 04:27:42.101 [info] > git for-each-ref --sort -committerdate --format %(refname)%00%(objectname)%00%(*objectname) [7ms]
2025-08-01 04:27:47.182 [info] > git config --get commit.template [16ms]
2025-08-01 04:27:47.183 [info] > git for-each-ref --format=%(refname)%00%(upstream:short)%00%(objectname)%00%(upstream:track)%00%(upstream:remotename)%00%(upstream:remoteref) refs/heads/main refs/remotes/main [1ms]
2025-08-01 04:27:47.198 [warning] [Git][revParse] Unable to read file: ENOENT: no such file or directory, open '/home/heisenberg/.config/.git/refs/remotes/origin/main'
2025-08-01 04:27:47.199 [info] > git rev-parse refs/remotes/origin/main [1ms]
2025-08-01 04:27:47.232 [info] > git status -z -uall [17ms]
2025-08-01 04:27:47.236 [info] > git for-each-ref --sort -committerdate --format %(refname)%00%(objectname)%00%(*objectname) [5ms]
