Sun Jul 27 04:07:37 AM IST 2025: 🔄 Enhanced Hyprland Workspace Save
Sun Jul 27 04:07:37 AM IST 2025: ==================================
Sun Jul 27 04:07:38 AM IST 2025: 📱 Saving detailed application layouts...
Sun Jul 27 04:07:38 AM IST 2025: 💾 Saving workspace 2 layout...
Sun Jul 27 04:07:38 AM IST 2025:    └─ 1 windows saved
Sun Jul 27 04:07:38 AM IST 2025: 💾 Saving workspace 3 layout...
Sun Jul 27 04:07:38 AM IST 2025:    └─ 1 windows saved
Sun Jul 27 04:07:38 AM IST 2025: 💾 Saving workspace 5 layout...
Sun Jul 27 04:07:38 AM IST 2025:    └─ 2 windows saved
Sun Jul 27 04:07:38 AM IST 2025: 💾 Saving workspace 9 layout...
Sun Jul 27 04:07:38 AM IST 2025:    └─ 1 windows saved
Sun Jul 27 04:07:38 AM IST 2025: 💾 Saving workspace 10 layout...
Sun Jul 27 04:07:38 AM IST 2025:    └─ 1 windows saved
Sun Jul 27 04:07:38 AM IST 2025: 💾 Saving workspace 1 layout...
Sun Jul 27 04:07:38 AM IST 2025:    └─ 1 windows saved
Sun Jul 27 04:07:38 AM IST 2025: 💾 Saving workspace 4 layout...
Sun Jul 27 04:07:38 AM IST 2025:    └─ 1 windows saved
Sun Jul 27 04:07:38 AM IST 2025: ✅ Workspace state saved to /home/heisenberg/.config/hyprland-workspaces
Sun Jul 27 04:07:38 AM IST 2025: Last saved: Sun Jul 27 04:07:38 AM IST 2025
Sun Jul 27 04:18:28 AM IST 2025: 🔄 Enhanced Hyprland Workspace Save
Sun Jul 27 04:18:28 AM IST 2025: ==================================
Sun Jul 27 04:18:28 AM IST 2025: 📱 Saving detailed application layouts...
Sun Jul 27 04:18:28 AM IST 2025: 💾 Saving workspace 1 layout...
Sun Jul 27 04:18:28 AM IST 2025:    └─ 1 windows saved
Sun Jul 27 04:18:28 AM IST 2025: 💾 Saving workspace 2 layout...
Sun Jul 27 04:18:28 AM IST 2025:    └─ 1 windows saved
Sun Jul 27 04:18:28 AM IST 2025: 💾 Saving workspace 5 layout...
Sun Jul 27 04:18:28 AM IST 2025:    └─ 2 windows saved
Sun Jul 27 04:18:28 AM IST 2025: 💾 Saving workspace 4 layout...
Sun Jul 27 04:18:28 AM IST 2025:    └─ 1 windows saved
Sun Jul 27 04:18:28 AM IST 2025: 💾 Saving workspace 10 layout...
Sun Jul 27 04:18:28 AM IST 2025:    └─ 1 windows saved
Sun Jul 27 04:18:28 AM IST 2025: 💾 Saving workspace 3 layout...
Sun Jul 27 04:18:28 AM IST 2025:    └─ 1 windows saved
Sun Jul 27 04:18:28 AM IST 2025: ✅ Workspace state saved to /home/heisenberg/.config/hyprland-workspaces
Sun Jul 27 04:18:28 AM IST 2025: Last saved: Sun Jul 27 04:18:28 AM IST 2025
Sun Jul 27 04:28:28 AM IST 2025: 🔄 Enhanced Hyprland Workspace Save
Sun Jul 27 04:28:28 AM IST 2025: ==================================
Sun Jul 27 04:28:28 AM IST 2025: 📱 Saving detailed application layouts...
Sun Jul 27 04:28:28 AM IST 2025: 💾 Saving workspace 1 layout...
Sun Jul 27 04:28:28 AM IST 2025:    └─ 1 windows saved
Sun Jul 27 04:28:28 AM IST 2025: 💾 Saving workspace 2 layout...
Sun Jul 27 04:28:28 AM IST 2025:    └─ 1 windows saved
Sun Jul 27 04:28:28 AM IST 2025: 💾 Saving workspace 5 layout...
Sun Jul 27 04:28:28 AM IST 2025:    └─ 2 windows saved
Sun Jul 27 04:28:28 AM IST 2025: 💾 Saving workspace 4 layout...
Sun Jul 27 04:28:28 AM IST 2025:    └─ 1 windows saved
Sun Jul 27 04:28:28 AM IST 2025: 💾 Saving workspace 10 layout...
Sun Jul 27 04:28:28 AM IST 2025:    └─ 1 windows saved
Sun Jul 27 04:28:28 AM IST 2025: 💾 Saving workspace 3 layout...
Sun Jul 27 04:28:28 AM IST 2025:    └─ 1 windows saved
Sun Jul 27 04:28:28 AM IST 2025: ✅ Workspace state saved to /home/heisenberg/.config/hyprland-workspaces
Sun Jul 27 04:28:28 AM IST 2025: Last saved: Sun Jul 27 04:28:28 AM IST 2025
Sun Jul 27 04:38:28 AM IST 2025: 🔄 Enhanced Hyprland Workspace Save
Sun Jul 27 04:38:28 AM IST 2025: ==================================
Sun Jul 27 04:38:28 AM IST 2025: 📱 Saving detailed application layouts...
Sun Jul 27 04:38:28 AM IST 2025: 💾 Saving workspace 1 layout...
Sun Jul 27 04:38:28 AM IST 2025:    └─ 1 windows saved
Sun Jul 27 04:38:28 AM IST 2025: 💾 Saving workspace 2 layout...
Sun Jul 27 04:38:29 AM IST 2025:    └─ 1 windows saved
Sun Jul 27 04:38:29 AM IST 2025: 💾 Saving workspace 5 layout...
Sun Jul 27 04:38:29 AM IST 2025:    └─ 2 windows saved
Sun Jul 27 04:38:29 AM IST 2025: 💾 Saving workspace 4 layout...
Sun Jul 27 04:38:29 AM IST 2025:    └─ 1 windows saved
Sun Jul 27 04:38:29 AM IST 2025: 💾 Saving workspace 10 layout...
Sun Jul 27 04:38:29 AM IST 2025:    └─ 1 windows saved
Sun Jul 27 04:38:29 AM IST 2025: 💾 Saving workspace 3 layout...
Sun Jul 27 04:38:29 AM IST 2025:    └─ 1 windows saved
Sun Jul 27 04:38:29 AM IST 2025: ✅ Workspace state saved to /home/heisenberg/.config/hyprland-workspaces
Sun Jul 27 04:38:29 AM IST 2025: Last saved: Sun Jul 27 04:38:29 AM IST 2025
Sun Jul 27 04:48:29 AM IST 2025: 🔄 Enhanced Hyprland Workspace Save
Sun Jul 27 04:48:29 AM IST 2025: ==================================
Sun Jul 27 04:48:29 AM IST 2025: 📱 Saving detailed application layouts...
Sun Jul 27 04:48:29 AM IST 2025: 💾 Saving workspace 1 layout...
Sun Jul 27 04:48:29 AM IST 2025:    └─ 1 windows saved
Sun Jul 27 04:48:29 AM IST 2025: 💾 Saving workspace 2 layout...
Sun Jul 27 04:48:29 AM IST 2025:    └─ 1 windows saved
Sun Jul 27 04:48:29 AM IST 2025: 💾 Saving workspace 5 layout...
Sun Jul 27 04:48:29 AM IST 2025:    └─ 2 windows saved
Sun Jul 27 04:48:29 AM IST 2025: 💾 Saving workspace 4 layout...
Sun Jul 27 04:48:29 AM IST 2025:    └─ 1 windows saved
Sun Jul 27 04:48:29 AM IST 2025: 💾 Saving workspace 10 layout...
Sun Jul 27 04:48:29 AM IST 2025:    └─ 1 windows saved
Sun Jul 27 04:48:29 AM IST 2025: 💾 Saving workspace 3 layout...
Sun Jul 27 04:48:29 AM IST 2025:    └─ 1 windows saved
Sun Jul 27 04:48:29 AM IST 2025: ✅ Workspace state saved to /home/heisenberg/.config/hyprland-workspaces
Sun Jul 27 04:48:29 AM IST 2025: Last saved: Sun Jul 27 04:48:29 AM IST 2025
Sun Jul 27 04:58:29 AM IST 2025: 🔄 Enhanced Hyprland Workspace Save
Sun Jul 27 04:58:29 AM IST 2025: ==================================
Sun Jul 27 04:58:29 AM IST 2025: 📱 Saving detailed application layouts...
Sun Jul 27 04:58:29 AM IST 2025: 💾 Saving workspace 1 layout...
Sun Jul 27 04:58:29 AM IST 2025:    └─ 1 windows saved
Sun Jul 27 04:58:29 AM IST 2025: 💾 Saving workspace 2 layout...
Sun Jul 27 04:58:29 AM IST 2025:    └─ 1 windows saved
Sun Jul 27 04:58:29 AM IST 2025: 💾 Saving workspace 5 layout...
Sun Jul 27 04:58:29 AM IST 2025:    └─ 2 windows saved
Sun Jul 27 04:58:29 AM IST 2025: 💾 Saving workspace 4 layout...
Sun Jul 27 04:58:29 AM IST 2025:    └─ 1 windows saved
Sun Jul 27 04:58:29 AM IST 2025: 💾 Saving workspace 10 layout...
Sun Jul 27 04:58:29 AM IST 2025:    └─ 1 windows saved
Sun Jul 27 04:58:29 AM IST 2025: 💾 Saving workspace 3 layout...
Sun Jul 27 04:58:29 AM IST 2025:    └─ 1 windows saved
Sun Jul 27 04:58:29 AM IST 2025: ✅ Workspace state saved to /home/heisenberg/.config/hyprland-workspaces
Sun Jul 27 04:58:29 AM IST 2025: Last saved: Sun Jul 27 04:58:29 AM IST 2025
Sun Jul 27 05:08:29 AM IST 2025: 🔄 Enhanced Hyprland Workspace Save
Sun Jul 27 05:08:29 AM IST 2025: ==================================
Sun Jul 27 05:08:29 AM IST 2025: 📱 Saving detailed application layouts...
Sun Jul 27 05:08:30 AM IST 2025: 💾 Saving workspace 1 layout...
Sun Jul 27 05:08:30 AM IST 2025:    └─ 1 windows saved
Sun Jul 27 05:08:30 AM IST 2025: 💾 Saving workspace 2 layout...
Sun Jul 27 05:08:30 AM IST 2025:    └─ 1 windows saved
Sun Jul 27 05:08:30 AM IST 2025: 💾 Saving workspace 5 layout...
Sun Jul 27 05:08:30 AM IST 2025:    └─ 2 windows saved
Sun Jul 27 05:08:30 AM IST 2025: 💾 Saving workspace 4 layout...
Sun Jul 27 05:08:30 AM IST 2025:    └─ 1 windows saved
Sun Jul 27 05:08:30 AM IST 2025: 💾 Saving workspace 10 layout...
Sun Jul 27 05:08:30 AM IST 2025:    └─ 1 windows saved
Sun Jul 27 05:08:30 AM IST 2025: 💾 Saving workspace 3 layout...
Sun Jul 27 05:08:30 AM IST 2025:    └─ 1 windows saved
Sun Jul 27 05:08:30 AM IST 2025: ✅ Workspace state saved to /home/heisenberg/.config/hyprland-workspaces
Sun Jul 27 05:08:30 AM IST 2025: Last saved: Sun Jul 27 05:08:30 AM IST 2025
Sun Jul 27 05:18:30 AM IST 2025: 🔄 Enhanced Hyprland Workspace Save
Sun Jul 27 05:18:30 AM IST 2025: ==================================
Sun Jul 27 05:18:30 AM IST 2025: 📱 Saving detailed application layouts...
Sun Jul 27 05:18:30 AM IST 2025: 💾 Saving workspace 1 layout...
Sun Jul 27 05:18:30 AM IST 2025:    └─ 1 windows saved
Sun Jul 27 05:18:30 AM IST 2025: 💾 Saving workspace 2 layout...
Sun Jul 27 05:18:30 AM IST 2025:    └─ 1 windows saved
Sun Jul 27 05:18:30 AM IST 2025: 💾 Saving workspace 5 layout...
Sun Jul 27 05:18:30 AM IST 2025:    └─ 2 windows saved
Sun Jul 27 05:18:30 AM IST 2025: 💾 Saving workspace 4 layout...
Sun Jul 27 05:18:30 AM IST 2025:    └─ 1 windows saved
Sun Jul 27 05:18:30 AM IST 2025: 💾 Saving workspace 10 layout...
Sun Jul 27 05:18:30 AM IST 2025:    └─ 1 windows saved
Sun Jul 27 05:18:30 AM IST 2025: 💾 Saving workspace 3 layout...
Sun Jul 27 05:18:30 AM IST 2025:    └─ 1 windows saved
Sun Jul 27 05:18:30 AM IST 2025: ✅ Workspace state saved to /home/heisenberg/.config/hyprland-workspaces
Sun Jul 27 05:18:30 AM IST 2025: Last saved: Sun Jul 27 05:18:30 AM IST 2025
Sun Jul 27 05:28:30 AM IST 2025: 🔄 Enhanced Hyprland Workspace Save
Sun Jul 27 05:28:30 AM IST 2025: ==================================
Sun Jul 27 05:28:30 AM IST 2025: 📱 Saving detailed application layouts...
Sun Jul 27 05:28:30 AM IST 2025: 💾 Saving workspace 1 layout...
Sun Jul 27 05:28:30 AM IST 2025:    └─ 1 windows saved
Sun Jul 27 05:28:30 AM IST 2025: 💾 Saving workspace 2 layout...
Sun Jul 27 05:28:30 AM IST 2025:    └─ 1 windows saved
Sun Jul 27 05:28:30 AM IST 2025: 💾 Saving workspace 5 layout...
Sun Jul 27 05:28:30 AM IST 2025:    └─ 2 windows saved
Sun Jul 27 05:28:30 AM IST 2025: 💾 Saving workspace 4 layout...
Sun Jul 27 05:28:30 AM IST 2025:    └─ 1 windows saved
Sun Jul 27 05:28:30 AM IST 2025: 💾 Saving workspace 10 layout...
Sun Jul 27 05:28:30 AM IST 2025:    └─ 1 windows saved
Sun Jul 27 05:28:30 AM IST 2025: 💾 Saving workspace 3 layout...
Sun Jul 27 05:28:30 AM IST 2025:    └─ 1 windows saved
Sun Jul 27 05:28:30 AM IST 2025: ✅ Workspace state saved to /home/heisenberg/.config/hyprland-workspaces
Sun Jul 27 05:28:30 AM IST 2025: Last saved: Sun Jul 27 05:28:30 AM IST 2025
Sun Jul 27 05:38:31 AM IST 2025: 🔄 Enhanced Hyprland Workspace Save
Sun Jul 27 05:38:31 AM IST 2025: ==================================
Sun Jul 27 05:38:31 AM IST 2025: 📱 Saving detailed application layouts...
Sun Jul 27 05:38:31 AM IST 2025: 💾 Saving workspace 1 layout...
Sun Jul 27 05:38:31 AM IST 2025:    └─ 1 windows saved
Sun Jul 27 05:38:31 AM IST 2025: 💾 Saving workspace 2 layout...
Sun Jul 27 05:38:31 AM IST 2025:    └─ 1 windows saved
Sun Jul 27 05:38:31 AM IST 2025: 💾 Saving workspace 5 layout...
Sun Jul 27 05:38:31 AM IST 2025:    └─ 2 windows saved
Sun Jul 27 05:38:31 AM IST 2025: 💾 Saving workspace 4 layout...
Sun Jul 27 05:38:31 AM IST 2025:    └─ 1 windows saved
Sun Jul 27 05:38:31 AM IST 2025: 💾 Saving workspace 10 layout...
Sun Jul 27 05:38:31 AM IST 2025:    └─ 1 windows saved
Sun Jul 27 05:38:31 AM IST 2025: 💾 Saving workspace 3 layout...
Sun Jul 27 05:38:31 AM IST 2025:    └─ 1 windows saved
Sun Jul 27 05:38:31 AM IST 2025: ✅ Workspace state saved to /home/heisenberg/.config/hyprland-workspaces
Sun Jul 27 05:38:31 AM IST 2025: Last saved: Sun Jul 27 05:38:31 AM IST 2025
Sun Jul 27 05:48:31 AM IST 2025: 🔄 Enhanced Hyprland Workspace Save
Sun Jul 27 05:48:31 AM IST 2025: ==================================
Sun Jul 27 05:48:31 AM IST 2025: 📱 Saving detailed application layouts...
Sun Jul 27 05:48:31 AM IST 2025: 💾 Saving workspace 1 layout...
Sun Jul 27 05:48:31 AM IST 2025:    └─ 1 windows saved
Sun Jul 27 05:48:31 AM IST 2025: 💾 Saving workspace 2 layout...
Sun Jul 27 05:48:31 AM IST 2025:    └─ 2 windows saved
Sun Jul 27 05:48:31 AM IST 2025: 💾 Saving workspace 5 layout...
Sun Jul 27 05:48:31 AM IST 2025:    └─ 2 windows saved
Sun Jul 27 05:48:31 AM IST 2025: 💾 Saving workspace 4 layout...
Sun Jul 27 05:48:31 AM IST 2025:    └─ 1 windows saved
Sun Jul 27 05:48:31 AM IST 2025: 💾 Saving workspace 10 layout...
Sun Jul 27 05:48:31 AM IST 2025:    └─ 1 windows saved
Sun Jul 27 05:48:31 AM IST 2025: 💾 Saving workspace 3 layout...
Sun Jul 27 05:48:31 AM IST 2025:    └─ 1 windows saved
Sun Jul 27 05:48:31 AM IST 2025: ✅ Workspace state saved to /home/heisenberg/.config/hyprland-workspaces
Sun Jul 27 05:48:31 AM IST 2025: Last saved: Sun Jul 27 05:48:31 AM IST 2025
Sun Jul 27 05:58:31 AM IST 2025: 🔄 Enhanced Hyprland Workspace Save
Sun Jul 27 05:58:31 AM IST 2025: ==================================
Sun Jul 27 05:58:31 AM IST 2025: 📱 Saving detailed application layouts...
Sun Jul 27 05:58:31 AM IST 2025: 💾 Saving workspace 1 layout...
Sun Jul 27 05:58:31 AM IST 2025:    └─ 1 windows saved
Sun Jul 27 05:58:31 AM IST 2025: 💾 Saving workspace 2 layout...
Sun Jul 27 05:58:31 AM IST 2025:    └─ 2 windows saved
Sun Jul 27 05:58:31 AM IST 2025: 💾 Saving workspace 5 layout...
Sun Jul 27 05:58:32 AM IST 2025:    └─ 2 windows saved
Sun Jul 27 05:58:32 AM IST 2025: 💾 Saving workspace 4 layout...
Sun Jul 27 05:58:32 AM IST 2025:    └─ 1 windows saved
Sun Jul 27 05:58:32 AM IST 2025: 💾 Saving workspace 10 layout...
Sun Jul 27 05:58:32 AM IST 2025:    └─ 1 windows saved
Sun Jul 27 05:58:32 AM IST 2025: 💾 Saving workspace 3 layout...
Sun Jul 27 05:58:32 AM IST 2025:    └─ 1 windows saved
Sun Jul 27 05:58:32 AM IST 2025: ✅ Workspace state saved to /home/heisenberg/.config/hyprland-workspaces
Sun Jul 27 05:58:32 AM IST 2025: Last saved: Sun Jul 27 05:58:32 AM IST 2025
Sun Jul 27 06:08:32 AM IST 2025: 🔄 Enhanced Hyprland Workspace Save
Sun Jul 27 06:08:32 AM IST 2025: ==================================
Sun Jul 27 06:08:32 AM IST 2025: 📱 Saving detailed application layouts...
Sun Jul 27 06:08:32 AM IST 2025: 💾 Saving workspace 1 layout...
Sun Jul 27 06:08:32 AM IST 2025:    └─ 1 windows saved
Sun Jul 27 06:08:32 AM IST 2025: 💾 Saving workspace 2 layout...
Sun Jul 27 06:08:32 AM IST 2025:    └─ 2 windows saved
Sun Jul 27 06:08:32 AM IST 2025: 💾 Saving workspace 5 layout...
Sun Jul 27 06:08:32 AM IST 2025:    └─ 2 windows saved
Sun Jul 27 06:08:32 AM IST 2025: 💾 Saving workspace 4 layout...
Sun Jul 27 06:08:32 AM IST 2025:    └─ 1 windows saved
Sun Jul 27 06:08:32 AM IST 2025: 💾 Saving workspace 10 layout...
Sun Jul 27 06:08:32 AM IST 2025:    └─ 1 windows saved
Sun Jul 27 06:08:32 AM IST 2025: 💾 Saving workspace 3 layout...
Sun Jul 27 06:08:32 AM IST 2025:    └─ 1 windows saved
Sun Jul 27 06:08:32 AM IST 2025: ✅ Workspace state saved to /home/heisenberg/.config/hyprland-workspaces
Sun Jul 27 06:08:32 AM IST 2025: Last saved: Sun Jul 27 06:08:32 AM IST 2025
Sun Jul 27 06:18:32 AM IST 2025: 🔄 Enhanced Hyprland Workspace Save
Sun Jul 27 06:18:32 AM IST 2025: ==================================
Sun Jul 27 06:18:32 AM IST 2025: 📱 Saving detailed application layouts...
Sun Jul 27 06:18:32 AM IST 2025: 💾 Saving workspace 1 layout...
Sun Jul 27 06:18:32 AM IST 2025:    └─ 1 windows saved
Sun Jul 27 06:18:32 AM IST 2025: 💾 Saving workspace 2 layout...
Sun Jul 27 06:18:32 AM IST 2025:    └─ 2 windows saved
Sun Jul 27 06:18:32 AM IST 2025: 💾 Saving workspace 5 layout...
Sun Jul 27 06:18:32 AM IST 2025:    └─ 2 windows saved
Sun Jul 27 06:18:32 AM IST 2025: 💾 Saving workspace 4 layout...
Sun Jul 27 06:18:32 AM IST 2025:    └─ 1 windows saved
Sun Jul 27 06:18:32 AM IST 2025: 💾 Saving workspace 10 layout...
Sun Jul 27 06:18:32 AM IST 2025:    └─ 1 windows saved
Sun Jul 27 06:18:32 AM IST 2025: 💾 Saving workspace 3 layout...
Sun Jul 27 06:18:32 AM IST 2025:    └─ 1 windows saved
Sun Jul 27 06:18:32 AM IST 2025: ✅ Workspace state saved to /home/heisenberg/.config/hyprland-workspaces
Sun Jul 27 06:18:32 AM IST 2025: Last saved: Sun Jul 27 06:18:32 AM IST 2025
Sun Jul 27 01:09:12 PM IST 2025: 🔄 Enhanced Hyprland Workspace Save
Sun Jul 27 01:09:12 PM IST 2025: ==================================
Sun Jul 27 01:09:12 PM IST 2025: 📱 Saving detailed application layouts...
Sun Jul 27 01:09:12 PM IST 2025: 💾 Saving workspace 1 layout...
Sun Jul 27 01:09:12 PM IST 2025:    └─ 1 windows saved
Sun Jul 27 01:09:12 PM IST 2025: 💾 Saving workspace 2 layout...
Sun Jul 27 01:09:12 PM IST 2025:    └─ 1 windows saved
Sun Jul 27 01:09:12 PM IST 2025: 💾 Saving workspace 3 layout...
Sun Jul 27 01:09:12 PM IST 2025:    └─ 2 windows saved
Sun Jul 27 01:09:12 PM IST 2025: 💾 Saving workspace 4 layout...
Sun Jul 27 01:09:12 PM IST 2025:    └─ 2 windows saved
Sun Jul 27 01:09:12 PM IST 2025: 💾 Saving workspace 5 layout...
Sun Jul 27 01:09:13 PM IST 2025:    └─ 2 windows saved
Sun Jul 27 01:09:13 PM IST 2025: 💾 Saving workspace 10 layout...
Sun Jul 27 01:09:13 PM IST 2025:    └─ 2 windows saved
Sun Jul 27 01:09:13 PM IST 2025: ✅ Workspace state saved to /home/heisenberg/.config/hyprland-workspaces
Sun Jul 27 01:09:13 PM IST 2025: Last saved: Sun Jul 27 01:09:13 PM IST 2025
Sun Jul 27 01:28:22 PM IST 2025: 🔄 Enhanced Hyprland Workspace Save
Sun Jul 27 01:28:22 PM IST 2025: ==================================
Sun Jul 27 01:28:22 PM IST 2025: 📱 Saving detailed application layouts...
Sun Jul 27 01:28:22 PM IST 2025: 💾 Saving workspace 1 layout...
Sun Jul 27 01:28:22 PM IST 2025:    └─ 1 windows saved
Sun Jul 27 01:28:22 PM IST 2025: 💾 Saving workspace 2 layout...
Sun Jul 27 01:28:22 PM IST 2025:    └─ 1 windows saved
Sun Jul 27 01:28:22 PM IST 2025: 💾 Saving workspace 3 layout...
Sun Jul 27 01:28:22 PM IST 2025:    └─ 1 windows saved
Sun Jul 27 01:28:22 PM IST 2025: 💾 Saving workspace 5 layout...
Sun Jul 27 01:28:22 PM IST 2025:    └─ 1 windows saved
Sun Jul 27 01:28:22 PM IST 2025: 💾 Saving workspace 10 layout...
Sun Jul 27 01:28:22 PM IST 2025:    └─ 1 windows saved
Sun Jul 27 01:28:22 PM IST 2025: 💾 Saving workspace 6 layout...
Sun Jul 27 01:28:22 PM IST 2025:    └─ 1 windows saved
Sun Jul 27 01:28:22 PM IST 2025: 💾 Saving workspace 4 layout...
Sun Jul 27 01:28:22 PM IST 2025:    └─ 1 windows saved
Sun Jul 27 01:28:22 PM IST 2025: 💾 Saving workspace -98 layout...
Sun Jul 27 01:28:22 PM IST 2025:    └─ 1 windows saved
Sun Jul 27 01:28:22 PM IST 2025: ✅ Workspace state saved to /home/heisenberg/.config/hyprland-workspaces
Sun Jul 27 01:28:22 PM IST 2025: Last saved: Sun Jul 27 01:28:22 PM IST 2025
Sun Jul 27 01:28:34 PM IST 2025: 🔄 Enhanced Hyprland Workspace Save
Sun Jul 27 01:28:34 PM IST 2025: ==================================
Sun Jul 27 01:28:34 PM IST 2025: 📱 Saving detailed application layouts...
Sun Jul 27 01:28:34 PM IST 2025: 💾 Saving workspace 1 layout...
Sun Jul 27 01:28:34 PM IST 2025:    └─ 1 windows saved
Sun Jul 27 01:28:34 PM IST 2025: 💾 Saving workspace 2 layout...
Sun Jul 27 01:28:34 PM IST 2025:    └─ 1 windows saved
Sun Jul 27 01:28:34 PM IST 2025: 💾 Saving workspace 3 layout...
Sun Jul 27 01:28:34 PM IST 2025:    └─ 1 windows saved
Sun Jul 27 01:28:34 PM IST 2025: 💾 Saving workspace 5 layout...
Sun Jul 27 01:28:34 PM IST 2025:    └─ 1 windows saved
Sun Jul 27 01:28:34 PM IST 2025: 💾 Saving workspace 10 layout...
Sun Jul 27 01:28:34 PM IST 2025:    └─ 1 windows saved
Sun Jul 27 01:28:34 PM IST 2025: 💾 Saving workspace 6 layout...
Sun Jul 27 01:28:34 PM IST 2025:    └─ 1 windows saved
Sun Jul 27 01:28:34 PM IST 2025: 💾 Saving workspace 4 layout...
Sun Jul 27 01:28:34 PM IST 2025:    └─ 1 windows saved
Sun Jul 27 01:28:34 PM IST 2025: 💾 Saving workspace -98 layout...
Sun Jul 27 01:28:34 PM IST 2025:    └─ 1 windows saved
Sun Jul 27 01:28:34 PM IST 2025: ✅ Workspace state saved to /home/heisenberg/.config/hyprland-workspaces
Sun Jul 27 01:28:34 PM IST 2025: Last saved: Sun Jul 27 01:28:34 PM IST 2025
Sun Jul 27 01:32:03 PM IST 2025: 🔄 Enhanced Hyprland Workspace Save
Sun Jul 27 01:32:03 PM IST 2025: ==================================
Sun Jul 27 01:32:03 PM IST 2025: 📱 Saving detailed application layouts...
Sun Jul 27 01:32:03 PM IST 2025: 💾 Saving workspace 1 layout...
Sun Jul 27 01:32:03 PM IST 2025:    └─ 1 windows saved
Sun Jul 27 01:32:03 PM IST 2025: 💾 Saving workspace 2 layout...
Sun Jul 27 01:32:04 PM IST 2025:    └─ 1 windows saved
Sun Jul 27 01:32:04 PM IST 2025: 💾 Saving workspace 3 layout...
Sun Jul 27 01:32:04 PM IST 2025:    └─ 1 windows saved
Sun Jul 27 01:32:04 PM IST 2025: 💾 Saving workspace 10 layout...
Sun Jul 27 01:32:04 PM IST 2025:    └─ 1 windows saved
Sun Jul 27 01:32:04 PM IST 2025: 💾 Saving workspace 4 layout...
Sun Jul 27 01:32:04 PM IST 2025:    └─ 1 windows saved
Sun Jul 27 01:32:04 PM IST 2025: 💾 Saving workspace -98 layout...
Sun Jul 27 01:32:04 PM IST 2025:    └─ 1 windows saved
Sun Jul 27 01:32:04 PM IST 2025: 💾 Saving workspace 9 layout...
Sun Jul 27 01:32:04 PM IST 2025:    └─ 2 windows saved
Sun Jul 27 01:32:04 PM IST 2025: 💾 Saving workspace 5 layout...
Sun Jul 27 01:32:04 PM IST 2025:    └─ 2 windows saved
Sun Jul 27 01:32:04 PM IST 2025: ✅ Workspace state saved to /home/heisenberg/.config/hyprland-workspaces
Sun Jul 27 01:32:04 PM IST 2025: Last saved: Sun Jul 27 01:32:04 PM IST 2025
Sun Jul 27 01:40:09 PM IST 2025: 🔄 Enhanced Hyprland Workspace Save
Sun Jul 27 01:40:09 PM IST 2025: ==================================
Sun Jul 27 01:40:09 PM IST 2025: 📱 Saving detailed application layouts...
Sun Jul 27 01:40:09 PM IST 2025: 💾 Saving workspace 1 layout...
Sun Jul 27 01:40:09 PM IST 2025:    └─ 1 windows saved
Sun Jul 27 01:40:09 PM IST 2025: 💾 Saving workspace 2 layout...
Sun Jul 27 01:40:09 PM IST 2025:    └─ 1 windows saved
Sun Jul 27 01:40:09 PM IST 2025: 💾 Saving workspace 5 layout...
Sun Jul 27 01:40:09 PM IST 2025:    └─ 2 windows saved
Sun Jul 27 01:40:09 PM IST 2025: 💾 Saving workspace 9 layout...
Sun Jul 27 01:40:09 PM IST 2025:    └─ 2 windows saved
Sun Jul 27 01:40:09 PM IST 2025: ✅ Workspace state saved to /home/heisenberg/.config/hyprland-workspaces
Sun Jul 27 01:40:09 PM IST 2025: Last saved: Sun Jul 27 01:40:09 PM IST 2025
Sun Jul 27 01:47:06 PM IST 2025: 🔄 Enhanced Hyprland Workspace Save
Sun Jul 27 01:47:06 PM IST 2025: ==================================
Sun Jul 27 01:47:06 PM IST 2025: 📱 Saving detailed application layouts...
Sun Jul 27 01:47:06 PM IST 2025: 💾 Saving workspace 1 layout...
Sun Jul 27 01:47:06 PM IST 2025:    └─ 1 windows saved
Sun Jul 27 01:47:06 PM IST 2025: 💾 Saving workspace 2 layout...
Sun Jul 27 01:47:06 PM IST 2025:    └─ 1 windows saved
Sun Jul 27 01:47:06 PM IST 2025: 💾 Saving workspace 5 layout...
Sun Jul 27 01:47:06 PM IST 2025:    └─ 2 windows saved
Sun Jul 27 01:47:06 PM IST 2025: 💾 Saving workspace 9 layout...
Sun Jul 27 01:47:06 PM IST 2025:    └─ 1 windows saved
Sun Jul 27 01:47:06 PM IST 2025: 💾 Saving workspace 3 layout...
Sun Jul 27 01:47:06 PM IST 2025:    └─ 1 windows saved
Sun Jul 27 01:47:06 PM IST 2025: 💾 Saving workspace 6 layout...
Sun Jul 27 01:47:06 PM IST 2025:    └─ 1 windows saved
Sun Jul 27 01:47:06 PM IST 2025: 💾 Saving workspace 4 layout...
Sun Jul 27 01:47:06 PM IST 2025:    └─ 1 windows saved
Sun Jul 27 01:47:06 PM IST 2025: 💾 Saving workspace 10 layout...
Sun Jul 27 01:47:06 PM IST 2025:    └─ 1 windows saved
Sun Jul 27 01:47:06 PM IST 2025: ✅ Workspace state saved to /home/heisenberg/.config/hyprland-workspaces
Sun Jul 27 01:47:06 PM IST 2025: Last saved: Sun Jul 27 01:47:06 PM IST 2025
Sun Jul 27 01:50:50 PM IST 2025: 🔄 Enhanced Hyprland Workspace Save
Sun Jul 27 01:50:50 PM IST 2025: ==================================
Sun Jul 27 01:50:50 PM IST 2025: 📱 Saving detailed application layouts...
Sun Jul 27 01:50:50 PM IST 2025: 💾 Saving workspace 1 layout...
Sun Jul 27 01:50:50 PM IST 2025:    └─ 1 windows saved
Sun Jul 27 01:50:50 PM IST 2025: 💾 Saving workspace 2 layout...
Sun Jul 27 01:50:50 PM IST 2025:    └─ 1 windows saved
Sun Jul 27 01:50:50 PM IST 2025: 💾 Saving workspace 5 layout...
Sun Jul 27 01:50:50 PM IST 2025:    └─ 2 windows saved
Sun Jul 27 01:50:50 PM IST 2025: 💾 Saving workspace 9 layout...
Sun Jul 27 01:50:50 PM IST 2025:    └─ 1 windows saved
Sun Jul 27 01:50:50 PM IST 2025: 💾 Saving workspace 3 layout...
Sun Jul 27 01:50:50 PM IST 2025:    └─ 1 windows saved
Sun Jul 27 01:50:50 PM IST 2025: 💾 Saving workspace 6 layout...
Sun Jul 27 01:50:50 PM IST 2025:    └─ 1 windows saved
Sun Jul 27 01:50:50 PM IST 2025: 💾 Saving workspace 4 layout...
Sun Jul 27 01:50:50 PM IST 2025:    └─ 1 windows saved
Sun Jul 27 01:50:50 PM IST 2025: 💾 Saving workspace 10 layout...
Sun Jul 27 01:50:50 PM IST 2025:    └─ 1 windows saved
Sun Jul 27 01:50:50 PM IST 2025: ✅ Workspace state saved to /home/heisenberg/.config/hyprland-workspaces
Sun Jul 27 01:50:50 PM IST 2025: Last saved: Sun Jul 27 01:50:50 PM IST 2025
Sun Jul 27 01:54:40 PM IST 2025: 🔄 Enhanced Hyprland Workspace Save
Sun Jul 27 01:54:40 PM IST 2025: ==================================
Sun Jul 27 01:54:41 PM IST 2025: 📱 Saving detailed application layouts...
Sun Jul 27 01:54:41 PM IST 2025: 💾 Saving workspace 1 layout...
Sun Jul 27 01:54:41 PM IST 2025:    └─ 1 windows saved
Sun Jul 27 01:54:41 PM IST 2025: 💾 Saving workspace 2 layout...
Sun Jul 27 01:54:41 PM IST 2025:    └─ 1 windows saved
Sun Jul 27 01:54:41 PM IST 2025: 💾 Saving workspace 5 layout...
Sun Jul 27 01:54:41 PM IST 2025:    └─ 2 windows saved
Sun Jul 27 01:54:41 PM IST 2025: 💾 Saving workspace 9 layout...
Sun Jul 27 01:54:41 PM IST 2025:    └─ 2 windows saved
Sun Jul 27 01:54:41 PM IST 2025: 💾 Saving workspace 3 layout...
Sun Jul 27 01:54:41 PM IST 2025:    └─ 1 windows saved
Sun Jul 27 01:54:41 PM IST 2025: 💾 Saving workspace 4 layout...
Sun Jul 27 01:54:41 PM IST 2025:    └─ 1 windows saved
Sun Jul 27 01:54:41 PM IST 2025: 💾 Saving workspace 10 layout...
Sun Jul 27 01:54:41 PM IST 2025:    └─ 1 windows saved
Sun Jul 27 01:54:41 PM IST 2025: ✅ Workspace state saved to /home/heisenberg/.config/hyprland-workspaces
Sun Jul 27 01:54:41 PM IST 2025: Last saved: Sun Jul 27 01:54:41 PM IST 2025
Sun Jul 27 01:57:30 PM IST 2025: 🔄 Enhanced Hyprland Workspace Save
Sun Jul 27 01:57:30 PM IST 2025: ==================================
Sun Jul 27 01:57:30 PM IST 2025: 📱 Saving detailed application layouts...
Sun Jul 27 01:57:31 PM IST 2025: 💾 Saving workspace 1 layout...
Sun Jul 27 01:57:31 PM IST 2025:    └─ 1 windows saved
Sun Jul 27 01:57:31 PM IST 2025: 💾 Saving workspace 2 layout...
Sun Jul 27 01:57:31 PM IST 2025:    └─ 1 windows saved
Sun Jul 27 01:57:31 PM IST 2025: 💾 Saving workspace 3 layout...
Sun Jul 27 01:57:31 PM IST 2025:    └─ 1 windows saved
Sun Jul 27 01:57:31 PM IST 2025: 💾 Saving workspace 4 layout...
Sun Jul 27 01:57:31 PM IST 2025:    └─ 1 windows saved
Sun Jul 27 01:57:31 PM IST 2025: 💾 Saving workspace 5 layout...
Sun Jul 27 01:57:31 PM IST 2025:    └─ 2 windows saved
Sun Jul 27 01:57:31 PM IST 2025: 💾 Saving workspace 9 layout...
Sun Jul 27 01:57:31 PM IST 2025:    └─ 2 windows saved
Sun Jul 27 01:57:31 PM IST 2025: ✅ Workspace state saved to /home/heisenberg/.config/hyprland-workspaces
Sun Jul 27 01:57:31 PM IST 2025: Last saved: Sun Jul 27 01:57:31 PM IST 2025
Sun Jul 27 02:08:10 PM IST 2025: 🔄 Enhanced Hyprland Workspace Save
Sun Jul 27 02:08:10 PM IST 2025: ==================================
Sun Jul 27 02:08:11 PM IST 2025: 📱 Saving detailed application layouts...
Sun Jul 27 02:08:11 PM IST 2025: 💾 Saving workspace 1 layout...
Sun Jul 27 02:08:11 PM IST 2025:    └─ 1 windows saved
Sun Jul 27 02:08:11 PM IST 2025: 💾 Saving workspace 3 layout...
Sun Jul 27 02:08:11 PM IST 2025:    └─ 1 windows saved
Sun Jul 27 02:08:11 PM IST 2025: 💾 Saving workspace 4 layout...
Sun Jul 27 02:08:11 PM IST 2025:    └─ 1 windows saved
Sun Jul 27 02:08:11 PM IST 2025: 💾 Saving workspace 5 layout...
Sun Jul 27 02:08:11 PM IST 2025:    └─ 2 windows saved
Sun Jul 27 02:08:11 PM IST 2025: 💾 Saving workspace 9 layout...
Sun Jul 27 02:08:11 PM IST 2025:    └─ 1 windows saved
Sun Jul 27 02:08:11 PM IST 2025: 💾 Saving workspace 10 layout...
Sun Jul 27 02:08:11 PM IST 2025:    └─ 1 windows saved
Sun Jul 27 02:08:11 PM IST 2025: 💾 Saving workspace -98 layout...
Sun Jul 27 02:08:11 PM IST 2025:    └─ 1 windows saved
Sun Jul 27 02:08:11 PM IST 2025: ✅ Workspace state saved to /home/heisenberg/.config/hyprland-workspaces
Sun Jul 27 02:08:11 PM IST 2025: Last saved: Sun Jul 27 02:08:11 PM IST 2025
Sun Jul 27 02:18:14 PM IST 2025: 🔄 Enhanced Hyprland Workspace Save
Sun Jul 27 02:18:14 PM IST 2025: ==================================
Sun Jul 27 02:18:14 PM IST 2025: 📱 Saving detailed application layouts...
Sun Jul 27 02:18:14 PM IST 2025: 💾 Saving workspace 1 layout...
Sun Jul 27 02:18:14 PM IST 2025:    └─ 2 windows saved
Sun Jul 27 02:18:14 PM IST 2025: 💾 Saving workspace 3 layout...
Sun Jul 27 02:18:14 PM IST 2025:    └─ 1 windows saved
Sun Jul 27 02:18:14 PM IST 2025: 💾 Saving workspace 4 layout...
Sun Jul 27 02:18:14 PM IST 2025:    └─ 1 windows saved
Sun Jul 27 02:18:14 PM IST 2025: 💾 Saving workspace 5 layout...
Sun Jul 27 02:18:14 PM IST 2025:    └─ 2 windows saved
Sun Jul 27 02:18:14 PM IST 2025: 💾 Saving workspace 9 layout...
Sun Jul 27 02:18:14 PM IST 2025:    └─ 1 windows saved
Sun Jul 27 02:18:14 PM IST 2025: 💾 Saving workspace 10 layout...
Sun Jul 27 02:18:14 PM IST 2025:    └─ 1 windows saved
Sun Jul 27 02:18:14 PM IST 2025: 💾 Saving workspace -98 layout...
Sun Jul 27 02:18:14 PM IST 2025:    └─ 1 windows saved
Sun Jul 27 02:18:14 PM IST 2025: 💾 Saving workspace 2 layout...
Sun Jul 27 02:18:14 PM IST 2025:    └─ 1 windows saved
Sun Jul 27 02:18:14 PM IST 2025: ✅ Workspace state saved to /home/heisenberg/.config/hyprland-workspaces
Sun Jul 27 02:18:14 PM IST 2025: Last saved: Sun Jul 27 02:18:14 PM IST 2025
Sun Jul 27 02:24:48 PM IST 2025: 🔄 Enhanced Hyprland Workspace Save
Sun Jul 27 02:24:48 PM IST 2025: ==================================
Sun Jul 27 02:24:48 PM IST 2025: 📱 Saving detailed application layouts...
Sun Jul 27 02:24:49 PM IST 2025: 💾 Saving workspace 1 layout...
Sun Jul 27 02:24:50 PM IST 2025:    └─ 1 windows saved
Sun Jul 27 02:24:50 PM IST 2025: 💾 Saving workspace 4 layout...
Sun Jul 27 02:24:50 PM IST 2025:    └─ 1 windows saved
Sun Jul 27 02:24:50 PM IST 2025: 💾 Saving workspace 5 layout...
Sun Jul 27 02:24:50 PM IST 2025:    └─ 2 windows saved
Sun Jul 27 02:24:50 PM IST 2025: 💾 Saving workspace 9 layout...
Sun Jul 27 02:24:50 PM IST 2025:    └─ 1 windows saved
Sun Jul 27 02:24:50 PM IST 2025: 💾 Saving workspace 10 layout...
Sun Jul 27 02:24:50 PM IST 2025:    └─ 1 windows saved
Sun Jul 27 02:24:50 PM IST 2025: 💾 Saving workspace -98 layout...
Sun Jul 27 02:24:50 PM IST 2025:    └─ 1 windows saved
Sun Jul 27 02:24:50 PM IST 2025: 💾 Saving workspace 2 layout...
Sun Jul 27 02:24:50 PM IST 2025:    └─ 1 windows saved
Sun Jul 27 02:24:50 PM IST 2025: 💾 Saving workspace 3 layout...
Sun Jul 27 02:24:50 PM IST 2025:    └─ 1 windows saved
Sun Jul 27 02:24:50 PM IST 2025: ✅ Workspace state saved to /home/heisenberg/.config/hyprland-workspaces
Sun Jul 27 02:24:50 PM IST 2025: Last saved: Sun Jul 27 02:24:50 PM IST 2025
Sun Jul 27 02:24:57 PM IST 2025: 🔄 Enhanced Hyprland Workspace Save
Sun Jul 27 02:24:57 PM IST 2025: ==================================
Sun Jul 27 02:24:57 PM IST 2025: 📱 Saving detailed application layouts...
Sun Jul 27 02:25:02 PM IST 2025: 💾 Saving workspace 1 layout...
Sun Jul 27 02:25:02 PM IST 2025:    └─ 1 windows saved
Sun Jul 27 02:25:02 PM IST 2025: 💾 Saving workspace 4 layout...
Sun Jul 27 02:25:02 PM IST 2025:    └─ 1 windows saved
Sun Jul 27 02:25:02 PM IST 2025: 💾 Saving workspace 5 layout...
Sun Jul 27 02:25:02 PM IST 2025:    └─ 2 windows saved
Sun Jul 27 02:25:02 PM IST 2025: 💾 Saving workspace 9 layout...
Sun Jul 27 02:25:02 PM IST 2025:    └─ 1 windows saved
Sun Jul 27 02:25:02 PM IST 2025: 💾 Saving workspace 10 layout...
Sun Jul 27 02:25:02 PM IST 2025:    └─ 1 windows saved
Sun Jul 27 02:25:02 PM IST 2025: 💾 Saving workspace -98 layout...
Sun Jul 27 02:25:02 PM IST 2025:    └─ 1 windows saved
Sun Jul 27 02:25:02 PM IST 2025: 💾 Saving workspace 2 layout...
Sun Jul 27 02:25:02 PM IST 2025:    └─ 1 windows saved
Sun Jul 27 02:25:02 PM IST 2025: 💾 Saving workspace 3 layout...
Sun Jul 27 02:25:02 PM IST 2025:    └─ 1 windows saved
Sun Jul 27 02:25:02 PM IST 2025: ✅ Workspace state saved to /home/heisenberg/.config/hyprland-workspaces
Sun Jul 27 02:25:02 PM IST 2025: Last saved: Sun Jul 27 02:25:02 PM IST 2025
Sun Jul 27 02:28:19 PM IST 2025: 🔄 Enhanced Hyprland Workspace Save
Sun Jul 27 02:28:19 PM IST 2025: ==================================
Sun Jul 27 02:28:19 PM IST 2025: 📱 Saving detailed application layouts...
Sun Jul 27 02:28:19 PM IST 2025: 💾 Saving workspace 1 layout...
Sun Jul 27 02:28:19 PM IST 2025:    └─ 1 windows saved
Sun Jul 27 02:28:19 PM IST 2025: 💾 Saving workspace 4 layout...
Sun Jul 27 02:28:19 PM IST 2025:    └─ 1 windows saved
Sun Jul 27 02:28:19 PM IST 2025: 💾 Saving workspace 5 layout...
Sun Jul 27 02:28:19 PM IST 2025:    └─ 2 windows saved
Sun Jul 27 02:28:19 PM IST 2025: 💾 Saving workspace 9 layout...
Sun Jul 27 02:28:19 PM IST 2025:    └─ 1 windows saved
Sun Jul 27 02:28:19 PM IST 2025: 💾 Saving workspace 10 layout...
Sun Jul 27 02:28:19 PM IST 2025:    └─ 1 windows saved
Sun Jul 27 02:28:19 PM IST 2025: 💾 Saving workspace -98 layout...
Sun Jul 27 02:28:19 PM IST 2025:    └─ 1 windows saved
Sun Jul 27 02:28:19 PM IST 2025: 💾 Saving workspace 2 layout...
Sun Jul 27 02:28:19 PM IST 2025:    └─ 1 windows saved
Sun Jul 27 02:28:19 PM IST 2025: 💾 Saving workspace 3 layout...
Sun Jul 27 02:28:19 PM IST 2025:    └─ 1 windows saved
Sun Jul 27 02:28:19 PM IST 2025: ✅ Workspace state saved to /home/heisenberg/.config/hyprland-workspaces
Sun Jul 27 02:28:19 PM IST 2025: Last saved: Sun Jul 27 02:28:19 PM IST 2025
Sun Jul 27 02:45:25 PM IST 2025: 🔄 Enhanced Hyprland Workspace Save
Sun Jul 27 02:45:25 PM IST 2025: ==================================
Sun Jul 27 02:45:25 PM IST 2025: 📱 Saving detailed application layouts...
Sun Jul 27 02:45:25 PM IST 2025: 💾 Saving workspace 1 layout...
Sun Jul 27 02:45:25 PM IST 2025:    └─ 1 windows saved
Sun Jul 27 02:45:25 PM IST 2025: 💾 Saving workspace 3 layout...
Sun Jul 27 02:45:25 PM IST 2025:    └─ 1 windows saved
Sun Jul 27 02:45:25 PM IST 2025: 💾 Saving workspace 4 layout...
Sun Jul 27 02:45:25 PM IST 2025:    └─ 1 windows saved
Sun Jul 27 02:45:25 PM IST 2025: 💾 Saving workspace 5 layout...
Sun Jul 27 02:45:25 PM IST 2025:    └─ 2 windows saved
Sun Jul 27 02:45:25 PM IST 2025: 💾 Saving workspace 9 layout...
Sun Jul 27 02:45:25 PM IST 2025:    └─ 1 windows saved
Sun Jul 27 02:45:25 PM IST 2025: 💾 Saving workspace 10 layout...
Sun Jul 27 02:45:25 PM IST 2025:    └─ 1 windows saved
Sun Jul 27 02:45:25 PM IST 2025: ✅ Workspace state saved to /home/heisenberg/.config/hyprland-workspaces
Sun Jul 27 02:45:25 PM IST 2025: Last saved: Sun Jul 27 02:45:25 PM IST 2025
Sun Jul 27 02:50:23 PM IST 2025: 🔄 Enhanced Hyprland Workspace Save
Sun Jul 27 02:50:23 PM IST 2025: ==================================
Sun Jul 27 02:50:23 PM IST 2025: 📱 Saving detailed application layouts...
Sun Jul 27 02:50:23 PM IST 2025: 💾 Saving workspace 1 layout...
Sun Jul 27 02:50:23 PM IST 2025:    └─ 1 windows saved
Sun Jul 27 02:50:23 PM IST 2025: 💾 Saving workspace 3 layout...
Sun Jul 27 02:50:23 PM IST 2025:    └─ 1 windows saved
Sun Jul 27 02:50:24 PM IST 2025: 💾 Saving workspace 4 layout...
Sun Jul 27 02:50:24 PM IST 2025:    └─ 1 windows saved
Sun Jul 27 02:50:24 PM IST 2025: 💾 Saving workspace 5 layout...
Sun Jul 27 02:50:24 PM IST 2025:    └─ 2 windows saved
Sun Jul 27 02:50:24 PM IST 2025: 💾 Saving workspace 9 layout...
Sun Jul 27 02:50:24 PM IST 2025:    └─ 1 windows saved
Sun Jul 27 02:50:24 PM IST 2025: 💾 Saving workspace 10 layout...
Sun Jul 27 02:50:24 PM IST 2025:    └─ 1 windows saved
Sun Jul 27 02:50:24 PM IST 2025: ✅ Workspace state saved to /home/heisenberg/.config/hyprland-workspaces
Sun Jul 27 02:50:24 PM IST 2025: Last saved: Sun Jul 27 02:50:24 PM IST 2025
Sun Jul 27 02:55:25 PM IST 2025: 🔄 Enhanced Hyprland Workspace Save
Sun Jul 27 02:55:25 PM IST 2025: ==================================
Sun Jul 27 02:55:25 PM IST 2025: 📱 Saving detailed application layouts...
Sun Jul 27 02:55:26 PM IST 2025: 💾 Saving workspace 1 layout...
Sun Jul 27 02:55:26 PM IST 2025:    └─ 1 windows saved
Sun Jul 27 02:55:26 PM IST 2025: 💾 Saving workspace 3 layout...
Sun Jul 27 02:55:26 PM IST 2025:    └─ 1 windows saved
Sun Jul 27 02:55:26 PM IST 2025: 💾 Saving workspace 4 layout...
Sun Jul 27 02:55:26 PM IST 2025:    └─ 1 windows saved
Sun Jul 27 02:55:26 PM IST 2025: 💾 Saving workspace 5 layout...
Sun Jul 27 02:55:26 PM IST 2025:    └─ 2 windows saved
Sun Jul 27 02:55:26 PM IST 2025: 💾 Saving workspace 9 layout...
Sun Jul 27 02:55:26 PM IST 2025:    └─ 1 windows saved
Sun Jul 27 02:55:26 PM IST 2025: 💾 Saving workspace 10 layout...
Sun Jul 27 02:55:26 PM IST 2025:    └─ 1 windows saved
Sun Jul 27 02:55:26 PM IST 2025: ✅ Workspace state saved to /home/heisenberg/.config/hyprland-workspaces
Sun Jul 27 02:55:26 PM IST 2025: Last saved: Sun Jul 27 02:55:26 PM IST 2025
Sun Jul 27 03:05:26 PM IST 2025: 🔄 Enhanced Hyprland Workspace Save
Sun Jul 27 03:05:26 PM IST 2025: ==================================
Sun Jul 27 03:05:26 PM IST 2025: 📱 Saving detailed application layouts...
Sun Jul 27 03:05:26 PM IST 2025: 💾 Saving workspace 3 layout...
Sun Jul 27 03:05:26 PM IST 2025:    └─ 1 windows saved
Sun Jul 27 03:05:26 PM IST 2025: 💾 Saving workspace 4 layout...
Sun Jul 27 03:05:26 PM IST 2025:    └─ 1 windows saved
Sun Jul 27 03:05:26 PM IST 2025: 💾 Saving workspace 5 layout...
Sun Jul 27 03:05:26 PM IST 2025:    └─ 2 windows saved
Sun Jul 27 03:05:26 PM IST 2025: 💾 Saving workspace 9 layout...
Sun Jul 27 03:05:26 PM IST 2025:    └─ 1 windows saved
Sun Jul 27 03:05:26 PM IST 2025: 💾 Saving workspace 10 layout...
Sun Jul 27 03:05:26 PM IST 2025:    └─ 1 windows saved
Sun Jul 27 03:05:26 PM IST 2025: 💾 Saving workspace 1 layout...
Sun Jul 27 03:05:26 PM IST 2025:    └─ 1 windows saved
Sun Jul 27 03:05:26 PM IST 2025: 💾 Saving workspace 8 layout...
Sun Jul 27 03:05:26 PM IST 2025:    └─ 1 windows saved
Sun Jul 27 03:05:26 PM IST 2025: ✅ Workspace state saved to /home/heisenberg/.config/hyprland-workspaces
Sun Jul 27 03:05:26 PM IST 2025: Last saved: Sun Jul 27 03:05:26 PM IST 2025
Sun Jul 27 03:15:26 PM IST 2025: 🔄 Enhanced Hyprland Workspace Save
Sun Jul 27 03:15:26 PM IST 2025: ==================================
Sun Jul 27 03:15:26 PM IST 2025: 📱 Saving detailed application layouts...
Sun Jul 27 03:15:26 PM IST 2025: 💾 Saving workspace 3 layout...
Sun Jul 27 03:15:26 PM IST 2025:    └─ 1 windows saved
Sun Jul 27 03:15:26 PM IST 2025: 💾 Saving workspace 4 layout...
Sun Jul 27 03:15:26 PM IST 2025:    └─ 1 windows saved
Sun Jul 27 03:15:26 PM IST 2025: 💾 Saving workspace 5 layout...
Sun Jul 27 03:15:26 PM IST 2025:    └─ 2 windows saved
Sun Jul 27 03:15:26 PM IST 2025: 💾 Saving workspace 9 layout...
Sun Jul 27 03:15:26 PM IST 2025:    └─ 1 windows saved
Sun Jul 27 03:15:26 PM IST 2025: 💾 Saving workspace 10 layout...
Sun Jul 27 03:15:26 PM IST 2025:    └─ 1 windows saved
Sun Jul 27 03:15:26 PM IST 2025: 💾 Saving workspace 1 layout...
Sun Jul 27 03:15:26 PM IST 2025:    └─ 1 windows saved
Sun Jul 27 03:15:26 PM IST 2025: 💾 Saving workspace 8 layout...
Sun Jul 27 03:15:26 PM IST 2025:    └─ 1 windows saved
Sun Jul 27 03:15:26 PM IST 2025: ✅ Workspace state saved to /home/heisenberg/.config/hyprland-workspaces
Sun Jul 27 03:15:26 PM IST 2025: Last saved: Sun Jul 27 03:15:26 PM IST 2025
Sun Jul 27 03:25:26 PM IST 2025: 🔄 Enhanced Hyprland Workspace Save
Sun Jul 27 03:25:26 PM IST 2025: ==================================
Sun Jul 27 03:25:26 PM IST 2025: 📱 Saving detailed application layouts...
Sun Jul 27 03:25:26 PM IST 2025: 💾 Saving workspace 3 layout...
Sun Jul 27 03:25:26 PM IST 2025:    └─ 1 windows saved
Sun Jul 27 03:25:26 PM IST 2025: 💾 Saving workspace 4 layout...
Sun Jul 27 03:25:26 PM IST 2025:    └─ 1 windows saved
Sun Jul 27 03:25:26 PM IST 2025: 💾 Saving workspace 5 layout...
Sun Jul 27 03:25:26 PM IST 2025:    └─ 2 windows saved
Sun Jul 27 03:25:26 PM IST 2025: 💾 Saving workspace 9 layout...
Sun Jul 27 03:25:26 PM IST 2025:    └─ 1 windows saved
Sun Jul 27 03:25:26 PM IST 2025: 💾 Saving workspace 10 layout...
Sun Jul 27 03:25:26 PM IST 2025:    └─ 1 windows saved
Sun Jul 27 03:25:26 PM IST 2025: 💾 Saving workspace 1 layout...
Sun Jul 27 03:25:26 PM IST 2025:    └─ 1 windows saved
Sun Jul 27 03:25:26 PM IST 2025: 💾 Saving workspace 8 layout...
Sun Jul 27 03:25:26 PM IST 2025:    └─ 1 windows saved
Sun Jul 27 03:25:26 PM IST 2025: ✅ Workspace state saved to /home/heisenberg/.config/hyprland-workspaces
Sun Jul 27 03:25:26 PM IST 2025: Last saved: Sun Jul 27 03:25:26 PM IST 2025
Sun Jul 27 03:35:26 PM IST 2025: 🔄 Enhanced Hyprland Workspace Save
Sun Jul 27 03:35:26 PM IST 2025: ==================================
Sun Jul 27 03:35:26 PM IST 2025: 📱 Saving detailed application layouts...
Sun Jul 27 03:35:26 PM IST 2025: 💾 Saving workspace 3 layout...
Sun Jul 27 03:35:26 PM IST 2025:    └─ 1 windows saved
Sun Jul 27 03:35:26 PM IST 2025: 💾 Saving workspace 4 layout...
Sun Jul 27 03:35:26 PM IST 2025:    └─ 1 windows saved
Sun Jul 27 03:35:26 PM IST 2025: 💾 Saving workspace 5 layout...
Sun Jul 27 03:35:26 PM IST 2025:    └─ 2 windows saved
Sun Jul 27 03:35:26 PM IST 2025: 💾 Saving workspace 9 layout...
Sun Jul 27 03:35:26 PM IST 2025:    └─ 1 windows saved
Sun Jul 27 03:35:26 PM IST 2025: 💾 Saving workspace 10 layout...
Sun Jul 27 03:35:26 PM IST 2025:    └─ 1 windows saved
Sun Jul 27 03:35:26 PM IST 2025: 💾 Saving workspace 1 layout...
Sun Jul 27 03:35:26 PM IST 2025:    └─ 1 windows saved
Sun Jul 27 03:35:26 PM IST 2025: 💾 Saving workspace 8 layout...
Sun Jul 27 03:35:26 PM IST 2025:    └─ 1 windows saved
Sun Jul 27 03:35:26 PM IST 2025: ✅ Workspace state saved to /home/heisenberg/.config/hyprland-workspaces
Sun Jul 27 03:35:26 PM IST 2025: Last saved: Sun Jul 27 03:35:26 PM IST 2025
Sun Jul 27 03:45:26 PM IST 2025: 🔄 Enhanced Hyprland Workspace Save
Sun Jul 27 03:45:26 PM IST 2025: ==================================
Sun Jul 27 03:45:26 PM IST 2025: 📱 Saving detailed application layouts...
Sun Jul 27 03:45:27 PM IST 2025: 💾 Saving workspace 3 layout...
Sun Jul 27 03:45:27 PM IST 2025:    └─ 1 windows saved
Sun Jul 27 03:45:27 PM IST 2025: 💾 Saving workspace 4 layout...
Sun Jul 27 03:45:27 PM IST 2025:    └─ 1 windows saved
Sun Jul 27 03:45:27 PM IST 2025: 💾 Saving workspace 5 layout...
Sun Jul 27 03:45:27 PM IST 2025:    └─ 2 windows saved
Sun Jul 27 03:45:27 PM IST 2025: 💾 Saving workspace 9 layout...
Sun Jul 27 03:45:27 PM IST 2025:    └─ 1 windows saved
Sun Jul 27 03:45:27 PM IST 2025: 💾 Saving workspace 10 layout...
Sun Jul 27 03:45:27 PM IST 2025:    └─ 1 windows saved
Sun Jul 27 03:45:27 PM IST 2025: 💾 Saving workspace 1 layout...
Sun Jul 27 03:45:27 PM IST 2025:    └─ 1 windows saved
Sun Jul 27 03:45:27 PM IST 2025: 💾 Saving workspace 8 layout...
Sun Jul 27 03:45:27 PM IST 2025:    └─ 1 windows saved
Sun Jul 27 03:45:27 PM IST 2025: ✅ Workspace state saved to /home/heisenberg/.config/hyprland-workspaces
Sun Jul 27 03:45:27 PM IST 2025: Last saved: Sun Jul 27 03:45:27 PM IST 2025
Sun Jul 27 03:55:27 PM IST 2025: 🔄 Enhanced Hyprland Workspace Save
Sun Jul 27 03:55:27 PM IST 2025: ==================================
Sun Jul 27 03:55:27 PM IST 2025: 📱 Saving detailed application layouts...
Sun Jul 27 03:55:27 PM IST 2025: 💾 Saving workspace 3 layout...
Sun Jul 27 03:55:27 PM IST 2025:    └─ 1 windows saved
Sun Jul 27 03:55:27 PM IST 2025: 💾 Saving workspace 4 layout...
Sun Jul 27 03:55:27 PM IST 2025:    └─ 1 windows saved
Sun Jul 27 03:55:27 PM IST 2025: 💾 Saving workspace 5 layout...
Sun Jul 27 03:55:27 PM IST 2025:    └─ 2 windows saved
Sun Jul 27 03:55:27 PM IST 2025: 💾 Saving workspace 9 layout...
Sun Jul 27 03:55:27 PM IST 2025:    └─ 1 windows saved
Sun Jul 27 03:55:27 PM IST 2025: 💾 Saving workspace 10 layout...
Sun Jul 27 03:55:27 PM IST 2025:    └─ 1 windows saved
Sun Jul 27 03:55:27 PM IST 2025: 💾 Saving workspace 1 layout...
Sun Jul 27 03:55:27 PM IST 2025:    └─ 1 windows saved
Sun Jul 27 03:55:27 PM IST 2025: 💾 Saving workspace 8 layout...
Sun Jul 27 03:55:27 PM IST 2025:    └─ 1 windows saved
Sun Jul 27 03:55:27 PM IST 2025: ✅ Workspace state saved to /home/heisenberg/.config/hyprland-workspaces
Sun Jul 27 03:55:27 PM IST 2025: Last saved: Sun Jul 27 03:55:27 PM IST 2025
Sun Jul 27 04:05:27 PM IST 2025: 🔄 Enhanced Hyprland Workspace Save
Sun Jul 27 04:05:27 PM IST 2025: ==================================
Sun Jul 27 04:05:27 PM IST 2025: 📱 Saving detailed application layouts...
Sun Jul 27 04:05:27 PM IST 2025: 💾 Saving workspace 3 layout...
Sun Jul 27 04:05:27 PM IST 2025:    └─ 1 windows saved
Sun Jul 27 04:05:27 PM IST 2025: 💾 Saving workspace 4 layout...
Sun Jul 27 04:05:27 PM IST 2025:    └─ 1 windows saved
Sun Jul 27 04:05:27 PM IST 2025: 💾 Saving workspace 5 layout...
Sun Jul 27 04:05:27 PM IST 2025:    └─ 2 windows saved
Sun Jul 27 04:05:27 PM IST 2025: 💾 Saving workspace 9 layout...
Sun Jul 27 04:05:27 PM IST 2025:    └─ 1 windows saved
Sun Jul 27 04:05:27 PM IST 2025: 💾 Saving workspace 10 layout...
Sun Jul 27 04:05:27 PM IST 2025:    └─ 1 windows saved
Sun Jul 27 04:05:27 PM IST 2025: 💾 Saving workspace 1 layout...
Sun Jul 27 04:05:27 PM IST 2025:    └─ 1 windows saved
Sun Jul 27 04:05:27 PM IST 2025: 💾 Saving workspace 8 layout...
Sun Jul 27 04:05:27 PM IST 2025:    └─ 1 windows saved
Sun Jul 27 04:05:27 PM IST 2025: ✅ Workspace state saved to /home/heisenberg/.config/hyprland-workspaces
Sun Jul 27 04:05:27 PM IST 2025: Last saved: Sun Jul 27 04:05:27 PM IST 2025
Sun Jul 27 04:12:40 PM IST 2025: 🔄 Enhanced Hyprland Workspace Save
Sun Jul 27 04:12:40 PM IST 2025: ==================================
Sun Jul 27 04:12:40 PM IST 2025: 📱 Saving detailed application layouts...
Sun Jul 27 04:12:40 PM IST 2025: 💾 Saving workspace 3 layout...
Sun Jul 27 04:12:40 PM IST 2025:    └─ 1 windows saved
Sun Jul 27 04:12:40 PM IST 2025: 💾 Saving workspace 4 layout...
Sun Jul 27 04:12:40 PM IST 2025:    └─ 1 windows saved
Sun Jul 27 04:12:40 PM IST 2025: 💾 Saving workspace 5 layout...
Sun Jul 27 04:12:40 PM IST 2025:    └─ 2 windows saved
Sun Jul 27 04:12:40 PM IST 2025: 💾 Saving workspace 9 layout...
Sun Jul 27 04:12:40 PM IST 2025:    └─ 1 windows saved
Sun Jul 27 04:12:40 PM IST 2025: 💾 Saving workspace 10 layout...
Sun Jul 27 04:12:40 PM IST 2025:    └─ 1 windows saved
Sun Jul 27 04:12:40 PM IST 2025: 💾 Saving workspace 1 layout...
Sun Jul 27 04:12:40 PM IST 2025:    └─ 1 windows saved
Sun Jul 27 04:12:40 PM IST 2025: ✅ Workspace state saved to /home/heisenberg/.config/hyprland-workspaces
Sun Jul 27 04:12:40 PM IST 2025: Last saved: Sun Jul 27 04:12:40 PM IST 2025
Sun Jul 27 05:00:51 PM IST 2025: 🔄 Enhanced Hyprland Workspace Save
Sun Jul 27 05:00:51 PM IST 2025: ==================================
Sun Jul 27 05:00:51 PM IST 2025: 📱 Saving detailed application layouts...
Sun Jul 27 05:00:51 PM IST 2025: 💾 Saving workspace 3 layout...
Sun Jul 27 05:00:51 PM IST 2025:    └─ 1 windows saved
Sun Jul 27 05:00:51 PM IST 2025: 💾 Saving workspace 4 layout...
Sun Jul 27 05:00:51 PM IST 2025:    └─ 1 windows saved
Sun Jul 27 05:00:51 PM IST 2025: 💾 Saving workspace 5 layout...
Sun Jul 27 05:00:51 PM IST 2025:    └─ 2 windows saved
Sun Jul 27 05:00:51 PM IST 2025: 💾 Saving workspace 9 layout...
Sun Jul 27 05:00:51 PM IST 2025:    └─ 1 windows saved
Sun Jul 27 05:00:51 PM IST 2025: 💾 Saving workspace 10 layout...
Sun Jul 27 05:00:51 PM IST 2025:    └─ 1 windows saved
Sun Jul 27 05:00:51 PM IST 2025: 💾 Saving workspace 1 layout...
Sun Jul 27 05:00:51 PM IST 2025:    └─ 1 windows saved
Sun Jul 27 05:00:51 PM IST 2025: 💾 Saving workspace -98 layout...
Sun Jul 27 05:00:51 PM IST 2025:    └─ 1 windows saved
Sun Jul 27 05:00:51 PM IST 2025: ✅ Workspace state saved to /home/heisenberg/.config/hyprland-workspaces
Sun Jul 27 05:00:51 PM IST 2025: Last saved: Sun Jul 27 05:00:51 PM IST 2025
Sun Jul 27 05:10:51 PM IST 2025: 🔄 Enhanced Hyprland Workspace Save
Sun Jul 27 05:10:51 PM IST 2025: ==================================
Sun Jul 27 05:10:51 PM IST 2025: 📱 Saving detailed application layouts...
Sun Jul 27 05:10:51 PM IST 2025: 💾 Saving workspace 3 layout...
Sun Jul 27 05:10:51 PM IST 2025:    └─ 1 windows saved
Sun Jul 27 05:10:51 PM IST 2025: 💾 Saving workspace 4 layout...
Sun Jul 27 05:10:51 PM IST 2025:    └─ 1 windows saved
Sun Jul 27 05:10:51 PM IST 2025: 💾 Saving workspace 5 layout...
Sun Jul 27 05:10:51 PM IST 2025:    └─ 2 windows saved
Sun Jul 27 05:10:51 PM IST 2025: 💾 Saving workspace 9 layout...
Sun Jul 27 05:10:51 PM IST 2025:    └─ 1 windows saved
Sun Jul 27 05:10:51 PM IST 2025: 💾 Saving workspace 10 layout...
Sun Jul 27 05:10:51 PM IST 2025:    └─ 1 windows saved
Sun Jul 27 05:10:51 PM IST 2025: 💾 Saving workspace 1 layout...
Sun Jul 27 05:10:51 PM IST 2025:    └─ 1 windows saved
Sun Jul 27 05:10:51 PM IST 2025: 💾 Saving workspace -98 layout...
Sun Jul 27 05:10:51 PM IST 2025:    └─ 1 windows saved
Sun Jul 27 05:10:51 PM IST 2025: ✅ Workspace state saved to /home/heisenberg/.config/hyprland-workspaces
Sun Jul 27 05:10:51 PM IST 2025: Last saved: Sun Jul 27 05:10:51 PM IST 2025
Sun Jul 27 05:20:51 PM IST 2025: 🔄 Enhanced Hyprland Workspace Save
Sun Jul 27 05:20:51 PM IST 2025: ==================================
Sun Jul 27 05:20:51 PM IST 2025: 📱 Saving detailed application layouts...
Sun Jul 27 05:20:51 PM IST 2025: 💾 Saving workspace 3 layout...
Sun Jul 27 05:20:51 PM IST 2025:    └─ 1 windows saved
Sun Jul 27 05:20:51 PM IST 2025: 💾 Saving workspace 4 layout...
Sun Jul 27 05:20:51 PM IST 2025:    └─ 1 windows saved
Sun Jul 27 05:20:51 PM IST 2025: 💾 Saving workspace 5 layout...
Sun Jul 27 05:20:51 PM IST 2025:    └─ 2 windows saved
Sun Jul 27 05:20:51 PM IST 2025: 💾 Saving workspace 9 layout...
Sun Jul 27 05:20:51 PM IST 2025:    └─ 1 windows saved
Sun Jul 27 05:20:51 PM IST 2025: 💾 Saving workspace 10 layout...
Sun Jul 27 05:20:51 PM IST 2025:    └─ 1 windows saved
Sun Jul 27 05:20:51 PM IST 2025: 💾 Saving workspace 1 layout...
Sun Jul 27 05:20:51 PM IST 2025:    └─ 1 windows saved
Sun Jul 27 05:20:51 PM IST 2025: 💾 Saving workspace -98 layout...
Sun Jul 27 05:20:51 PM IST 2025:    └─ 1 windows saved
Sun Jul 27 05:20:51 PM IST 2025: ✅ Workspace state saved to /home/heisenberg/.config/hyprland-workspaces
Sun Jul 27 05:20:51 PM IST 2025: Last saved: Sun Jul 27 05:20:51 PM IST 2025
Sun Jul 27 05:30:51 PM IST 2025: 🔄 Enhanced Hyprland Workspace Save
Sun Jul 27 05:30:51 PM IST 2025: ==================================
Sun Jul 27 05:30:51 PM IST 2025: 📱 Saving detailed application layouts...
Sun Jul 27 05:30:51 PM IST 2025: 💾 Saving workspace 3 layout...
Sun Jul 27 05:30:51 PM IST 2025:    └─ 1 windows saved
Sun Jul 27 05:30:51 PM IST 2025: 💾 Saving workspace 4 layout...
Sun Jul 27 05:30:51 PM IST 2025:    └─ 1 windows saved
Sun Jul 27 05:30:51 PM IST 2025: 💾 Saving workspace 5 layout...
Sun Jul 27 05:30:51 PM IST 2025:    └─ 2 windows saved
Sun Jul 27 05:30:51 PM IST 2025: 💾 Saving workspace 9 layout...
Sun Jul 27 05:30:51 PM IST 2025:    └─ 1 windows saved
Sun Jul 27 05:30:51 PM IST 2025: 💾 Saving workspace 10 layout...
Sun Jul 27 05:30:51 PM IST 2025:    └─ 1 windows saved
Sun Jul 27 05:30:51 PM IST 2025: 💾 Saving workspace 1 layout...
Sun Jul 27 05:30:51 PM IST 2025:    └─ 1 windows saved
Sun Jul 27 05:30:51 PM IST 2025: 💾 Saving workspace -98 layout...
Sun Jul 27 05:30:51 PM IST 2025:    └─ 1 windows saved
Sun Jul 27 05:30:51 PM IST 2025: ✅ Workspace state saved to /home/heisenberg/.config/hyprland-workspaces
Sun Jul 27 05:30:51 PM IST 2025: Last saved: Sun Jul 27 05:30:51 PM IST 2025
Sun Jul 27 05:40:51 PM IST 2025: 🔄 Enhanced Hyprland Workspace Save
Sun Jul 27 05:40:51 PM IST 2025: ==================================
Sun Jul 27 05:40:51 PM IST 2025: 📱 Saving detailed application layouts...
Sun Jul 27 05:40:51 PM IST 2025: 💾 Saving workspace 3 layout...
Sun Jul 27 05:40:51 PM IST 2025:    └─ 1 windows saved
Sun Jul 27 05:40:51 PM IST 2025: 💾 Saving workspace 4 layout...
Sun Jul 27 05:40:51 PM IST 2025:    └─ 1 windows saved
Sun Jul 27 05:40:51 PM IST 2025: 💾 Saving workspace 5 layout...
Sun Jul 27 05:40:51 PM IST 2025:    └─ 2 windows saved
Sun Jul 27 05:40:51 PM IST 2025: 💾 Saving workspace 9 layout...
Sun Jul 27 05:40:51 PM IST 2025:    └─ 1 windows saved
Sun Jul 27 05:40:51 PM IST 2025: 💾 Saving workspace 10 layout...
Sun Jul 27 05:40:51 PM IST 2025:    └─ 1 windows saved
Sun Jul 27 05:40:51 PM IST 2025: 💾 Saving workspace 1 layout...
Sun Jul 27 05:40:51 PM IST 2025:    └─ 1 windows saved
Sun Jul 27 05:40:51 PM IST 2025: 💾 Saving workspace -98 layout...
Sun Jul 27 05:40:51 PM IST 2025:    └─ 1 windows saved
Sun Jul 27 05:40:51 PM IST 2025: ✅ Workspace state saved to /home/heisenberg/.config/hyprland-workspaces
Sun Jul 27 05:40:51 PM IST 2025: Last saved: Sun Jul 27 05:40:51 PM IST 2025
Sun Jul 27 05:50:51 PM IST 2025: 🔄 Enhanced Hyprland Workspace Save
Sun Jul 27 05:50:51 PM IST 2025: ==================================
Sun Jul 27 05:50:51 PM IST 2025: 📱 Saving detailed application layouts...
Sun Jul 27 05:50:52 PM IST 2025: 💾 Saving workspace 3 layout...
Sun Jul 27 05:50:52 PM IST 2025:    └─ 1 windows saved
Sun Jul 27 05:50:52 PM IST 2025: 💾 Saving workspace 4 layout...
Sun Jul 27 05:50:52 PM IST 2025:    └─ 1 windows saved
Sun Jul 27 05:50:52 PM IST 2025: 💾 Saving workspace 5 layout...
Sun Jul 27 05:50:52 PM IST 2025:    └─ 2 windows saved
Sun Jul 27 05:50:52 PM IST 2025: 💾 Saving workspace 9 layout...
Sun Jul 27 05:50:52 PM IST 2025:    └─ 1 windows saved
Sun Jul 27 05:50:52 PM IST 2025: 💾 Saving workspace 10 layout...
Sun Jul 27 05:50:52 PM IST 2025:    └─ 1 windows saved
Sun Jul 27 05:50:52 PM IST 2025: 💾 Saving workspace 1 layout...
Sun Jul 27 05:50:52 PM IST 2025:    └─ 1 windows saved
Sun Jul 27 05:50:52 PM IST 2025: 💾 Saving workspace -98 layout...
Sun Jul 27 05:50:52 PM IST 2025:    └─ 1 windows saved
Sun Jul 27 05:50:52 PM IST 2025: ✅ Workspace state saved to /home/heisenberg/.config/hyprland-workspaces
Sun Jul 27 05:50:52 PM IST 2025: Last saved: Sun Jul 27 05:50:52 PM IST 2025
Sun Jul 27 06:00:52 PM IST 2025: 🔄 Enhanced Hyprland Workspace Save
Sun Jul 27 06:00:52 PM IST 2025: ==================================
Sun Jul 27 06:00:52 PM IST 2025: 📱 Saving detailed application layouts...
Sun Jul 27 06:00:52 PM IST 2025: 💾 Saving workspace 3 layout...
Sun Jul 27 06:00:52 PM IST 2025:    └─ 1 windows saved
Sun Jul 27 06:00:52 PM IST 2025: 💾 Saving workspace 4 layout...
Sun Jul 27 06:00:52 PM IST 2025:    └─ 1 windows saved
Sun Jul 27 06:00:52 PM IST 2025: 💾 Saving workspace 5 layout...
Sun Jul 27 06:00:52 PM IST 2025:    └─ 2 windows saved
Sun Jul 27 06:00:52 PM IST 2025: 💾 Saving workspace 9 layout...
Sun Jul 27 06:00:52 PM IST 2025:    └─ 1 windows saved
Sun Jul 27 06:00:52 PM IST 2025: 💾 Saving workspace 10 layout...
Sun Jul 27 06:00:52 PM IST 2025:    └─ 1 windows saved
Sun Jul 27 06:00:52 PM IST 2025: 💾 Saving workspace 1 layout...
Sun Jul 27 06:00:52 PM IST 2025:    └─ 1 windows saved
Sun Jul 27 06:00:52 PM IST 2025: 💾 Saving workspace -98 layout...
Sun Jul 27 06:00:52 PM IST 2025:    └─ 1 windows saved
Sun Jul 27 06:00:52 PM IST 2025: ✅ Workspace state saved to /home/heisenberg/.config/hyprland-workspaces
Sun Jul 27 06:00:52 PM IST 2025: Last saved: Sun Jul 27 06:00:52 PM IST 2025
Sun Jul 27 06:10:52 PM IST 2025: 🔄 Enhanced Hyprland Workspace Save
Sun Jul 27 06:10:52 PM IST 2025: ==================================
Sun Jul 27 06:10:52 PM IST 2025: 📱 Saving detailed application layouts...
Sun Jul 27 06:10:52 PM IST 2025: 💾 Saving workspace 3 layout...
Sun Jul 27 06:10:52 PM IST 2025:    └─ 1 windows saved
Sun Jul 27 06:10:52 PM IST 2025: 💾 Saving workspace 4 layout...
Sun Jul 27 06:10:52 PM IST 2025:    └─ 1 windows saved
Sun Jul 27 06:10:52 PM IST 2025: 💾 Saving workspace 5 layout...
Sun Jul 27 06:10:52 PM IST 2025:    └─ 2 windows saved
Sun Jul 27 06:10:52 PM IST 2025: 💾 Saving workspace 9 layout...
Sun Jul 27 06:10:52 PM IST 2025:    └─ 1 windows saved
Sun Jul 27 06:10:52 PM IST 2025: 💾 Saving workspace 10 layout...
Sun Jul 27 06:10:52 PM IST 2025:    └─ 1 windows saved
Sun Jul 27 06:10:52 PM IST 2025: 💾 Saving workspace 1 layout...
Sun Jul 27 06:10:52 PM IST 2025:    └─ 1 windows saved
Sun Jul 27 06:10:52 PM IST 2025: 💾 Saving workspace -98 layout...
Sun Jul 27 06:10:52 PM IST 2025:    └─ 1 windows saved
Sun Jul 27 06:10:52 PM IST 2025: ✅ Workspace state saved to /home/heisenberg/.config/hyprland-workspaces
Sun Jul 27 06:10:52 PM IST 2025: Last saved: Sun Jul 27 06:10:52 PM IST 2025
Sun Jul 27 06:20:52 PM IST 2025: 🔄 Enhanced Hyprland Workspace Save
Sun Jul 27 06:20:52 PM IST 2025: ==================================
Sun Jul 27 06:20:52 PM IST 2025: 📱 Saving detailed application layouts...
Sun Jul 27 06:20:52 PM IST 2025: 💾 Saving workspace 3 layout...
Sun Jul 27 06:20:52 PM IST 2025:    └─ 1 windows saved
Sun Jul 27 06:20:52 PM IST 2025: 💾 Saving workspace 4 layout...
Sun Jul 27 06:20:52 PM IST 2025:    └─ 1 windows saved
Sun Jul 27 06:20:52 PM IST 2025: 💾 Saving workspace 5 layout...
Sun Jul 27 06:20:52 PM IST 2025:    └─ 2 windows saved
Sun Jul 27 06:20:52 PM IST 2025: 💾 Saving workspace 9 layout...
Sun Jul 27 06:20:52 PM IST 2025:    └─ 1 windows saved
Sun Jul 27 06:20:52 PM IST 2025: 💾 Saving workspace 10 layout...
Sun Jul 27 06:20:52 PM IST 2025:    └─ 1 windows saved
Sun Jul 27 06:20:52 PM IST 2025: 💾 Saving workspace 1 layout...
Sun Jul 27 06:20:52 PM IST 2025:    └─ 1 windows saved
Sun Jul 27 06:20:52 PM IST 2025: 💾 Saving workspace -98 layout...
Sun Jul 27 06:20:52 PM IST 2025:    └─ 1 windows saved
Sun Jul 27 06:20:52 PM IST 2025: ✅ Workspace state saved to /home/heisenberg/.config/hyprland-workspaces
Sun Jul 27 06:20:52 PM IST 2025: Last saved: Sun Jul 27 06:20:52 PM IST 2025
Sun Jul 27 06:30:52 PM IST 2025: 🔄 Enhanced Hyprland Workspace Save
Sun Jul 27 06:30:52 PM IST 2025: ==================================
Sun Jul 27 06:30:52 PM IST 2025: 📱 Saving detailed application layouts...
Sun Jul 27 06:30:52 PM IST 2025: 💾 Saving workspace 3 layout...
Sun Jul 27 06:30:52 PM IST 2025:    └─ 1 windows saved
Sun Jul 27 06:30:52 PM IST 2025: 💾 Saving workspace 4 layout...
Sun Jul 27 06:30:52 PM IST 2025:    └─ 1 windows saved
Sun Jul 27 06:30:52 PM IST 2025: 💾 Saving workspace 5 layout...
Sun Jul 27 06:30:52 PM IST 2025:    └─ 2 windows saved
Sun Jul 27 06:30:52 PM IST 2025: 💾 Saving workspace 9 layout...
Sun Jul 27 06:30:52 PM IST 2025:    └─ 1 windows saved
Sun Jul 27 06:30:52 PM IST 2025: 💾 Saving workspace 10 layout...
Sun Jul 27 06:30:52 PM IST 2025:    └─ 1 windows saved
Sun Jul 27 06:30:52 PM IST 2025: 💾 Saving workspace 1 layout...
Sun Jul 27 06:30:52 PM IST 2025:    └─ 1 windows saved
Sun Jul 27 06:30:52 PM IST 2025: 💾 Saving workspace -98 layout...
Sun Jul 27 06:30:52 PM IST 2025:    └─ 1 windows saved
Sun Jul 27 06:30:52 PM IST 2025: ✅ Workspace state saved to /home/heisenberg/.config/hyprland-workspaces
Sun Jul 27 06:30:52 PM IST 2025: Last saved: Sun Jul 27 06:30:52 PM IST 2025
Sun Jul 27 06:40:52 PM IST 2025: 🔄 Enhanced Hyprland Workspace Save
Sun Jul 27 06:40:52 PM IST 2025: ==================================
Sun Jul 27 06:40:52 PM IST 2025: 📱 Saving detailed application layouts...
Sun Jul 27 06:40:52 PM IST 2025: 💾 Saving workspace 3 layout...
Sun Jul 27 06:40:52 PM IST 2025:    └─ 1 windows saved
Sun Jul 27 06:40:52 PM IST 2025: 💾 Saving workspace 4 layout...
Sun Jul 27 06:40:52 PM IST 2025:    └─ 1 windows saved
Sun Jul 27 06:40:52 PM IST 2025: 💾 Saving workspace 5 layout...
Sun Jul 27 06:40:52 PM IST 2025:    └─ 2 windows saved
Sun Jul 27 06:40:52 PM IST 2025: 💾 Saving workspace 9 layout...
Sun Jul 27 06:40:52 PM IST 2025:    └─ 1 windows saved
Sun Jul 27 06:40:52 PM IST 2025: 💾 Saving workspace 10 layout...
Sun Jul 27 06:40:52 PM IST 2025:    └─ 1 windows saved
Sun Jul 27 06:40:52 PM IST 2025: 💾 Saving workspace 1 layout...
Sun Jul 27 06:40:52 PM IST 2025:    └─ 1 windows saved
Sun Jul 27 06:40:52 PM IST 2025: 💾 Saving workspace -98 layout...
Sun Jul 27 06:40:52 PM IST 2025:    └─ 1 windows saved
Sun Jul 27 06:40:52 PM IST 2025: ✅ Workspace state saved to /home/heisenberg/.config/hyprland-workspaces
Sun Jul 27 06:40:52 PM IST 2025: Last saved: Sun Jul 27 06:40:52 PM IST 2025
Sun Jul 27 06:50:52 PM IST 2025: 🔄 Enhanced Hyprland Workspace Save
Sun Jul 27 06:50:52 PM IST 2025: ==================================
Sun Jul 27 06:50:52 PM IST 2025: 📱 Saving detailed application layouts...
Sun Jul 27 06:50:52 PM IST 2025: 💾 Saving workspace 3 layout...
Sun Jul 27 06:50:52 PM IST 2025:    └─ 1 windows saved
Sun Jul 27 06:50:52 PM IST 2025: 💾 Saving workspace 4 layout...
Sun Jul 27 06:50:52 PM IST 2025:    └─ 1 windows saved
Sun Jul 27 06:50:52 PM IST 2025: 💾 Saving workspace 5 layout...
Sun Jul 27 06:50:52 PM IST 2025:    └─ 2 windows saved
Sun Jul 27 06:50:52 PM IST 2025: 💾 Saving workspace 9 layout...
Sun Jul 27 06:50:52 PM IST 2025:    └─ 1 windows saved
Sun Jul 27 06:50:52 PM IST 2025: 💾 Saving workspace 10 layout...
Sun Jul 27 06:50:52 PM IST 2025:    └─ 1 windows saved
Sun Jul 27 06:50:52 PM IST 2025: 💾 Saving workspace 1 layout...
Sun Jul 27 06:50:53 PM IST 2025:    └─ 1 windows saved
Sun Jul 27 06:50:53 PM IST 2025: 💾 Saving workspace -98 layout...
Sun Jul 27 06:50:53 PM IST 2025:    └─ 1 windows saved
Sun Jul 27 06:50:53 PM IST 2025: ✅ Workspace state saved to /home/heisenberg/.config/hyprland-workspaces
Sun Jul 27 06:50:53 PM IST 2025: Last saved: Sun Jul 27 06:50:53 PM IST 2025
Sun Jul 27 07:00:53 PM IST 2025: 🔄 Enhanced Hyprland Workspace Save
Sun Jul 27 07:00:53 PM IST 2025: ==================================
Sun Jul 27 07:00:53 PM IST 2025: 📱 Saving detailed application layouts...
Sun Jul 27 07:00:53 PM IST 2025: 💾 Saving workspace 3 layout...
Sun Jul 27 07:00:53 PM IST 2025:    └─ 1 windows saved
Sun Jul 27 07:00:53 PM IST 2025: 💾 Saving workspace 4 layout...
Sun Jul 27 07:00:53 PM IST 2025:    └─ 1 windows saved
Sun Jul 27 07:00:53 PM IST 2025: 💾 Saving workspace 5 layout...
Sun Jul 27 07:00:53 PM IST 2025:    └─ 2 windows saved
Sun Jul 27 07:00:53 PM IST 2025: 💾 Saving workspace 9 layout...
Sun Jul 27 07:00:53 PM IST 2025:    └─ 1 windows saved
Sun Jul 27 07:00:53 PM IST 2025: 💾 Saving workspace 10 layout...
Sun Jul 27 07:00:53 PM IST 2025:    └─ 1 windows saved
Sun Jul 27 07:00:53 PM IST 2025: 💾 Saving workspace 1 layout...
Sun Jul 27 07:00:53 PM IST 2025:    └─ 1 windows saved
Sun Jul 27 07:00:53 PM IST 2025: 💾 Saving workspace -98 layout...
Sun Jul 27 07:00:53 PM IST 2025:    └─ 1 windows saved
Sun Jul 27 07:00:53 PM IST 2025: ✅ Workspace state saved to /home/heisenberg/.config/hyprland-workspaces
Sun Jul 27 07:00:53 PM IST 2025: Last saved: Sun Jul 27 07:00:53 PM IST 2025
Sun Jul 27 07:10:53 PM IST 2025: 🔄 Enhanced Hyprland Workspace Save
Sun Jul 27 07:10:53 PM IST 2025: ==================================
Sun Jul 27 07:10:53 PM IST 2025: 📱 Saving detailed application layouts...
Sun Jul 27 07:10:53 PM IST 2025: 💾 Saving workspace 3 layout...
Sun Jul 27 07:10:53 PM IST 2025:    └─ 1 windows saved
Sun Jul 27 07:10:53 PM IST 2025: 💾 Saving workspace 4 layout...
Sun Jul 27 07:10:53 PM IST 2025:    └─ 1 windows saved
Sun Jul 27 07:10:53 PM IST 2025: 💾 Saving workspace 5 layout...
Sun Jul 27 07:10:53 PM IST 2025:    └─ 2 windows saved
Sun Jul 27 07:10:53 PM IST 2025: 💾 Saving workspace 9 layout...
Sun Jul 27 07:10:53 PM IST 2025:    └─ 1 windows saved
Sun Jul 27 07:10:53 PM IST 2025: 💾 Saving workspace 10 layout...
Sun Jul 27 07:10:53 PM IST 2025:    └─ 1 windows saved
Sun Jul 27 07:10:53 PM IST 2025: 💾 Saving workspace 1 layout...
Sun Jul 27 07:10:53 PM IST 2025:    └─ 1 windows saved
Sun Jul 27 07:10:53 PM IST 2025: 💾 Saving workspace -98 layout...
Sun Jul 27 07:10:53 PM IST 2025:    └─ 1 windows saved
Sun Jul 27 07:10:53 PM IST 2025: ✅ Workspace state saved to /home/heisenberg/.config/hyprland-workspaces
Sun Jul 27 07:10:53 PM IST 2025: Last saved: Sun Jul 27 07:10:53 PM IST 2025
Sun Jul 27 07:20:53 PM IST 2025: 🔄 Enhanced Hyprland Workspace Save
Sun Jul 27 07:20:53 PM IST 2025: ==================================
Sun Jul 27 07:20:53 PM IST 2025: 📱 Saving detailed application layouts...
Sun Jul 27 07:20:53 PM IST 2025: 💾 Saving workspace 3 layout...
Sun Jul 27 07:20:53 PM IST 2025:    └─ 1 windows saved
Sun Jul 27 07:20:53 PM IST 2025: 💾 Saving workspace 4 layout...
Sun Jul 27 07:20:53 PM IST 2025:    └─ 1 windows saved
Sun Jul 27 07:20:53 PM IST 2025: 💾 Saving workspace 5 layout...
Sun Jul 27 07:20:53 PM IST 2025:    └─ 2 windows saved
Sun Jul 27 07:20:53 PM IST 2025: 💾 Saving workspace 9 layout...
Sun Jul 27 07:20:53 PM IST 2025:    └─ 1 windows saved
Sun Jul 27 07:20:53 PM IST 2025: 💾 Saving workspace 10 layout...
Sun Jul 27 07:20:53 PM IST 2025:    └─ 1 windows saved
Sun Jul 27 07:20:53 PM IST 2025: 💾 Saving workspace 1 layout...
Sun Jul 27 07:20:53 PM IST 2025:    └─ 1 windows saved
Sun Jul 27 07:20:53 PM IST 2025: 💾 Saving workspace -98 layout...
Sun Jul 27 07:20:53 PM IST 2025:    └─ 1 windows saved
Sun Jul 27 07:20:53 PM IST 2025: ✅ Workspace state saved to /home/heisenberg/.config/hyprland-workspaces
Sun Jul 27 07:20:53 PM IST 2025: Last saved: Sun Jul 27 07:20:53 PM IST 2025
Sun Jul 27 07:30:53 PM IST 2025: 🔄 Enhanced Hyprland Workspace Save
Sun Jul 27 07:30:53 PM IST 2025: ==================================
Sun Jul 27 07:30:53 PM IST 2025: 📱 Saving detailed application layouts...
Sun Jul 27 07:30:53 PM IST 2025: 💾 Saving workspace 3 layout...
Sun Jul 27 07:30:53 PM IST 2025:    └─ 1 windows saved
Sun Jul 27 07:30:53 PM IST 2025: 💾 Saving workspace 4 layout...
Sun Jul 27 07:30:53 PM IST 2025:    └─ 1 windows saved
Sun Jul 27 07:30:53 PM IST 2025: 💾 Saving workspace 5 layout...
Sun Jul 27 07:30:53 PM IST 2025:    └─ 2 windows saved
Sun Jul 27 07:30:53 PM IST 2025: 💾 Saving workspace 9 layout...
Sun Jul 27 07:30:53 PM IST 2025:    └─ 1 windows saved
Sun Jul 27 07:30:53 PM IST 2025: 💾 Saving workspace 10 layout...
Sun Jul 27 07:30:53 PM IST 2025:    └─ 1 windows saved
Sun Jul 27 07:30:53 PM IST 2025: 💾 Saving workspace 1 layout...
Sun Jul 27 07:30:53 PM IST 2025:    └─ 1 windows saved
Sun Jul 27 07:30:53 PM IST 2025: 💾 Saving workspace -98 layout...
Sun Jul 27 07:30:53 PM IST 2025:    └─ 1 windows saved
Sun Jul 27 07:30:53 PM IST 2025: ✅ Workspace state saved to /home/heisenberg/.config/hyprland-workspaces
Sun Jul 27 07:30:53 PM IST 2025: Last saved: Sun Jul 27 07:30:53 PM IST 2025
Sun Jul 27 07:31:21 PM IST 2025: 🔄 Enhanced Hyprland Workspace Save
Sun Jul 27 07:31:21 PM IST 2025: ==================================
Sun Jul 27 07:31:21 PM IST 2025: 📱 Saving detailed application layouts...
Sun Jul 27 07:31:21 PM IST 2025: 💾 Saving workspace 3 layout...
Sun Jul 27 07:31:21 PM IST 2025:    └─ 1 windows saved
Sun Jul 27 07:31:21 PM IST 2025: 💾 Saving workspace 4 layout...
Sun Jul 27 07:31:21 PM IST 2025:    └─ 1 windows saved
Sun Jul 27 07:31:21 PM IST 2025: 💾 Saving workspace 5 layout...
Sun Jul 27 07:31:21 PM IST 2025:    └─ 2 windows saved
Sun Jul 27 07:31:21 PM IST 2025: 💾 Saving workspace 9 layout...
Sun Jul 27 07:31:21 PM IST 2025:    └─ 1 windows saved
Sun Jul 27 07:31:21 PM IST 2025: 💾 Saving workspace 10 layout...
Sun Jul 27 07:31:21 PM IST 2025:    └─ 1 windows saved
Sun Jul 27 07:31:21 PM IST 2025: 💾 Saving workspace 1 layout...
Sun Jul 27 07:31:21 PM IST 2025:    └─ 1 windows saved
Sun Jul 27 07:31:21 PM IST 2025: 💾 Saving workspace -98 layout...
Sun Jul 27 07:31:21 PM IST 2025:    └─ 1 windows saved
Sun Jul 27 07:31:21 PM IST 2025: ✅ Workspace state saved to /home/heisenberg/.config/hyprland-workspaces
Sun Jul 27 07:31:21 PM IST 2025: Last saved: Sun Jul 27 07:31:21 PM IST 2025
Sun Jul 27 10:18:22 PM IST 2025: 🔄 Enhanced Hyprland Workspace Save
Sun Jul 27 10:18:22 PM IST 2025: ==================================
Sun Jul 27 10:18:22 PM IST 2025: 📱 Saving detailed application layouts...
Sun Jul 27 10:18:22 PM IST 2025: 💾 Saving workspace 3 layout...
Sun Jul 27 10:18:22 PM IST 2025:    └─ 1 windows saved
Sun Jul 27 10:18:22 PM IST 2025: 💾 Saving workspace 4 layout...
Sun Jul 27 10:18:22 PM IST 2025:    └─ 1 windows saved
Sun Jul 27 10:18:22 PM IST 2025: 💾 Saving workspace 5 layout...
Sun Jul 27 10:18:22 PM IST 2025:    └─ 2 windows saved
Sun Jul 27 10:18:22 PM IST 2025: 💾 Saving workspace 9 layout...
Sun Jul 27 10:18:22 PM IST 2025:    └─ 1 windows saved
Sun Jul 27 10:18:22 PM IST 2025: 💾 Saving workspace 10 layout...
Sun Jul 27 10:18:22 PM IST 2025:    └─ 2 windows saved
Sun Jul 27 10:18:22 PM IST 2025: 💾 Saving workspace 1 layout...
Sun Jul 27 10:18:22 PM IST 2025:    └─ 1 windows saved
Sun Jul 27 10:18:22 PM IST 2025: 💾 Saving workspace -98 layout...
Sun Jul 27 10:18:22 PM IST 2025:    └─ 1 windows saved
Sun Jul 27 10:18:22 PM IST 2025: ✅ Workspace state saved to /home/heisenberg/.config/hyprland-workspaces
Sun Jul 27 10:18:22 PM IST 2025: Last saved: Sun Jul 27 10:18:22 PM IST 2025
Sun Jul 27 10:56:38 PM IST 2025: 🔄 Enhanced Hyprland Workspace Save
Sun Jul 27 10:56:38 PM IST 2025: ==================================
Sun Jul 27 10:56:38 PM IST 2025: 📱 Saving detailed application layouts...
Sun Jul 27 10:56:38 PM IST 2025: 💾 Saving workspace 3 layout...
Sun Jul 27 10:56:38 PM IST 2025:    └─ 1 windows saved
Sun Jul 27 10:56:38 PM IST 2025: 💾 Saving workspace 4 layout...
Sun Jul 27 10:56:38 PM IST 2025:    └─ 1 windows saved
Sun Jul 27 10:56:38 PM IST 2025: 💾 Saving workspace 5 layout...
Sun Jul 27 10:56:38 PM IST 2025:    └─ 2 windows saved
Sun Jul 27 10:56:38 PM IST 2025: 💾 Saving workspace 9 layout...
Sun Jul 27 10:56:38 PM IST 2025:    └─ 1 windows saved
Sun Jul 27 10:56:38 PM IST 2025: 💾 Saving workspace 10 layout...
Sun Jul 27 10:56:38 PM IST 2025:    └─ 2 windows saved
Sun Jul 27 10:56:38 PM IST 2025: 💾 Saving workspace 1 layout...
Sun Jul 27 10:56:38 PM IST 2025:    └─ 1 windows saved
Sun Jul 27 10:56:38 PM IST 2025: 💾 Saving workspace -98 layout...
Sun Jul 27 10:56:38 PM IST 2025:    └─ 1 windows saved
Sun Jul 27 10:56:38 PM IST 2025: ✅ Workspace state saved to /home/heisenberg/.config/hyprland-workspaces
Sun Jul 27 10:56:38 PM IST 2025: Last saved: Sun Jul 27 10:56:38 PM IST 2025
Sun Jul 27 11:06:38 PM IST 2025: 🔄 Enhanced Hyprland Workspace Save
Sun Jul 27 11:06:38 PM IST 2025: ==================================
Sun Jul 27 11:06:38 PM IST 2025: 📱 Saving detailed application layouts...
Sun Jul 27 11:06:38 PM IST 2025: 💾 Saving workspace 3 layout...
Sun Jul 27 11:06:38 PM IST 2025:    └─ 1 windows saved
Sun Jul 27 11:06:38 PM IST 2025: 💾 Saving workspace 4 layout...
Sun Jul 27 11:06:38 PM IST 2025:    └─ 1 windows saved
Sun Jul 27 11:06:38 PM IST 2025: 💾 Saving workspace 5 layout...
Sun Jul 27 11:06:38 PM IST 2025:    └─ 2 windows saved
Sun Jul 27 11:06:38 PM IST 2025: 💾 Saving workspace 9 layout...
Sun Jul 27 11:06:38 PM IST 2025:    └─ 1 windows saved
Sun Jul 27 11:06:38 PM IST 2025: 💾 Saving workspace 10 layout...
Sun Jul 27 11:06:38 PM IST 2025:    └─ 2 windows saved
Sun Jul 27 11:06:38 PM IST 2025: 💾 Saving workspace 1 layout...
Sun Jul 27 11:06:38 PM IST 2025:    └─ 1 windows saved
Sun Jul 27 11:06:38 PM IST 2025: 💾 Saving workspace -98 layout...
Sun Jul 27 11:06:38 PM IST 2025:    └─ 1 windows saved
Sun Jul 27 11:06:38 PM IST 2025: 💾 Saving workspace 2 layout...
Sun Jul 27 11:06:38 PM IST 2025:    └─ 1 windows saved
Sun Jul 27 11:06:38 PM IST 2025: ✅ Workspace state saved to /home/heisenberg/.config/hyprland-workspaces
Sun Jul 27 11:06:38 PM IST 2025: Last saved: Sun Jul 27 11:06:38 PM IST 2025
Sun Jul 27 11:16:38 PM IST 2025: 🔄 Enhanced Hyprland Workspace Save
Sun Jul 27 11:16:38 PM IST 2025: ==================================
Sun Jul 27 11:16:38 PM IST 2025: 📱 Saving detailed application layouts...
Sun Jul 27 11:16:38 PM IST 2025: 💾 Saving workspace 3 layout...
Sun Jul 27 11:16:38 PM IST 2025:    └─ 1 windows saved
Sun Jul 27 11:16:38 PM IST 2025: 💾 Saving workspace 4 layout...
Sun Jul 27 11:16:39 PM IST 2025:    └─ 1 windows saved
Sun Jul 27 11:16:39 PM IST 2025: 💾 Saving workspace 5 layout...
Sun Jul 27 11:16:39 PM IST 2025:    └─ 2 windows saved
Sun Jul 27 11:16:39 PM IST 2025: 💾 Saving workspace 9 layout...
Sun Jul 27 11:16:39 PM IST 2025:    └─ 1 windows saved
Sun Jul 27 11:16:39 PM IST 2025: 💾 Saving workspace 10 layout...
Sun Jul 27 11:16:39 PM IST 2025:    └─ 2 windows saved
Sun Jul 27 11:16:39 PM IST 2025: 💾 Saving workspace 1 layout...
Sun Jul 27 11:16:39 PM IST 2025:    └─ 1 windows saved
Sun Jul 27 11:16:39 PM IST 2025: 💾 Saving workspace -98 layout...
Sun Jul 27 11:16:39 PM IST 2025:    └─ 1 windows saved
Sun Jul 27 11:16:39 PM IST 2025: 💾 Saving workspace 2 layout...
Sun Jul 27 11:16:39 PM IST 2025:    └─ 1 windows saved
Sun Jul 27 11:16:39 PM IST 2025: ✅ Workspace state saved to /home/heisenberg/.config/hyprland-workspaces
Sun Jul 27 11:16:39 PM IST 2025: Last saved: Sun Jul 27 11:16:39 PM IST 2025
Sun Jul 27 11:26:39 PM IST 2025: 🔄 Enhanced Hyprland Workspace Save
Sun Jul 27 11:26:39 PM IST 2025: ==================================
Sun Jul 27 11:26:39 PM IST 2025: 📱 Saving detailed application layouts...
Sun Jul 27 11:26:39 PM IST 2025: 💾 Saving workspace 3 layout...
Sun Jul 27 11:26:39 PM IST 2025:    └─ 1 windows saved
Sun Jul 27 11:26:39 PM IST 2025: 💾 Saving workspace 4 layout...
Sun Jul 27 11:26:39 PM IST 2025:    └─ 1 windows saved
Sun Jul 27 11:26:39 PM IST 2025: 💾 Saving workspace 5 layout...
Sun Jul 27 11:26:39 PM IST 2025:    └─ 2 windows saved
Sun Jul 27 11:26:39 PM IST 2025: 💾 Saving workspace 9 layout...
Sun Jul 27 11:26:39 PM IST 2025:    └─ 1 windows saved
Sun Jul 27 11:26:39 PM IST 2025: 💾 Saving workspace 10 layout...
Sun Jul 27 11:26:39 PM IST 2025:    └─ 2 windows saved
Sun Jul 27 11:26:39 PM IST 2025: 💾 Saving workspace 1 layout...
Sun Jul 27 11:26:39 PM IST 2025:    └─ 1 windows saved
Sun Jul 27 11:26:39 PM IST 2025: 💾 Saving workspace -98 layout...
Sun Jul 27 11:26:39 PM IST 2025:    └─ 1 windows saved
Sun Jul 27 11:26:39 PM IST 2025: 💾 Saving workspace 2 layout...
Sun Jul 27 11:26:39 PM IST 2025:    └─ 1 windows saved
Sun Jul 27 11:26:39 PM IST 2025: ✅ Workspace state saved to /home/heisenberg/.config/hyprland-workspaces
Sun Jul 27 11:26:39 PM IST 2025: Last saved: Sun Jul 27 11:26:39 PM IST 2025
Sun Jul 27 11:36:40 PM IST 2025: 🔄 Enhanced Hyprland Workspace Save
Sun Jul 27 11:36:40 PM IST 2025: ==================================
Sun Jul 27 11:36:40 PM IST 2025: 📱 Saving detailed application layouts...
Sun Jul 27 11:36:40 PM IST 2025: 💾 Saving workspace 3 layout...
Sun Jul 27 11:36:40 PM IST 2025:    └─ 1 windows saved
Sun Jul 27 11:36:40 PM IST 2025: 💾 Saving workspace 4 layout...
Sun Jul 27 11:36:40 PM IST 2025:    └─ 1 windows saved
Sun Jul 27 11:36:40 PM IST 2025: 💾 Saving workspace 5 layout...
Sun Jul 27 11:36:40 PM IST 2025:    └─ 2 windows saved
Sun Jul 27 11:36:40 PM IST 2025: 💾 Saving workspace 9 layout...
Sun Jul 27 11:36:40 PM IST 2025:    └─ 1 windows saved
Sun Jul 27 11:36:40 PM IST 2025: 💾 Saving workspace 10 layout...
Sun Jul 27 11:36:40 PM IST 2025:    └─ 2 windows saved
Sun Jul 27 11:36:40 PM IST 2025: 💾 Saving workspace 1 layout...
Sun Jul 27 11:36:40 PM IST 2025:    └─ 1 windows saved
Sun Jul 27 11:36:40 PM IST 2025: 💾 Saving workspace -98 layout...
Sun Jul 27 11:36:40 PM IST 2025:    └─ 1 windows saved
Sun Jul 27 11:36:40 PM IST 2025: 💾 Saving workspace 2 layout...
Sun Jul 27 11:36:40 PM IST 2025:    └─ 1 windows saved
Sun Jul 27 11:36:40 PM IST 2025: ✅ Workspace state saved to /home/heisenberg/.config/hyprland-workspaces
Sun Jul 27 11:36:40 PM IST 2025: Last saved: Sun Jul 27 11:36:40 PM IST 2025
Sun Jul 27 11:46:40 PM IST 2025: 🔄 Enhanced Hyprland Workspace Save
Sun Jul 27 11:46:40 PM IST 2025: ==================================
Sun Jul 27 11:46:40 PM IST 2025: 📱 Saving detailed application layouts...
Sun Jul 27 11:46:40 PM IST 2025: 💾 Saving workspace 3 layout...
Sun Jul 27 11:46:40 PM IST 2025:    └─ 1 windows saved
Sun Jul 27 11:46:40 PM IST 2025: 💾 Saving workspace 4 layout...
Sun Jul 27 11:46:40 PM IST 2025:    └─ 1 windows saved
Sun Jul 27 11:46:40 PM IST 2025: 💾 Saving workspace 5 layout...
Sun Jul 27 11:46:40 PM IST 2025:    └─ 2 windows saved
Sun Jul 27 11:46:40 PM IST 2025: 💾 Saving workspace 9 layout...
Sun Jul 27 11:46:40 PM IST 2025:    └─ 1 windows saved
Sun Jul 27 11:46:40 PM IST 2025: 💾 Saving workspace 10 layout...
Sun Jul 27 11:46:40 PM IST 2025:    └─ 2 windows saved
Sun Jul 27 11:46:40 PM IST 2025: 💾 Saving workspace 1 layout...
Sun Jul 27 11:46:40 PM IST 2025:    └─ 1 windows saved
Sun Jul 27 11:46:40 PM IST 2025: 💾 Saving workspace -98 layout...
Sun Jul 27 11:46:40 PM IST 2025:    └─ 1 windows saved
Sun Jul 27 11:46:40 PM IST 2025: 💾 Saving workspace 2 layout...
Sun Jul 27 11:46:40 PM IST 2025:    └─ 1 windows saved
Sun Jul 27 11:46:40 PM IST 2025: ✅ Workspace state saved to /home/heisenberg/.config/hyprland-workspaces
Sun Jul 27 11:46:40 PM IST 2025: Last saved: Sun Jul 27 11:46:40 PM IST 2025
Sun Jul 27 11:56:40 PM IST 2025: 🔄 Enhanced Hyprland Workspace Save
Sun Jul 27 11:56:40 PM IST 2025: ==================================
Sun Jul 27 11:56:40 PM IST 2025: 📱 Saving detailed application layouts...
Sun Jul 27 11:56:40 PM IST 2025: 💾 Saving workspace 3 layout...
Sun Jul 27 11:56:40 PM IST 2025:    └─ 1 windows saved
Sun Jul 27 11:56:40 PM IST 2025: 💾 Saving workspace 4 layout...
Sun Jul 27 11:56:40 PM IST 2025:    └─ 1 windows saved
Sun Jul 27 11:56:40 PM IST 2025: 💾 Saving workspace 5 layout...
Sun Jul 27 11:56:40 PM IST 2025:    └─ 2 windows saved
Sun Jul 27 11:56:40 PM IST 2025: 💾 Saving workspace 9 layout...
Sun Jul 27 11:56:40 PM IST 2025:    └─ 1 windows saved
Sun Jul 27 11:56:40 PM IST 2025: 💾 Saving workspace 10 layout...
Sun Jul 27 11:56:40 PM IST 2025:    └─ 2 windows saved
Sun Jul 27 11:56:40 PM IST 2025: 💾 Saving workspace 1 layout...
Sun Jul 27 11:56:40 PM IST 2025:    └─ 1 windows saved
Sun Jul 27 11:56:40 PM IST 2025: 💾 Saving workspace -98 layout...
Sun Jul 27 11:56:40 PM IST 2025:    └─ 1 windows saved
Sun Jul 27 11:56:40 PM IST 2025: 💾 Saving workspace 2 layout...
Sun Jul 27 11:56:40 PM IST 2025:    └─ 1 windows saved
Sun Jul 27 11:56:40 PM IST 2025: ✅ Workspace state saved to /home/heisenberg/.config/hyprland-workspaces
Sun Jul 27 11:56:40 PM IST 2025: Last saved: Sun Jul 27 11:56:40 PM IST 2025
Mon Jul 28 12:06:40 AM IST 2025: 🔄 Enhanced Hyprland Workspace Save
Mon Jul 28 12:06:40 AM IST 2025: ==================================
Mon Jul 28 12:06:40 AM IST 2025: 📱 Saving detailed application layouts...
Mon Jul 28 12:06:40 AM IST 2025: 💾 Saving workspace 3 layout...
Mon Jul 28 12:06:40 AM IST 2025:    └─ 1 windows saved
Mon Jul 28 12:06:40 AM IST 2025: 💾 Saving workspace 4 layout...
Mon Jul 28 12:06:40 AM IST 2025:    └─ 1 windows saved
Mon Jul 28 12:06:40 AM IST 2025: 💾 Saving workspace 5 layout...
Mon Jul 28 12:06:40 AM IST 2025:    └─ 2 windows saved
Mon Jul 28 12:06:40 AM IST 2025: 💾 Saving workspace 9 layout...
Mon Jul 28 12:06:40 AM IST 2025:    └─ 1 windows saved
Mon Jul 28 12:06:40 AM IST 2025: 💾 Saving workspace 10 layout...
Mon Jul 28 12:06:40 AM IST 2025:    └─ 2 windows saved
Mon Jul 28 12:06:40 AM IST 2025: 💾 Saving workspace 1 layout...
Mon Jul 28 12:06:40 AM IST 2025:    └─ 1 windows saved
Mon Jul 28 12:06:40 AM IST 2025: 💾 Saving workspace -98 layout...
Mon Jul 28 12:06:40 AM IST 2025:    └─ 1 windows saved
Mon Jul 28 12:06:40 AM IST 2025: 💾 Saving workspace 2 layout...
Mon Jul 28 12:06:40 AM IST 2025:    └─ 1 windows saved
Mon Jul 28 12:06:40 AM IST 2025: ✅ Workspace state saved to /home/heisenberg/.config/hyprland-workspaces
Mon Jul 28 12:06:40 AM IST 2025: Last saved: Mon Jul 28 12:06:40 AM IST 2025
Mon Jul 28 12:16:40 AM IST 2025: 🔄 Enhanced Hyprland Workspace Save
Mon Jul 28 12:16:40 AM IST 2025: ==================================
Mon Jul 28 12:16:40 AM IST 2025: 📱 Saving detailed application layouts...
Mon Jul 28 12:16:40 AM IST 2025: 💾 Saving workspace 3 layout...
Mon Jul 28 12:16:40 AM IST 2025:    └─ 1 windows saved
Mon Jul 28 12:16:40 AM IST 2025: 💾 Saving workspace 4 layout...
Mon Jul 28 12:16:40 AM IST 2025:    └─ 1 windows saved
Mon Jul 28 12:16:40 AM IST 2025: 💾 Saving workspace 5 layout...
Mon Jul 28 12:16:40 AM IST 2025:    └─ 2 windows saved
Mon Jul 28 12:16:40 AM IST 2025: 💾 Saving workspace 9 layout...
Mon Jul 28 12:16:40 AM IST 2025:    └─ 1 windows saved
Mon Jul 28 12:16:40 AM IST 2025: 💾 Saving workspace 10 layout...
Mon Jul 28 12:16:41 AM IST 2025:    └─ 2 windows saved
Mon Jul 28 12:16:41 AM IST 2025: 💾 Saving workspace 1 layout...
Mon Jul 28 12:16:41 AM IST 2025:    └─ 1 windows saved
Mon Jul 28 12:16:41 AM IST 2025: 💾 Saving workspace -98 layout...
Mon Jul 28 12:16:41 AM IST 2025:    └─ 1 windows saved
Mon Jul 28 12:16:41 AM IST 2025: 💾 Saving workspace 2 layout...
Mon Jul 28 12:16:41 AM IST 2025:    └─ 1 windows saved
Mon Jul 28 12:16:41 AM IST 2025: ✅ Workspace state saved to /home/heisenberg/.config/hyprland-workspaces
Mon Jul 28 12:16:41 AM IST 2025: Last saved: Mon Jul 28 12:16:41 AM IST 2025
Mon Jul 28 12:26:41 AM IST 2025: 🔄 Enhanced Hyprland Workspace Save
Mon Jul 28 12:26:41 AM IST 2025: ==================================
Mon Jul 28 12:26:41 AM IST 2025: 📱 Saving detailed application layouts...
Mon Jul 28 12:26:41 AM IST 2025: 💾 Saving workspace 3 layout...
Mon Jul 28 12:26:41 AM IST 2025:    └─ 1 windows saved
Mon Jul 28 12:26:41 AM IST 2025: 💾 Saving workspace 4 layout...
Mon Jul 28 12:26:41 AM IST 2025:    └─ 1 windows saved
Mon Jul 28 12:26:41 AM IST 2025: 💾 Saving workspace 5 layout...
Mon Jul 28 12:26:41 AM IST 2025:    └─ 2 windows saved
Mon Jul 28 12:26:41 AM IST 2025: 💾 Saving workspace 9 layout...
Mon Jul 28 12:26:41 AM IST 2025:    └─ 1 windows saved
Mon Jul 28 12:26:41 AM IST 2025: 💾 Saving workspace 10 layout...
Mon Jul 28 12:26:41 AM IST 2025:    └─ 1 windows saved
Mon Jul 28 12:26:41 AM IST 2025: 💾 Saving workspace 1 layout...
Mon Jul 28 12:26:41 AM IST 2025:    └─ 1 windows saved
Mon Jul 28 12:26:41 AM IST 2025: 💾 Saving workspace -98 layout...
Mon Jul 28 12:26:41 AM IST 2025:    └─ 1 windows saved
Mon Jul 28 12:26:41 AM IST 2025: 💾 Saving workspace 2 layout...
Mon Jul 28 12:26:41 AM IST 2025:    └─ 1 windows saved
Mon Jul 28 12:26:41 AM IST 2025: 💾 Saving workspace 8 layout...
Mon Jul 28 12:26:41 AM IST 2025:    └─ 1 windows saved
Mon Jul 28 12:26:41 AM IST 2025: ✅ Workspace state saved to /home/heisenberg/.config/hyprland-workspaces
Mon Jul 28 12:26:41 AM IST 2025: Last saved: Mon Jul 28 12:26:41 AM IST 2025
Mon Jul 28 12:36:41 AM IST 2025: 🔄 Enhanced Hyprland Workspace Save
Mon Jul 28 12:36:41 AM IST 2025: ==================================
Mon Jul 28 12:36:41 AM IST 2025: 📱 Saving detailed application layouts...
Mon Jul 28 12:36:41 AM IST 2025: 💾 Saving workspace 3 layout...
Mon Jul 28 12:36:41 AM IST 2025:    └─ 1 windows saved
Mon Jul 28 12:36:41 AM IST 2025: 💾 Saving workspace 4 layout...
Mon Jul 28 12:36:41 AM IST 2025:    └─ 1 windows saved
Mon Jul 28 12:36:41 AM IST 2025: 💾 Saving workspace 5 layout...
Mon Jul 28 12:36:41 AM IST 2025:    └─ 2 windows saved
Mon Jul 28 12:36:41 AM IST 2025: 💾 Saving workspace 9 layout...
Mon Jul 28 12:36:41 AM IST 2025:    └─ 1 windows saved
Mon Jul 28 12:36:41 AM IST 2025: 💾 Saving workspace 10 layout...
Mon Jul 28 12:36:41 AM IST 2025:    └─ 1 windows saved
Mon Jul 28 12:36:41 AM IST 2025: 💾 Saving workspace 1 layout...
Mon Jul 28 12:36:41 AM IST 2025:    └─ 1 windows saved
Mon Jul 28 12:36:41 AM IST 2025: 💾 Saving workspace -98 layout...
Mon Jul 28 12:36:41 AM IST 2025:    └─ 1 windows saved
Mon Jul 28 12:36:41 AM IST 2025: 💾 Saving workspace 2 layout...
Mon Jul 28 12:36:41 AM IST 2025:    └─ 1 windows saved
Mon Jul 28 12:36:41 AM IST 2025: 💾 Saving workspace 8 layout...
Mon Jul 28 12:36:41 AM IST 2025:    └─ 2 windows saved
Mon Jul 28 12:36:41 AM IST 2025: ✅ Workspace state saved to /home/heisenberg/.config/hyprland-workspaces
Mon Jul 28 12:36:41 AM IST 2025: Last saved: Mon Jul 28 12:36:41 AM IST 2025
Mon Jul 28 12:46:41 AM IST 2025: 🔄 Enhanced Hyprland Workspace Save
Mon Jul 28 12:46:41 AM IST 2025: ==================================
Mon Jul 28 12:46:41 AM IST 2025: 📱 Saving detailed application layouts...
Mon Jul 28 12:46:41 AM IST 2025: 💾 Saving workspace 3 layout...
Mon Jul 28 12:46:41 AM IST 2025:    └─ 1 windows saved
Mon Jul 28 12:46:41 AM IST 2025: 💾 Saving workspace 4 layout...
Mon Jul 28 12:46:41 AM IST 2025:    └─ 1 windows saved
Mon Jul 28 12:46:41 AM IST 2025: 💾 Saving workspace 5 layout...
Mon Jul 28 12:46:41 AM IST 2025:    └─ 2 windows saved
Mon Jul 28 12:46:41 AM IST 2025: 💾 Saving workspace 9 layout...
Mon Jul 28 12:46:41 AM IST 2025:    └─ 1 windows saved
Mon Jul 28 12:46:41 AM IST 2025: 💾 Saving workspace 10 layout...
Mon Jul 28 12:46:41 AM IST 2025:    └─ 1 windows saved
Mon Jul 28 12:46:41 AM IST 2025: 💾 Saving workspace 1 layout...
Mon Jul 28 12:46:41 AM IST 2025:    └─ 1 windows saved
Mon Jul 28 12:46:41 AM IST 2025: 💾 Saving workspace -98 layout...
Mon Jul 28 12:46:41 AM IST 2025:    └─ 1 windows saved
Mon Jul 28 12:46:41 AM IST 2025: 💾 Saving workspace 2 layout...
Mon Jul 28 12:46:41 AM IST 2025:    └─ 1 windows saved
Mon Jul 28 12:46:41 AM IST 2025: 💾 Saving workspace 8 layout...
Mon Jul 28 12:46:41 AM IST 2025:    └─ 1 windows saved
Mon Jul 28 12:46:41 AM IST 2025: ✅ Workspace state saved to /home/heisenberg/.config/hyprland-workspaces
Mon Jul 28 12:46:41 AM IST 2025: Last saved: Mon Jul 28 12:46:41 AM IST 2025
Mon Jul 28 12:56:41 AM IST 2025: 🔄 Enhanced Hyprland Workspace Save
Mon Jul 28 12:56:41 AM IST 2025: ==================================
Mon Jul 28 12:56:41 AM IST 2025: 📱 Saving detailed application layouts...
Mon Jul 28 12:56:41 AM IST 2025: 💾 Saving workspace 3 layout...
Mon Jul 28 12:56:41 AM IST 2025:    └─ 1 windows saved
Mon Jul 28 12:56:41 AM IST 2025: 💾 Saving workspace 4 layout...
Mon Jul 28 12:56:41 AM IST 2025:    └─ 1 windows saved
Mon Jul 28 12:56:41 AM IST 2025: 💾 Saving workspace 5 layout...
Mon Jul 28 12:56:41 AM IST 2025:    └─ 2 windows saved
Mon Jul 28 12:56:41 AM IST 2025: 💾 Saving workspace 9 layout...
Mon Jul 28 12:56:41 AM IST 2025:    └─ 1 windows saved
Mon Jul 28 12:56:41 AM IST 2025: 💾 Saving workspace 10 layout...
Mon Jul 28 12:56:41 AM IST 2025:    └─ 1 windows saved
Mon Jul 28 12:56:41 AM IST 2025: 💾 Saving workspace 1 layout...
Mon Jul 28 12:56:41 AM IST 2025:    └─ 1 windows saved
Mon Jul 28 12:56:41 AM IST 2025: 💾 Saving workspace -98 layout...
Mon Jul 28 12:56:41 AM IST 2025:    └─ 1 windows saved
Mon Jul 28 12:56:41 AM IST 2025: 💾 Saving workspace 2 layout...
Mon Jul 28 12:56:41 AM IST 2025:    └─ 1 windows saved
Mon Jul 28 12:56:41 AM IST 2025: 💾 Saving workspace 8 layout...
Mon Jul 28 12:56:41 AM IST 2025:    └─ 1 windows saved
Mon Jul 28 12:56:41 AM IST 2025: ✅ Workspace state saved to /home/heisenberg/.config/hyprland-workspaces
Mon Jul 28 12:56:41 AM IST 2025: Last saved: Mon Jul 28 12:56:41 AM IST 2025
Mon Jul 28 01:06:41 AM IST 2025: 🔄 Enhanced Hyprland Workspace Save
Mon Jul 28 01:06:41 AM IST 2025: ==================================
Mon Jul 28 01:06:41 AM IST 2025: 📱 Saving detailed application layouts...
Mon Jul 28 01:06:42 AM IST 2025: 💾 Saving workspace 3 layout...
Mon Jul 28 01:06:42 AM IST 2025:    └─ 1 windows saved
Mon Jul 28 01:06:42 AM IST 2025: 💾 Saving workspace 4 layout...
Mon Jul 28 01:06:42 AM IST 2025:    └─ 1 windows saved
Mon Jul 28 01:06:42 AM IST 2025: 💾 Saving workspace 5 layout...
Mon Jul 28 01:06:42 AM IST 2025:    └─ 2 windows saved
Mon Jul 28 01:06:42 AM IST 2025: 💾 Saving workspace 9 layout...
Mon Jul 28 01:06:42 AM IST 2025:    └─ 1 windows saved
Mon Jul 28 01:06:42 AM IST 2025: 💾 Saving workspace 10 layout...
Mon Jul 28 01:06:42 AM IST 2025:    └─ 1 windows saved
Mon Jul 28 01:06:42 AM IST 2025: 💾 Saving workspace 1 layout...
Mon Jul 28 01:06:42 AM IST 2025:    └─ 1 windows saved
Mon Jul 28 01:06:42 AM IST 2025: 💾 Saving workspace -98 layout...
Mon Jul 28 01:06:42 AM IST 2025:    └─ 1 windows saved
Mon Jul 28 01:06:42 AM IST 2025: 💾 Saving workspace 2 layout...
Mon Jul 28 01:06:42 AM IST 2025:    └─ 1 windows saved
Mon Jul 28 01:06:42 AM IST 2025: 💾 Saving workspace 8 layout...
Mon Jul 28 01:06:42 AM IST 2025:    └─ 1 windows saved
Mon Jul 28 01:06:42 AM IST 2025: ✅ Workspace state saved to /home/heisenberg/.config/hyprland-workspaces
Mon Jul 28 01:06:42 AM IST 2025: Last saved: Mon Jul 28 01:06:42 AM IST 2025
Mon Jul 28 01:16:42 AM IST 2025: 🔄 Enhanced Hyprland Workspace Save
Mon Jul 28 01:16:42 AM IST 2025: ==================================
Mon Jul 28 01:16:42 AM IST 2025: 📱 Saving detailed application layouts...
Mon Jul 28 01:16:42 AM IST 2025: 💾 Saving workspace 3 layout...
Mon Jul 28 01:16:42 AM IST 2025:    └─ 1 windows saved
Mon Jul 28 01:16:42 AM IST 2025: 💾 Saving workspace 4 layout...
Mon Jul 28 01:16:42 AM IST 2025:    └─ 1 windows saved
Mon Jul 28 01:16:42 AM IST 2025: 💾 Saving workspace 5 layout...
Mon Jul 28 01:16:42 AM IST 2025:    └─ 2 windows saved
Mon Jul 28 01:16:42 AM IST 2025: 💾 Saving workspace 9 layout...
Mon Jul 28 01:16:42 AM IST 2025:    └─ 1 windows saved
Mon Jul 28 01:16:42 AM IST 2025: 💾 Saving workspace 10 layout...
Mon Jul 28 01:16:42 AM IST 2025:    └─ 1 windows saved
Mon Jul 28 01:16:42 AM IST 2025: 💾 Saving workspace 1 layout...
Mon Jul 28 01:16:42 AM IST 2025:    └─ 1 windows saved
Mon Jul 28 01:16:42 AM IST 2025: 💾 Saving workspace -98 layout...
Mon Jul 28 01:16:42 AM IST 2025:    └─ 1 windows saved
Mon Jul 28 01:16:42 AM IST 2025: 💾 Saving workspace 2 layout...
Mon Jul 28 01:16:42 AM IST 2025:    └─ 1 windows saved
Mon Jul 28 01:16:42 AM IST 2025: 💾 Saving workspace 8 layout...
Mon Jul 28 01:16:42 AM IST 2025:    └─ 1 windows saved
Mon Jul 28 01:16:42 AM IST 2025: ✅ Workspace state saved to /home/heisenberg/.config/hyprland-workspaces
Mon Jul 28 01:16:42 AM IST 2025: Last saved: Mon Jul 28 01:16:42 AM IST 2025
Mon Jul 28 01:26:42 AM IST 2025: 🔄 Enhanced Hyprland Workspace Save
Mon Jul 28 01:26:42 AM IST 2025: ==================================
Mon Jul 28 01:26:42 AM IST 2025: 📱 Saving detailed application layouts...
Mon Jul 28 01:26:42 AM IST 2025: 💾 Saving workspace 3 layout...
Mon Jul 28 01:26:42 AM IST 2025:    └─ 1 windows saved
Mon Jul 28 01:26:42 AM IST 2025: 💾 Saving workspace 4 layout...
Mon Jul 28 01:26:42 AM IST 2025:    └─ 1 windows saved
Mon Jul 28 01:26:42 AM IST 2025: 💾 Saving workspace 5 layout...
Mon Jul 28 01:26:42 AM IST 2025:    └─ 2 windows saved
Mon Jul 28 01:26:42 AM IST 2025: 💾 Saving workspace 9 layout...
Mon Jul 28 01:26:42 AM IST 2025:    └─ 1 windows saved
Mon Jul 28 01:26:42 AM IST 2025: 💾 Saving workspace 10 layout...
Mon Jul 28 01:26:42 AM IST 2025:    └─ 1 windows saved
Mon Jul 28 01:26:42 AM IST 2025: 💾 Saving workspace 1 layout...
Mon Jul 28 01:26:42 AM IST 2025:    └─ 1 windows saved
Mon Jul 28 01:26:42 AM IST 2025: 💾 Saving workspace -98 layout...
Mon Jul 28 01:26:42 AM IST 2025:    └─ 1 windows saved
Mon Jul 28 01:26:42 AM IST 2025: 💾 Saving workspace 2 layout...
Mon Jul 28 01:26:42 AM IST 2025:    └─ 1 windows saved
Mon Jul 28 01:26:42 AM IST 2025: 💾 Saving workspace 8 layout...
Mon Jul 28 01:26:42 AM IST 2025:    └─ 1 windows saved
Mon Jul 28 01:26:42 AM IST 2025: ✅ Workspace state saved to /home/heisenberg/.config/hyprland-workspaces
Mon Jul 28 01:26:42 AM IST 2025: Last saved: Mon Jul 28 01:26:42 AM IST 2025
Mon Jul 28 01:36:42 AM IST 2025: 🔄 Enhanced Hyprland Workspace Save
Mon Jul 28 01:36:42 AM IST 2025: ==================================
Mon Jul 28 01:36:42 AM IST 2025: 📱 Saving detailed application layouts...
Mon Jul 28 01:36:42 AM IST 2025: 💾 Saving workspace 3 layout...
Mon Jul 28 01:36:42 AM IST 2025:    └─ 1 windows saved
Mon Jul 28 01:36:42 AM IST 2025: 💾 Saving workspace 4 layout...
Mon Jul 28 01:36:42 AM IST 2025:    └─ 1 windows saved
Mon Jul 28 01:36:42 AM IST 2025: 💾 Saving workspace 5 layout...
Mon Jul 28 01:36:42 AM IST 2025:    └─ 2 windows saved
Mon Jul 28 01:36:42 AM IST 2025: 💾 Saving workspace 9 layout...
Mon Jul 28 01:36:42 AM IST 2025:    └─ 1 windows saved
Mon Jul 28 01:36:42 AM IST 2025: 💾 Saving workspace 10 layout...
Mon Jul 28 01:36:42 AM IST 2025:    └─ 1 windows saved
Mon Jul 28 01:36:42 AM IST 2025: 💾 Saving workspace 1 layout...
Mon Jul 28 01:36:42 AM IST 2025:    └─ 1 windows saved
Mon Jul 28 01:36:42 AM IST 2025: 💾 Saving workspace -98 layout...
Mon Jul 28 01:36:42 AM IST 2025:    └─ 1 windows saved
Mon Jul 28 01:36:42 AM IST 2025: 💾 Saving workspace 2 layout...
Mon Jul 28 01:36:42 AM IST 2025:    └─ 1 windows saved
Mon Jul 28 01:36:42 AM IST 2025: 💾 Saving workspace 8 layout...
Mon Jul 28 01:36:42 AM IST 2025:    └─ 1 windows saved
Mon Jul 28 01:36:42 AM IST 2025: ✅ Workspace state saved to /home/heisenberg/.config/hyprland-workspaces
Mon Jul 28 01:36:42 AM IST 2025: Last saved: Mon Jul 28 01:36:42 AM IST 2025
Mon Jul 28 01:46:42 AM IST 2025: 🔄 Enhanced Hyprland Workspace Save
Mon Jul 28 01:46:42 AM IST 2025: ==================================
Mon Jul 28 01:46:42 AM IST 2025: 📱 Saving detailed application layouts...
Mon Jul 28 01:46:42 AM IST 2025: 💾 Saving workspace 3 layout...
Mon Jul 28 01:46:42 AM IST 2025:    └─ 1 windows saved
Mon Jul 28 01:46:42 AM IST 2025: 💾 Saving workspace 4 layout...
Mon Jul 28 01:46:42 AM IST 2025:    └─ 1 windows saved
Mon Jul 28 01:46:42 AM IST 2025: 💾 Saving workspace 5 layout...
Mon Jul 28 01:46:42 AM IST 2025:    └─ 2 windows saved
Mon Jul 28 01:46:42 AM IST 2025: 💾 Saving workspace 9 layout...
Mon Jul 28 01:46:42 AM IST 2025:    └─ 1 windows saved
Mon Jul 28 01:46:42 AM IST 2025: 💾 Saving workspace 10 layout...
Mon Jul 28 01:46:42 AM IST 2025:    └─ 1 windows saved
Mon Jul 28 01:46:42 AM IST 2025: 💾 Saving workspace 1 layout...
Mon Jul 28 01:46:42 AM IST 2025:    └─ 1 windows saved
Mon Jul 28 01:46:42 AM IST 2025: 💾 Saving workspace -98 layout...
Mon Jul 28 01:46:42 AM IST 2025:    └─ 1 windows saved
Mon Jul 28 01:46:42 AM IST 2025: 💾 Saving workspace 2 layout...
Mon Jul 28 01:46:42 AM IST 2025:    └─ 1 windows saved
Mon Jul 28 01:46:42 AM IST 2025: 💾 Saving workspace 8 layout...
Mon Jul 28 01:46:42 AM IST 2025:    └─ 1 windows saved
Mon Jul 28 01:46:42 AM IST 2025: ✅ Workspace state saved to /home/heisenberg/.config/hyprland-workspaces
Mon Jul 28 01:46:42 AM IST 2025: Last saved: Mon Jul 28 01:46:42 AM IST 2025
Mon Jul 28 01:56:42 AM IST 2025: 🔄 Enhanced Hyprland Workspace Save
Mon Jul 28 01:56:42 AM IST 2025: ==================================
Mon Jul 28 01:56:42 AM IST 2025: 📱 Saving detailed application layouts...
Mon Jul 28 01:56:42 AM IST 2025: 💾 Saving workspace 3 layout...
Mon Jul 28 01:56:42 AM IST 2025:    └─ 1 windows saved
Mon Jul 28 01:56:42 AM IST 2025: 💾 Saving workspace 4 layout...
Mon Jul 28 01:56:42 AM IST 2025:    └─ 1 windows saved
Mon Jul 28 01:56:42 AM IST 2025: 💾 Saving workspace 5 layout...
Mon Jul 28 01:56:42 AM IST 2025:    └─ 2 windows saved
Mon Jul 28 01:56:42 AM IST 2025: 💾 Saving workspace 9 layout...
Mon Jul 28 01:56:42 AM IST 2025:    └─ 1 windows saved
Mon Jul 28 01:56:42 AM IST 2025: 💾 Saving workspace 10 layout...
Mon Jul 28 01:56:42 AM IST 2025:    └─ 1 windows saved
Mon Jul 28 01:56:42 AM IST 2025: 💾 Saving workspace 1 layout...
Mon Jul 28 01:56:42 AM IST 2025:    └─ 1 windows saved
Mon Jul 28 01:56:42 AM IST 2025: 💾 Saving workspace -98 layout...
Mon Jul 28 01:56:42 AM IST 2025:    └─ 1 windows saved
Mon Jul 28 01:56:42 AM IST 2025: 💾 Saving workspace 2 layout...
Mon Jul 28 01:56:42 AM IST 2025:    └─ 1 windows saved
Mon Jul 28 01:56:42 AM IST 2025: 💾 Saving workspace 8 layout...
Mon Jul 28 01:56:42 AM IST 2025:    └─ 1 windows saved
Mon Jul 28 01:56:42 AM IST 2025: ✅ Workspace state saved to /home/heisenberg/.config/hyprland-workspaces
Mon Jul 28 01:56:42 AM IST 2025: Last saved: Mon Jul 28 01:56:42 AM IST 2025
Mon Jul 28 02:06:43 AM IST 2025: 🔄 Enhanced Hyprland Workspace Save
Mon Jul 28 02:06:43 AM IST 2025: ==================================
Mon Jul 28 02:06:43 AM IST 2025: 📱 Saving detailed application layouts...
Mon Jul 28 02:06:43 AM IST 2025: 💾 Saving workspace 3 layout...
Mon Jul 28 02:06:43 AM IST 2025:    └─ 1 windows saved
Mon Jul 28 02:06:43 AM IST 2025: 💾 Saving workspace 4 layout...
Mon Jul 28 02:06:43 AM IST 2025:    └─ 1 windows saved
Mon Jul 28 02:06:43 AM IST 2025: 💾 Saving workspace 5 layout...
Mon Jul 28 02:06:43 AM IST 2025:    └─ 2 windows saved
Mon Jul 28 02:06:43 AM IST 2025: 💾 Saving workspace 9 layout...
Mon Jul 28 02:06:43 AM IST 2025:    └─ 1 windows saved
Mon Jul 28 02:06:43 AM IST 2025: 💾 Saving workspace 10 layout...
Mon Jul 28 02:06:43 AM IST 2025:    └─ 1 windows saved
Mon Jul 28 02:06:43 AM IST 2025: 💾 Saving workspace 1 layout...
Mon Jul 28 02:06:43 AM IST 2025:    └─ 1 windows saved
Mon Jul 28 02:06:43 AM IST 2025: 💾 Saving workspace -98 layout...
Mon Jul 28 02:06:43 AM IST 2025:    └─ 1 windows saved
Mon Jul 28 02:06:43 AM IST 2025: 💾 Saving workspace 2 layout...
Mon Jul 28 02:06:43 AM IST 2025:    └─ 1 windows saved
Mon Jul 28 02:06:43 AM IST 2025: 💾 Saving workspace 8 layout...
Mon Jul 28 02:06:43 AM IST 2025:    └─ 1 windows saved
Mon Jul 28 02:06:43 AM IST 2025: ✅ Workspace state saved to /home/heisenberg/.config/hyprland-workspaces
Mon Jul 28 02:06:43 AM IST 2025: Last saved: Mon Jul 28 02:06:43 AM IST 2025
Mon Jul 28 02:16:43 AM IST 2025: 🔄 Enhanced Hyprland Workspace Save
Mon Jul 28 02:16:43 AM IST 2025: ==================================
Mon Jul 28 02:16:43 AM IST 2025: 📱 Saving detailed application layouts...
Mon Jul 28 02:16:43 AM IST 2025: 💾 Saving workspace 3 layout...
Mon Jul 28 02:16:43 AM IST 2025:    └─ 1 windows saved
Mon Jul 28 02:16:43 AM IST 2025: 💾 Saving workspace 4 layout...
Mon Jul 28 02:16:43 AM IST 2025:    └─ 1 windows saved
Mon Jul 28 02:16:43 AM IST 2025: 💾 Saving workspace 5 layout...
Mon Jul 28 02:16:43 AM IST 2025:    └─ 2 windows saved
Mon Jul 28 02:16:43 AM IST 2025: 💾 Saving workspace 9 layout...
Mon Jul 28 02:16:43 AM IST 2025:    └─ 1 windows saved
Mon Jul 28 02:16:43 AM IST 2025: 💾 Saving workspace 10 layout...
Mon Jul 28 02:16:43 AM IST 2025:    └─ 1 windows saved
Mon Jul 28 02:16:43 AM IST 2025: 💾 Saving workspace 1 layout...
Mon Jul 28 02:16:43 AM IST 2025:    └─ 1 windows saved
Mon Jul 28 02:16:43 AM IST 2025: 💾 Saving workspace -98 layout...
Mon Jul 28 02:16:43 AM IST 2025:    └─ 1 windows saved
Mon Jul 28 02:16:43 AM IST 2025: 💾 Saving workspace 2 layout...
Mon Jul 28 02:16:43 AM IST 2025:    └─ 1 windows saved
Mon Jul 28 02:16:43 AM IST 2025: 💾 Saving workspace 8 layout...
Mon Jul 28 02:16:43 AM IST 2025:    └─ 1 windows saved
Mon Jul 28 02:16:43 AM IST 2025: ✅ Workspace state saved to /home/heisenberg/.config/hyprland-workspaces
Mon Jul 28 02:16:43 AM IST 2025: Last saved: Mon Jul 28 02:16:43 AM IST 2025
Mon Jul 28 02:26:43 AM IST 2025: 🔄 Enhanced Hyprland Workspace Save
Mon Jul 28 02:26:43 AM IST 2025: ==================================
Mon Jul 28 02:26:43 AM IST 2025: 📱 Saving detailed application layouts...
Mon Jul 28 02:26:43 AM IST 2025: 💾 Saving workspace 3 layout...
Mon Jul 28 02:26:43 AM IST 2025:    └─ 1 windows saved
Mon Jul 28 02:26:43 AM IST 2025: 💾 Saving workspace 4 layout...
Mon Jul 28 02:26:43 AM IST 2025:    └─ 1 windows saved
Mon Jul 28 02:26:43 AM IST 2025: 💾 Saving workspace 5 layout...
Mon Jul 28 02:26:43 AM IST 2025:    └─ 2 windows saved
Mon Jul 28 02:26:43 AM IST 2025: 💾 Saving workspace 9 layout...
Mon Jul 28 02:26:43 AM IST 2025:    └─ 1 windows saved
Mon Jul 28 02:26:43 AM IST 2025: 💾 Saving workspace 10 layout...
Mon Jul 28 02:26:43 AM IST 2025:    └─ 1 windows saved
Mon Jul 28 02:26:43 AM IST 2025: 💾 Saving workspace 1 layout...
Mon Jul 28 02:26:43 AM IST 2025:    └─ 1 windows saved
Mon Jul 28 02:26:43 AM IST 2025: 💾 Saving workspace -98 layout...
Mon Jul 28 02:26:43 AM IST 2025:    └─ 1 windows saved
Mon Jul 28 02:26:43 AM IST 2025: 💾 Saving workspace 2 layout...
Mon Jul 28 02:26:43 AM IST 2025:    └─ 1 windows saved
Mon Jul 28 02:26:43 AM IST 2025: 💾 Saving workspace 8 layout...
Mon Jul 28 02:26:43 AM IST 2025:    └─ 1 windows saved
Mon Jul 28 02:26:43 AM IST 2025: ✅ Workspace state saved to /home/heisenberg/.config/hyprland-workspaces
Mon Jul 28 02:26:43 AM IST 2025: Last saved: Mon Jul 28 02:26:43 AM IST 2025
Mon Jul 28 02:36:43 AM IST 2025: 🔄 Enhanced Hyprland Workspace Save
Mon Jul 28 02:36:43 AM IST 2025: ==================================
Mon Jul 28 02:36:43 AM IST 2025: 📱 Saving detailed application layouts...
Mon Jul 28 02:36:43 AM IST 2025: 💾 Saving workspace 3 layout...
Mon Jul 28 02:36:43 AM IST 2025:    └─ 1 windows saved
Mon Jul 28 02:36:43 AM IST 2025: 💾 Saving workspace 4 layout...
Mon Jul 28 02:36:43 AM IST 2025:    └─ 1 windows saved
Mon Jul 28 02:36:43 AM IST 2025: 💾 Saving workspace 5 layout...
Mon Jul 28 02:36:43 AM IST 2025:    └─ 2 windows saved
Mon Jul 28 02:36:43 AM IST 2025: 💾 Saving workspace 9 layout...
Mon Jul 28 02:36:43 AM IST 2025:    └─ 1 windows saved
Mon Jul 28 02:36:43 AM IST 2025: 💾 Saving workspace 10 layout...
Mon Jul 28 02:36:43 AM IST 2025:    └─ 1 windows saved
Mon Jul 28 02:36:43 AM IST 2025: 💾 Saving workspace 1 layout...
Mon Jul 28 02:36:43 AM IST 2025:    └─ 1 windows saved
Mon Jul 28 02:36:43 AM IST 2025: 💾 Saving workspace -98 layout...
Mon Jul 28 02:36:43 AM IST 2025:    └─ 1 windows saved
Mon Jul 28 02:36:43 AM IST 2025: 💾 Saving workspace 2 layout...
Mon Jul 28 02:36:43 AM IST 2025:    └─ 1 windows saved
Mon Jul 28 02:36:43 AM IST 2025: 💾 Saving workspace 8 layout...
Mon Jul 28 02:36:43 AM IST 2025:    └─ 1 windows saved
Mon Jul 28 02:36:43 AM IST 2025: ✅ Workspace state saved to /home/heisenberg/.config/hyprland-workspaces
Mon Jul 28 02:36:43 AM IST 2025: Last saved: Mon Jul 28 02:36:43 AM IST 2025
Mon Jul 28 02:46:43 AM IST 2025: 🔄 Enhanced Hyprland Workspace Save
Mon Jul 28 02:46:43 AM IST 2025: ==================================
Mon Jul 28 02:46:43 AM IST 2025: 📱 Saving detailed application layouts...
Mon Jul 28 02:46:43 AM IST 2025: 💾 Saving workspace 3 layout...
Mon Jul 28 02:46:43 AM IST 2025:    └─ 1 windows saved
Mon Jul 28 02:46:43 AM IST 2025: 💾 Saving workspace 4 layout...
Mon Jul 28 02:46:43 AM IST 2025:    └─ 1 windows saved
Mon Jul 28 02:46:43 AM IST 2025: 💾 Saving workspace 5 layout...
Mon Jul 28 02:46:44 AM IST 2025:    └─ 2 windows saved
Mon Jul 28 02:46:44 AM IST 2025: 💾 Saving workspace 9 layout...
Mon Jul 28 02:46:44 AM IST 2025:    └─ 1 windows saved
Mon Jul 28 02:46:44 AM IST 2025: 💾 Saving workspace 10 layout...
Mon Jul 28 02:46:44 AM IST 2025:    └─ 1 windows saved
Mon Jul 28 02:46:44 AM IST 2025: 💾 Saving workspace 1 layout...
Mon Jul 28 02:46:44 AM IST 2025:    └─ 1 windows saved
Mon Jul 28 02:46:44 AM IST 2025: 💾 Saving workspace -98 layout...
Mon Jul 28 02:46:44 AM IST 2025:    └─ 1 windows saved
Mon Jul 28 02:46:44 AM IST 2025: 💾 Saving workspace 2 layout...
Mon Jul 28 02:46:44 AM IST 2025:    └─ 1 windows saved
Mon Jul 28 02:46:44 AM IST 2025: 💾 Saving workspace 8 layout...
Mon Jul 28 02:46:44 AM IST 2025:    └─ 1 windows saved
Mon Jul 28 02:46:44 AM IST 2025: ✅ Workspace state saved to /home/heisenberg/.config/hyprland-workspaces
Mon Jul 28 02:46:44 AM IST 2025: Last saved: Mon Jul 28 02:46:44 AM IST 2025
Mon Jul 28 02:56:44 AM IST 2025: 🔄 Enhanced Hyprland Workspace Save
Mon Jul 28 02:56:44 AM IST 2025: ==================================
Mon Jul 28 02:56:44 AM IST 2025: 📱 Saving detailed application layouts...
Mon Jul 28 02:56:44 AM IST 2025: 💾 Saving workspace 3 layout...
Mon Jul 28 02:56:44 AM IST 2025:    └─ 1 windows saved
Mon Jul 28 02:56:44 AM IST 2025: 💾 Saving workspace 4 layout...
Mon Jul 28 02:56:44 AM IST 2025:    └─ 1 windows saved
Mon Jul 28 02:56:44 AM IST 2025: 💾 Saving workspace 5 layout...
Mon Jul 28 02:56:44 AM IST 2025:    └─ 2 windows saved
Mon Jul 28 02:56:44 AM IST 2025: 💾 Saving workspace 9 layout...
Mon Jul 28 02:56:44 AM IST 2025:    └─ 1 windows saved
Mon Jul 28 02:56:44 AM IST 2025: 💾 Saving workspace 10 layout...
Mon Jul 28 02:56:44 AM IST 2025:    └─ 1 windows saved
Mon Jul 28 02:56:44 AM IST 2025: 💾 Saving workspace 1 layout...
Mon Jul 28 02:56:44 AM IST 2025:    └─ 1 windows saved
Mon Jul 28 02:56:44 AM IST 2025: 💾 Saving workspace -98 layout...
Mon Jul 28 02:56:44 AM IST 2025:    └─ 1 windows saved
Mon Jul 28 02:56:44 AM IST 2025: 💾 Saving workspace 2 layout...
Mon Jul 28 02:56:44 AM IST 2025:    └─ 1 windows saved
Mon Jul 28 02:56:44 AM IST 2025: 💾 Saving workspace 8 layout...
Mon Jul 28 02:56:44 AM IST 2025:    └─ 1 windows saved
Mon Jul 28 02:56:44 AM IST 2025: ✅ Workspace state saved to /home/heisenberg/.config/hyprland-workspaces
Mon Jul 28 02:56:44 AM IST 2025: Last saved: Mon Jul 28 02:56:44 AM IST 2025
Mon Jul 28 03:06:44 AM IST 2025: 🔄 Enhanced Hyprland Workspace Save
Mon Jul 28 03:06:44 AM IST 2025: ==================================
Mon Jul 28 03:06:44 AM IST 2025: 📱 Saving detailed application layouts...
Mon Jul 28 03:06:44 AM IST 2025: 💾 Saving workspace 3 layout...
Mon Jul 28 03:06:44 AM IST 2025:    └─ 1 windows saved
Mon Jul 28 03:06:44 AM IST 2025: 💾 Saving workspace 4 layout...
Mon Jul 28 03:06:44 AM IST 2025:    └─ 1 windows saved
Mon Jul 28 03:06:44 AM IST 2025: 💾 Saving workspace 5 layout...
Mon Jul 28 03:06:44 AM IST 2025:    └─ 2 windows saved
Mon Jul 28 03:06:44 AM IST 2025: 💾 Saving workspace 9 layout...
Mon Jul 28 03:06:44 AM IST 2025:    └─ 1 windows saved
Mon Jul 28 03:06:44 AM IST 2025: 💾 Saving workspace 10 layout...
Mon Jul 28 03:06:44 AM IST 2025:    └─ 1 windows saved
Mon Jul 28 03:06:44 AM IST 2025: 💾 Saving workspace 1 layout...
Mon Jul 28 03:06:44 AM IST 2025:    └─ 1 windows saved
Mon Jul 28 03:06:44 AM IST 2025: 💾 Saving workspace -98 layout...
Mon Jul 28 03:06:45 AM IST 2025:    └─ 1 windows saved
Mon Jul 28 03:06:45 AM IST 2025: 💾 Saving workspace 2 layout...
Mon Jul 28 03:06:45 AM IST 2025:    └─ 1 windows saved
Mon Jul 28 03:06:45 AM IST 2025: 💾 Saving workspace 8 layout...
Mon Jul 28 03:06:45 AM IST 2025:    └─ 1 windows saved
Mon Jul 28 03:06:45 AM IST 2025: ✅ Workspace state saved to /home/heisenberg/.config/hyprland-workspaces
Mon Jul 28 03:06:45 AM IST 2025: Last saved: Mon Jul 28 03:06:45 AM IST 2025
Mon Jul 28 03:16:45 AM IST 2025: 🔄 Enhanced Hyprland Workspace Save
Mon Jul 28 03:16:45 AM IST 2025: ==================================
Mon Jul 28 03:16:45 AM IST 2025: 📱 Saving detailed application layouts...
Mon Jul 28 03:16:45 AM IST 2025: 💾 Saving workspace 3 layout...
Mon Jul 28 03:16:45 AM IST 2025:    └─ 1 windows saved
Mon Jul 28 03:16:45 AM IST 2025: 💾 Saving workspace 4 layout...
Mon Jul 28 03:16:45 AM IST 2025:    └─ 1 windows saved
Mon Jul 28 03:16:45 AM IST 2025: 💾 Saving workspace 5 layout...
Mon Jul 28 03:16:45 AM IST 2025:    └─ 2 windows saved
Mon Jul 28 03:16:45 AM IST 2025: 💾 Saving workspace 9 layout...
Mon Jul 28 03:16:45 AM IST 2025:    └─ 1 windows saved
Mon Jul 28 03:16:45 AM IST 2025: 💾 Saving workspace 10 layout...
Mon Jul 28 03:16:45 AM IST 2025:    └─ 1 windows saved
Mon Jul 28 03:16:45 AM IST 2025: 💾 Saving workspace 1 layout...
Mon Jul 28 03:16:45 AM IST 2025:    └─ 1 windows saved
Mon Jul 28 03:16:45 AM IST 2025: 💾 Saving workspace -98 layout...
Mon Jul 28 03:16:45 AM IST 2025:    └─ 1 windows saved
Mon Jul 28 03:16:45 AM IST 2025: 💾 Saving workspace 2 layout...
Mon Jul 28 03:16:45 AM IST 2025:    └─ 1 windows saved
Mon Jul 28 03:16:45 AM IST 2025: 💾 Saving workspace 8 layout...
Mon Jul 28 03:16:45 AM IST 2025:    └─ 1 windows saved
Mon Jul 28 03:16:45 AM IST 2025: ✅ Workspace state saved to /home/heisenberg/.config/hyprland-workspaces
Mon Jul 28 03:16:45 AM IST 2025: Last saved: Mon Jul 28 03:16:45 AM IST 2025
Mon Jul 28 10:41:02 AM IST 2025: 🔄 Enhanced Hyprland Workspace Save
Mon Jul 28 10:41:02 AM IST 2025: ==================================
Mon Jul 28 10:41:02 AM IST 2025: 📱 Saving detailed application layouts...
Mon Jul 28 02:49:01 PM IST 2025: 💾 Saving workspace 1 layout...
Mon Jul 28 02:49:01 PM IST 2025:    └─ 1 windows saved
Mon Jul 28 02:49:01 PM IST 2025: 💾 Saving workspace 3 layout...
Mon Jul 28 02:49:01 PM IST 2025:    └─ 1 windows saved
Mon Jul 28 02:49:01 PM IST 2025: 💾 Saving workspace 4 layout...
Mon Jul 28 02:49:01 PM IST 2025:    └─ 1 windows saved
Mon Jul 28 02:49:01 PM IST 2025: 💾 Saving workspace 5 layout...
Mon Jul 28 02:49:01 PM IST 2025:    └─ 2 windows saved
Mon Jul 28 02:49:01 PM IST 2025: 💾 Saving workspace 8 layout...
Mon Jul 28 02:49:01 PM IST 2025:    └─ 1 windows saved
Mon Jul 28 02:49:01 PM IST 2025: 💾 Saving workspace 9 layout...
Mon Jul 28 02:49:01 PM IST 2025:    └─ 1 windows saved
Mon Jul 28 02:49:01 PM IST 2025: 💾 Saving workspace 10 layout...
Mon Jul 28 02:49:01 PM IST 2025:    └─ 1 windows saved
Mon Jul 28 02:49:01 PM IST 2025: 💾 Saving workspace 2 layout...
Mon Jul 28 02:49:01 PM IST 2025:    └─ 1 windows saved
Mon Jul 28 02:49:01 PM IST 2025: ✅ Workspace state saved to /home/heisenberg/.config/hyprland-workspaces
Mon Jul 28 02:49:01 PM IST 2025: Last saved: Mon Jul 28 02:49:01 PM IST 2025
Mon Jul 28 03:00:03 PM IST 2025: 🔄 Enhanced Hyprland Workspace Save
Mon Jul 28 03:00:03 PM IST 2025: ==================================
Mon Jul 28 03:00:03 PM IST 2025: 📱 Saving detailed application layouts...
Mon Jul 28 03:00:03 PM IST 2025: 💾 Saving workspace 1 layout...
Mon Jul 28 03:00:03 PM IST 2025:    └─ 1 windows saved
Mon Jul 28 03:00:03 PM IST 2025: 💾 Saving workspace 3 layout...
Mon Jul 28 03:00:03 PM IST 2025:    └─ 1 windows saved
Mon Jul 28 03:00:03 PM IST 2025: 💾 Saving workspace 4 layout...
Mon Jul 28 03:05:25 PM IST 2025:    └─ 1 windows saved
Mon Jul 28 03:05:25 PM IST 2025: 💾 Saving workspace 5 layout...
Mon Jul 28 03:05:25 PM IST 2025:    └─ 2 windows saved
Mon Jul 28 03:05:25 PM IST 2025: 💾 Saving workspace 9 layout...
Mon Jul 28 03:05:25 PM IST 2025:    └─ 1 windows saved
Mon Jul 28 03:05:25 PM IST 2025: 💾 Saving workspace 10 layout...
Mon Jul 28 03:05:25 PM IST 2025:    └─ 1 windows saved
Mon Jul 28 03:05:25 PM IST 2025: 💾 Saving workspace 2 layout...
Mon Jul 28 03:05:25 PM IST 2025:    └─ 1 windows saved
Mon Jul 28 03:05:25 PM IST 2025: ✅ Workspace state saved to /home/heisenberg/.config/hyprland-workspaces
Mon Jul 28 03:05:25 PM IST 2025: Last saved: Mon Jul 28 03:05:25 PM IST 2025
Mon Jul 28 03:05:26 PM IST 2025: 🔄 Enhanced Hyprland Workspace Save
Mon Jul 28 03:05:26 PM IST 2025: ==================================
Mon Jul 28 07:07:14 PM IST 2025: 📱 Saving detailed application layouts...
Mon Jul 28 07:07:14 PM IST 2025: 💾 Saving workspace 1 layout...
Mon Jul 28 07:07:14 PM IST 2025:    └─ 1 windows saved
Mon Jul 28 07:07:14 PM IST 2025: 💾 Saving workspace 3 layout...
Mon Jul 28 07:07:14 PM IST 2025:    └─ 1 windows saved
Mon Jul 28 07:07:14 PM IST 2025: 💾 Saving workspace 4 layout...
Mon Jul 28 07:07:14 PM IST 2025:    └─ 1 windows saved
Mon Jul 28 07:07:14 PM IST 2025: 💾 Saving workspace 5 layout...
Mon Jul 28 07:07:14 PM IST 2025:    └─ 2 windows saved
Mon Jul 28 07:07:14 PM IST 2025: 💾 Saving workspace 9 layout...
Mon Jul 28 07:07:14 PM IST 2025:    └─ 1 windows saved
Mon Jul 28 07:07:14 PM IST 2025: 💾 Saving workspace 10 layout...
Mon Jul 28 07:07:15 PM IST 2025:    └─ 1 windows saved
Mon Jul 28 07:07:15 PM IST 2025: 💾 Saving workspace 2 layout...
Mon Jul 28 07:07:15 PM IST 2025:    └─ 1 windows saved
Mon Jul 28 07:07:15 PM IST 2025: ✅ Workspace state saved to /home/heisenberg/.config/hyprland-workspaces
Mon Jul 28 07:07:15 PM IST 2025: Last saved: Mon Jul 28 07:07:15 PM IST 2025
Mon Jul 28 07:36:44 PM IST 2025: 🔄 Enhanced Hyprland Workspace Save
Mon Jul 28 07:36:44 PM IST 2025: ==================================
Mon Jul 28 07:36:44 PM IST 2025: 📱 Saving detailed application layouts...
Mon Jul 28 07:36:44 PM IST 2025: 💾 Saving workspace 1 layout...
Mon Jul 28 07:36:44 PM IST 2025:    └─ 1 windows saved
Mon Jul 28 07:36:44 PM IST 2025: 💾 Saving workspace 3 layout...
Mon Jul 28 07:36:44 PM IST 2025:    └─ 1 windows saved
Mon Jul 28 07:36:44 PM IST 2025: 💾 Saving workspace 4 layout...
Mon Jul 28 07:36:44 PM IST 2025:    └─ 1 windows saved
Mon Jul 28 07:36:44 PM IST 2025: 💾 Saving workspace 5 layout...
Mon Jul 28 07:36:44 PM IST 2025:    └─ 2 windows saved
Mon Jul 28 07:36:44 PM IST 2025: 💾 Saving workspace 9 layout...
Mon Jul 28 07:36:44 PM IST 2025:    └─ 1 windows saved
Mon Jul 28 07:36:44 PM IST 2025: 💾 Saving workspace 10 layout...
Mon Jul 28 07:36:44 PM IST 2025:    └─ 1 windows saved
Mon Jul 28 07:36:44 PM IST 2025: 💾 Saving workspace 2 layout...
Mon Jul 28 07:36:44 PM IST 2025:    └─ 1 windows saved
Mon Jul 28 07:36:44 PM IST 2025: 💾 Saving workspace 16 layout...
Mon Jul 28 07:36:44 PM IST 2025:    └─ 0 windows saved
Mon Jul 28 07:36:44 PM IST 2025: ✅ Workspace state saved to /home/heisenberg/.config/hyprland-workspaces
Mon Jul 28 07:36:44 PM IST 2025: Last saved: Mon Jul 28 07:36:44 PM IST 2025
Mon Jul 28 07:39:22 PM IST 2025: 🔄 Enhanced Hyprland Workspace Save
Mon Jul 28 07:39:22 PM IST 2025: ==================================
Mon Jul 28 07:39:23 PM IST 2025: 📱 Saving detailed application layouts...
Mon Jul 28 07:39:23 PM IST 2025: 💾 Saving workspace 1 layout...
Mon Jul 28 07:39:23 PM IST 2025:    └─ 1 windows saved
Mon Jul 28 07:39:23 PM IST 2025: 💾 Saving workspace 3 layout...
Mon Jul 28 07:39:23 PM IST 2025:    └─ 1 windows saved
Mon Jul 28 07:39:23 PM IST 2025: 💾 Saving workspace 4 layout...
Mon Jul 28 07:39:23 PM IST 2025:    └─ 1 windows saved
Mon Jul 28 07:39:23 PM IST 2025: 💾 Saving workspace 5 layout...
Mon Jul 28 07:39:23 PM IST 2025:    └─ 2 windows saved
Mon Jul 28 07:39:23 PM IST 2025: 💾 Saving workspace 9 layout...
Mon Jul 28 07:39:23 PM IST 2025:    └─ 1 windows saved
Mon Jul 28 07:39:23 PM IST 2025: 💾 Saving workspace 10 layout...
Mon Jul 28 07:39:23 PM IST 2025:    └─ 1 windows saved
Mon Jul 28 07:39:23 PM IST 2025: 💾 Saving workspace 2 layout...
Mon Jul 28 07:39:23 PM IST 2025:    └─ 1 windows saved
Mon Jul 28 07:39:23 PM IST 2025: 💾 Saving workspace -98 layout...
Mon Jul 28 07:39:23 PM IST 2025:    └─ 1 windows saved
Mon Jul 28 07:39:23 PM IST 2025: ✅ Workspace state saved to /home/heisenberg/.config/hyprland-workspaces
Mon Jul 28 07:39:23 PM IST 2025: Last saved: Mon Jul 28 07:39:23 PM IST 2025
Mon Jul 28 09:13:40 PM IST 2025: 🔄 Enhanced Hyprland Workspace Save
Mon Jul 28 09:13:40 PM IST 2025: ==================================
Mon Jul 28 09:13:41 PM IST 2025: 📱 Saving detailed application layouts...
Mon Jul 28 09:13:41 PM IST 2025: 💾 Saving workspace 1 layout...
Mon Jul 28 09:13:41 PM IST 2025:    └─ 1 windows saved
Mon Jul 28 09:13:41 PM IST 2025: 💾 Saving workspace 3 layout...
Mon Jul 28 09:13:41 PM IST 2025:    └─ 1 windows saved
Mon Jul 28 09:13:41 PM IST 2025: 💾 Saving workspace 4 layout...
Mon Jul 28 09:13:41 PM IST 2025:    └─ 1 windows saved
Mon Jul 28 09:13:41 PM IST 2025: 💾 Saving workspace 5 layout...
Mon Jul 28 09:13:41 PM IST 2025:    └─ 2 windows saved
Mon Jul 28 09:13:41 PM IST 2025: 💾 Saving workspace 9 layout...
Mon Jul 28 09:13:41 PM IST 2025:    └─ 1 windows saved
Mon Jul 28 09:13:41 PM IST 2025: 💾 Saving workspace 10 layout...
Mon Jul 28 09:13:41 PM IST 2025:    └─ 1 windows saved
Mon Jul 28 09:13:41 PM IST 2025: 💾 Saving workspace 2 layout...
Mon Jul 28 09:13:41 PM IST 2025:    └─ 1 windows saved
Mon Jul 28 09:13:41 PM IST 2025: 💾 Saving workspace -98 layout...
Mon Jul 28 09:13:41 PM IST 2025:    └─ 1 windows saved
Mon Jul 28 09:13:41 PM IST 2025: ✅ Workspace state saved to /home/heisenberg/.config/hyprland-workspaces
Mon Jul 28 09:13:41 PM IST 2025: Last saved: Mon Jul 28 09:13:41 PM IST 2025
Mon Jul 28 09:25:24 PM IST 2025: 🔄 Enhanced Hyprland Workspace Save
Mon Jul 28 09:25:24 PM IST 2025: ==================================
Mon Jul 28 09:25:24 PM IST 2025: 📱 Saving detailed application layouts...
Mon Jul 28 09:25:24 PM IST 2025: 💾 Saving workspace 1 layout...
Mon Jul 28 09:25:24 PM IST 2025:    └─ 1 windows saved
Mon Jul 28 09:25:24 PM IST 2025: 💾 Saving workspace 3 layout...
Mon Jul 28 09:25:24 PM IST 2025:    └─ 1 windows saved
Mon Jul 28 09:25:24 PM IST 2025: 💾 Saving workspace 4 layout...
Mon Jul 28 09:25:24 PM IST 2025:    └─ 1 windows saved
Mon Jul 28 09:25:24 PM IST 2025: 💾 Saving workspace 5 layout...
Mon Jul 28 09:25:24 PM IST 2025:    └─ 2 windows saved
Mon Jul 28 09:25:24 PM IST 2025: 💾 Saving workspace 9 layout...
Mon Jul 28 09:25:24 PM IST 2025:    └─ 1 windows saved
Mon Jul 28 09:25:24 PM IST 2025: 💾 Saving workspace 10 layout...
Mon Jul 28 09:25:24 PM IST 2025:    └─ 1 windows saved
Mon Jul 28 09:25:24 PM IST 2025: 💾 Saving workspace 2 layout...
Mon Jul 28 09:25:24 PM IST 2025:    └─ 1 windows saved
Mon Jul 28 09:25:24 PM IST 2025: 💾 Saving workspace -98 layout...
Mon Jul 28 09:25:24 PM IST 2025:    └─ 1 windows saved
Mon Jul 28 09:25:24 PM IST 2025: ✅ Workspace state saved to /home/heisenberg/.config/hyprland-workspaces
Mon Jul 28 09:25:24 PM IST 2025: Last saved: Mon Jul 28 09:25:24 PM IST 2025
Mon Jul 28 10:29:31 PM IST 2025: 🔄 Enhanced Hyprland Workspace Save
Mon Jul 28 10:29:31 PM IST 2025: ==================================
Mon Jul 28 10:29:32 PM IST 2025: 📱 Saving detailed application layouts...
Mon Jul 28 10:29:32 PM IST 2025: 💾 Saving workspace 1 layout...
Mon Jul 28 10:29:32 PM IST 2025:    └─ 1 windows saved
Mon Jul 28 10:29:32 PM IST 2025: 💾 Saving workspace 3 layout...
Mon Jul 28 10:29:32 PM IST 2025:    └─ 1 windows saved
Mon Jul 28 10:29:32 PM IST 2025: 💾 Saving workspace 4 layout...
Mon Jul 28 10:29:32 PM IST 2025:    └─ 1 windows saved
Mon Jul 28 10:29:32 PM IST 2025: 💾 Saving workspace 5 layout...
Mon Jul 28 10:29:32 PM IST 2025:    └─ 2 windows saved
Mon Jul 28 10:29:32 PM IST 2025: 💾 Saving workspace 9 layout...
Mon Jul 28 10:29:32 PM IST 2025:    └─ 1 windows saved
Mon Jul 28 10:29:32 PM IST 2025: 💾 Saving workspace 10 layout...
Mon Jul 28 10:29:32 PM IST 2025:    └─ 2 windows saved
Mon Jul 28 10:29:32 PM IST 2025: 💾 Saving workspace 2 layout...
Mon Jul 28 10:29:32 PM IST 2025:    └─ 1 windows saved
Mon Jul 28 10:29:32 PM IST 2025: 💾 Saving workspace -98 layout...
Mon Jul 28 10:29:32 PM IST 2025:    └─ 1 windows saved
Mon Jul 28 10:29:32 PM IST 2025: ✅ Workspace state saved to /home/heisenberg/.config/hyprland-workspaces
Mon Jul 28 10:29:32 PM IST 2025: Last saved: Mon Jul 28 10:29:32 PM IST 2025
Mon Jul 28 11:25:28 PM IST 2025: 🔄 Enhanced Hyprland Workspace Save
Mon Jul 28 11:25:28 PM IST 2025: ==================================
Mon Jul 28 11:25:28 PM IST 2025: 📱 Saving detailed application layouts...
Mon Jul 28 11:25:28 PM IST 2025: 💾 Saving workspace 1 layout...
Mon Jul 28 11:25:28 PM IST 2025:    └─ 1 windows saved
Mon Jul 28 11:25:28 PM IST 2025: 💾 Saving workspace 3 layout...
Mon Jul 28 11:25:28 PM IST 2025:    └─ 1 windows saved
Mon Jul 28 11:25:28 PM IST 2025: 💾 Saving workspace 4 layout...
Mon Jul 28 11:25:28 PM IST 2025:    └─ 1 windows saved
Mon Jul 28 11:25:28 PM IST 2025: 💾 Saving workspace 5 layout...
Mon Jul 28 11:25:28 PM IST 2025:    └─ 2 windows saved
Mon Jul 28 11:25:28 PM IST 2025: 💾 Saving workspace 9 layout...
Mon Jul 28 11:25:28 PM IST 2025:    └─ 1 windows saved
Mon Jul 28 11:25:28 PM IST 2025: 💾 Saving workspace 10 layout...
Mon Jul 28 11:25:28 PM IST 2025:    └─ 2 windows saved
Mon Jul 28 11:25:28 PM IST 2025: 💾 Saving workspace -98 layout...
Mon Jul 28 11:32:27 PM IST 2025:    └─ 1 windows saved
Mon Jul 28 11:32:27 PM IST 2025: 💾 Saving workspace 6 layout...
Mon Jul 28 11:32:28 PM IST 2025:    └─ 1 windows saved
Mon Jul 28 11:32:28 PM IST 2025: 💾 Saving workspace 11 layout...
Mon Jul 28 11:32:28 PM IST 2025:    └─ 0 windows saved
Mon Jul 28 11:32:28 PM IST 2025: ✅ Workspace state saved to /home/heisenberg/.config/hyprland-workspaces
Mon Jul 28 11:32:28 PM IST 2025: Last saved: Mon Jul 28 11:32:28 PM IST 2025
Mon Jul 28 11:36:30 PM IST 2025: 🔄 Enhanced Hyprland Workspace Save
Mon Jul 28 11:36:30 PM IST 2025: ==================================
Mon Jul 28 11:36:30 PM IST 2025: 📱 Saving detailed application layouts...
Mon Jul 28 11:36:30 PM IST 2025: 💾 Saving workspace 1 layout...
Mon Jul 28 11:36:30 PM IST 2025:    └─ 1 windows saved
Mon Jul 28 11:36:30 PM IST 2025: 💾 Saving workspace 3 layout...
Mon Jul 28 11:36:30 PM IST 2025:    └─ 1 windows saved
Mon Jul 28 11:36:30 PM IST 2025: 💾 Saving workspace 4 layout...
Mon Jul 28 11:36:30 PM IST 2025:    └─ 1 windows saved
Mon Jul 28 11:36:30 PM IST 2025: 💾 Saving workspace 5 layout...
Mon Jul 28 11:36:30 PM IST 2025:    └─ 2 windows saved
Mon Jul 28 11:36:30 PM IST 2025: 💾 Saving workspace 9 layout...
Mon Jul 28 11:36:30 PM IST 2025:    └─ 1 windows saved
Mon Jul 28 11:36:30 PM IST 2025: 💾 Saving workspace 10 layout...
Mon Jul 28 11:36:30 PM IST 2025:    └─ 2 windows saved
Mon Jul 28 11:36:30 PM IST 2025: 💾 Saving workspace -98 layout...
Mon Jul 28 11:36:30 PM IST 2025:    └─ 1 windows saved
Mon Jul 28 11:36:30 PM IST 2025: 💾 Saving workspace 6 layout...
Mon Jul 28 11:36:30 PM IST 2025:    └─ 1 windows saved
Mon Jul 28 11:36:30 PM IST 2025: ✅ Workspace state saved to /home/heisenberg/.config/hyprland-workspaces
Mon Jul 28 11:36:30 PM IST 2025: Last saved: Mon Jul 28 11:36:30 PM IST 2025
Mon Jul 28 11:42:54 PM IST 2025: 🔄 Enhanced Hyprland Workspace Save
Mon Jul 28 11:42:54 PM IST 2025: ==================================
Mon Jul 28 11:42:54 PM IST 2025: 📱 Saving detailed application layouts...
Mon Jul 28 11:42:55 PM IST 2025: 💾 Saving workspace 1 layout...
Mon Jul 28 11:42:55 PM IST 2025:    └─ 1 windows saved
Mon Jul 28 11:42:55 PM IST 2025: 💾 Saving workspace 3 layout...
Mon Jul 28 11:42:55 PM IST 2025:    └─ 1 windows saved
Mon Jul 28 11:42:55 PM IST 2025: 💾 Saving workspace 4 layout...
Mon Jul 28 11:42:55 PM IST 2025:    └─ 1 windows saved
Mon Jul 28 11:42:55 PM IST 2025: 💾 Saving workspace 5 layout...
Mon Jul 28 11:42:55 PM IST 2025:    └─ 2 windows saved
Mon Jul 28 11:42:55 PM IST 2025: 💾 Saving workspace 9 layout...
Mon Jul 28 11:42:55 PM IST 2025:    └─ 1 windows saved
Mon Jul 28 11:42:55 PM IST 2025: 💾 Saving workspace 10 layout...
Mon Jul 28 11:42:55 PM IST 2025:    └─ 2 windows saved
Mon Jul 28 11:42:55 PM IST 2025: 💾 Saving workspace -98 layout...
Mon Jul 28 11:42:55 PM IST 2025:    └─ 1 windows saved
Mon Jul 28 11:42:55 PM IST 2025: 💾 Saving workspace 6 layout...
Mon Jul 28 11:42:55 PM IST 2025:    └─ 1 windows saved
Mon Jul 28 11:42:55 PM IST 2025: ✅ Workspace state saved to /home/heisenberg/.config/hyprland-workspaces
Mon Jul 28 11:42:55 PM IST 2025: Last saved: Mon Jul 28 11:42:55 PM IST 2025
Tue Jul 29 12:43:00 AM IST 2025: 🔄 Enhanced Hyprland Workspace Save
Tue Jul 29 12:43:00 AM IST 2025: ==================================
Tue Jul 29 12:43:00 AM IST 2025: 📱 Saving detailed application layouts...
Tue Jul 29 12:43:00 AM IST 2025: 💾 Saving workspace 3 layout...
Tue Jul 29 12:43:00 AM IST 2025:    └─ 1 windows saved
Tue Jul 29 12:43:00 AM IST 2025: 💾 Saving workspace 4 layout...
Tue Jul 29 12:43:00 AM IST 2025:    └─ 1 windows saved
Tue Jul 29 12:43:00 AM IST 2025: 💾 Saving workspace 5 layout...
Tue Jul 29 12:43:00 AM IST 2025:    └─ 2 windows saved
Tue Jul 29 12:43:00 AM IST 2025: 💾 Saving workspace 9 layout...
Tue Jul 29 12:43:00 AM IST 2025:    └─ 1 windows saved
Tue Jul 29 12:43:00 AM IST 2025: 💾 Saving workspace 10 layout...
Tue Jul 29 12:43:00 AM IST 2025:    └─ 2 windows saved
Tue Jul 29 12:43:00 AM IST 2025: 💾 Saving workspace -98 layout...
Tue Jul 29 12:43:00 AM IST 2025:    └─ 1 windows saved
Tue Jul 29 12:43:00 AM IST 2025: 💾 Saving workspace 6 layout...
Tue Jul 29 12:43:00 AM IST 2025:    └─ 1 windows saved
Tue Jul 29 12:43:00 AM IST 2025: 💾 Saving workspace 2 layout...
Tue Jul 29 12:43:00 AM IST 2025:    └─ 1 windows saved
Tue Jul 29 12:43:00 AM IST 2025: 💾 Saving workspace 1 layout...
Tue Jul 29 12:43:00 AM IST 2025:    └─ 1 windows saved
Tue Jul 29 12:43:00 AM IST 2025: ✅ Workspace state saved to /home/heisenberg/.config/hyprland-workspaces
Tue Jul 29 12:43:00 AM IST 2025: Last saved: Tue Jul 29 12:43:00 AM IST 2025
Tue Jul 29 01:11:54 AM IST 2025: 🔄 Enhanced Hyprland Workspace Save
Tue Jul 29 01:11:54 AM IST 2025: ==================================
Tue Jul 29 01:11:54 AM IST 2025: 📱 Saving detailed application layouts...
Tue Jul 29 01:11:54 AM IST 2025: 💾 Saving workspace 1 layout...
Tue Jul 29 01:11:54 AM IST 2025:    └─ 1 windows saved
Tue Jul 29 01:11:54 AM IST 2025: 💾 Saving workspace 2 layout...
Tue Jul 29 01:11:54 AM IST 2025:    └─ 1 windows saved
Tue Jul 29 01:11:54 AM IST 2025: 💾 Saving workspace 4 layout...
Tue Jul 29 01:11:54 AM IST 2025:    └─ 1 windows saved
Tue Jul 29 01:11:54 AM IST 2025: 💾 Saving workspace 5 layout...
Tue Jul 29 01:11:54 AM IST 2025:    └─ 2 windows saved
Tue Jul 29 01:11:54 AM IST 2025: 💾 Saving workspace 9 layout...
Tue Jul 29 01:11:54 AM IST 2025:    └─ 1 windows saved
Tue Jul 29 01:11:54 AM IST 2025: 💾 Saving workspace 10 layout...
Tue Jul 29 01:11:54 AM IST 2025:    └─ 1 windows saved
Tue Jul 29 01:11:54 AM IST 2025: 💾 Saving workspace 3 layout...
Tue Jul 29 01:11:54 AM IST 2025:    └─ 1 windows saved
Tue Jul 29 01:11:54 AM IST 2025: ✅ Workspace state saved to /home/heisenberg/.config/hyprland-workspaces
Tue Jul 29 01:11:54 AM IST 2025: Last saved: Tue Jul 29 01:11:54 AM IST 2025
Tue Jul 29 02:12:29 AM IST 2025: 🔄 Enhanced Hyprland Workspace Save
Tue Jul 29 02:12:29 AM IST 2025: ==================================
Tue Jul 29 02:12:29 AM IST 2025: 📱 Saving detailed application layouts...
Tue Jul 29 02:12:29 AM IST 2025: 💾 Saving workspace 2 layout...
Tue Jul 29 02:12:29 AM IST 2025:    └─ 1 windows saved
Tue Jul 29 02:12:29 AM IST 2025: 💾 Saving workspace 3 layout...
Tue Jul 29 02:12:29 AM IST 2025:    └─ 1 windows saved
Tue Jul 29 02:12:29 AM IST 2025: 💾 Saving workspace 4 layout...
Tue Jul 29 02:12:29 AM IST 2025:    └─ 1 windows saved
Tue Jul 29 02:12:29 AM IST 2025: 💾 Saving workspace 5 layout...
Tue Jul 29 02:12:29 AM IST 2025:    └─ 2 windows saved
Tue Jul 29 02:12:29 AM IST 2025: 💾 Saving workspace -98 layout...
Tue Jul 29 02:12:29 AM IST 2025:    └─ 1 windows saved
Tue Jul 29 02:12:29 AM IST 2025: 💾 Saving workspace 9 layout...
Tue Jul 29 02:12:29 AM IST 2025:    └─ 1 windows saved
Tue Jul 29 02:12:29 AM IST 2025: 💾 Saving workspace 10 layout...
Tue Jul 29 02:12:29 AM IST 2025:    └─ 1 windows saved
Tue Jul 29 02:12:29 AM IST 2025: 💾 Saving workspace 1 layout...
Tue Jul 29 02:12:29 AM IST 2025:    └─ 1 windows saved
Tue Jul 29 02:12:29 AM IST 2025: ✅ Workspace state saved to /home/heisenberg/.config/hyprland-workspaces
Tue Jul 29 02:12:29 AM IST 2025: Last saved: Tue Jul 29 02:12:29 AM IST 2025
Tue Jul 29 03:12:29 AM IST 2025: 🔄 Enhanced Hyprland Workspace Save
Tue Jul 29 03:12:29 AM IST 2025: ==================================
Tue Jul 29 03:12:30 AM IST 2025: 📱 Saving detailed application layouts...
Tue Jul 29 03:12:30 AM IST 2025: 💾 Saving workspace 2 layout...
Tue Jul 29 03:12:30 AM IST 2025:    └─ 1 windows saved
Tue Jul 29 03:12:30 AM IST 2025: 💾 Saving workspace 3 layout...
Tue Jul 29 03:12:30 AM IST 2025:    └─ 1 windows saved
Tue Jul 29 03:12:30 AM IST 2025: 💾 Saving workspace 5 layout...
Tue Jul 29 03:12:30 AM IST 2025:    └─ 2 windows saved
Tue Jul 29 03:12:30 AM IST 2025: 💾 Saving workspace -98 layout...
Tue Jul 29 03:12:30 AM IST 2025:    └─ 1 windows saved
Tue Jul 29 03:12:30 AM IST 2025: 💾 Saving workspace 9 layout...
Tue Jul 29 03:12:30 AM IST 2025:    └─ 2 windows saved
Tue Jul 29 03:12:30 AM IST 2025: 💾 Saving workspace 10 layout...
Tue Jul 29 03:12:30 AM IST 2025:    └─ 1 windows saved
Tue Jul 29 03:12:30 AM IST 2025: 💾 Saving workspace 6 layout...
Tue Jul 29 03:12:30 AM IST 2025:    └─ 1 windows saved
Tue Jul 29 03:12:30 AM IST 2025: 💾 Saving workspace 4 layout...
Tue Jul 29 03:12:30 AM IST 2025:    └─ 1 windows saved
Tue Jul 29 03:12:30 AM IST 2025: ✅ Workspace state saved to /home/heisenberg/.config/hyprland-workspaces
Tue Jul 29 03:12:30 AM IST 2025: Last saved: Tue Jul 29 03:12:30 AM IST 2025
Tue Jul 29 03:47:08 AM IST 2025: 🔄 Enhanced Hyprland Workspace Save
Tue Jul 29 03:47:08 AM IST 2025: ==================================
Tue Jul 29 03:47:08 AM IST 2025: 📱 Saving detailed application layouts...
Tue Jul 29 03:47:08 AM IST 2025: 💾 Saving workspace 3 layout...
Tue Jul 29 03:47:08 AM IST 2025:    └─ 1 windows saved
Tue Jul 29 03:47:08 AM IST 2025: 💾 Saving workspace 5 layout...
Tue Jul 29 03:47:08 AM IST 2025:    └─ 2 windows saved
Tue Jul 29 03:47:08 AM IST 2025: 💾 Saving workspace -98 layout...
Tue Jul 29 03:47:08 AM IST 2025:    └─ 1 windows saved
Tue Jul 29 03:47:08 AM IST 2025: 💾 Saving workspace 9 layout...
Tue Jul 29 03:47:08 AM IST 2025:    └─ 2 windows saved
Tue Jul 29 03:47:08 AM IST 2025: 💾 Saving workspace 10 layout...
Tue Jul 29 03:47:08 AM IST 2025:    └─ 1 windows saved
Tue Jul 29 03:47:08 AM IST 2025: 💾 Saving workspace 6 layout...
Tue Jul 29 03:47:08 AM IST 2025:    └─ 1 windows saved
Tue Jul 29 03:47:08 AM IST 2025: 💾 Saving workspace 4 layout...
Tue Jul 29 03:47:08 AM IST 2025:    └─ 1 windows saved
Tue Jul 29 03:47:08 AM IST 2025: 💾 Saving workspace 2 layout...
Tue Jul 29 03:47:08 AM IST 2025:    └─ 1 windows saved
Tue Jul 29 03:47:08 AM IST 2025: ✅ Workspace state saved to /home/heisenberg/.config/hyprland-workspaces
Tue Jul 29 03:47:08 AM IST 2025: Last saved: Tue Jul 29 03:47:08 AM IST 2025
Tue Jul 29 03:47:55 AM IST 2025: 🔄 Enhanced Hyprland Workspace Save
Tue Jul 29 03:47:55 AM IST 2025: ==================================
Tue Jul 29 03:47:55 AM IST 2025: 📱 Saving detailed application layouts...
Tue Jul 29 03:47:55 AM IST 2025: 💾 Saving workspace 3 layout...
Tue Jul 29 03:47:55 AM IST 2025:    └─ 1 windows saved
Tue Jul 29 03:47:55 AM IST 2025: 💾 Saving workspace 5 layout...
Tue Jul 29 03:47:55 AM IST 2025:    └─ 2 windows saved
Tue Jul 29 03:47:55 AM IST 2025: 💾 Saving workspace -98 layout...
Tue Jul 29 03:47:55 AM IST 2025:    └─ 1 windows saved
Tue Jul 29 03:47:55 AM IST 2025: 💾 Saving workspace 9 layout...
Tue Jul 29 03:47:55 AM IST 2025:    └─ 2 windows saved
Tue Jul 29 03:47:55 AM IST 2025: 💾 Saving workspace 10 layout...
Tue Jul 29 03:47:55 AM IST 2025:    └─ 1 windows saved
Tue Jul 29 03:47:55 AM IST 2025: 💾 Saving workspace 6 layout...
Tue Jul 29 03:47:55 AM IST 2025:    └─ 1 windows saved
Tue Jul 29 03:47:55 AM IST 2025: 💾 Saving workspace 4 layout...
Tue Jul 29 03:47:55 AM IST 2025:    └─ 1 windows saved
Tue Jul 29 03:47:55 AM IST 2025: 💾 Saving workspace 2 layout...
Tue Jul 29 03:47:55 AM IST 2025:    └─ 1 windows saved
Tue Jul 29 03:47:55 AM IST 2025: 💾 Saving workspace 11 layout...
Tue Jul 29 03:47:55 AM IST 2025:    └─ 0 windows saved
Tue Jul 29 03:47:55 AM IST 2025: ✅ Workspace state saved to /home/heisenberg/.config/hyprland-workspaces
Tue Jul 29 03:47:55 AM IST 2025: Last saved: Tue Jul 29 03:47:55 AM IST 2025
Tue Jul 29 03:47:58 AM IST 2025: 🔄 Enhanced Hyprland Workspace Save
Tue Jul 29 03:47:58 AM IST 2025: ==================================
Tue Jul 29 03:47:58 AM IST 2025: 📱 Saving detailed application layouts...
Tue Jul 29 03:47:58 AM IST 2025: 💾 Saving workspace 3 layout...
Tue Jul 29 03:47:58 AM IST 2025:    └─ 1 windows saved
Tue Jul 29 03:47:58 AM IST 2025: 💾 Saving workspace 5 layout...
Tue Jul 29 03:47:58 AM IST 2025:    └─ 2 windows saved
Tue Jul 29 03:47:58 AM IST 2025: 💾 Saving workspace -98 layout...
Tue Jul 29 03:47:58 AM IST 2025:    └─ 1 windows saved
Tue Jul 29 03:47:58 AM IST 2025: 💾 Saving workspace 9 layout...
Tue Jul 29 03:47:58 AM IST 2025:    └─ 2 windows saved
Tue Jul 29 03:47:58 AM IST 2025: 💾 Saving workspace 10 layout...
Tue Jul 29 01:56:56 PM IST 2025: 🔄 Enhanced Hyprland Workspace Save
Tue Jul 29 01:56:56 PM IST 2025: ==================================
Tue Jul 29 01:56:56 PM IST 2025: 📱 Saving detailed application layouts...
Tue Jul 29 01:56:56 PM IST 2025: 💾 Saving workspace 2 layout...
Tue Jul 29 01:56:56 PM IST 2025:    └─ 1 windows saved
Tue Jul 29 01:56:56 PM IST 2025: 💾 Saving workspace 3 layout...
Tue Jul 29 01:56:56 PM IST 2025:    └─ 1 windows saved
Tue Jul 29 01:56:56 PM IST 2025: 💾 Saving workspace 4 layout...
Tue Jul 29 01:56:56 PM IST 2025:    └─ 1 windows saved
Tue Jul 29 01:56:56 PM IST 2025: 💾 Saving workspace 5 layout...
Tue Jul 29 01:56:56 PM IST 2025:    └─ 2 windows saved
Tue Jul 29 01:56:56 PM IST 2025: 💾 Saving workspace 9 layout...
Tue Jul 29 01:56:56 PM IST 2025:    └─ 2 windows saved
Tue Jul 29 01:56:56 PM IST 2025: 💾 Saving workspace 10 layout...
Tue Jul 29 01:56:56 PM IST 2025:    └─ 1 windows saved
Tue Jul 29 01:56:56 PM IST 2025: ✅ Workspace state saved to /home/heisenberg/.config/hyprland-workspaces
Tue Jul 29 01:56:56 PM IST 2025: Last saved: Tue Jul 29 01:56:56 PM IST 2025
Tue Jul 29 05:09:58 PM IST 2025: 🔄 Enhanced Hyprland Workspace Save
Tue Jul 29 05:09:58 PM IST 2025: ==================================
Tue Jul 29 05:09:58 PM IST 2025: 📱 Saving detailed application layouts...
Tue Jul 29 05:09:58 PM IST 2025: 💾 Saving workspace 2 layout...
Tue Jul 29 05:09:58 PM IST 2025:    └─ 2 windows saved
Tue Jul 29 05:09:58 PM IST 2025: 💾 Saving workspace 3 layout...
Tue Jul 29 05:09:59 PM IST 2025:    └─ 1 windows saved
Tue Jul 29 05:09:59 PM IST 2025: 💾 Saving workspace 4 layout...
Tue Jul 29 05:09:59 PM IST 2025:    └─ 1 windows saved
Tue Jul 29 05:09:59 PM IST 2025: 💾 Saving workspace 5 layout...
Tue Jul 29 05:09:59 PM IST 2025:    └─ 2 windows saved
Tue Jul 29 05:09:59 PM IST 2025: 💾 Saving workspace 9 layout...
Tue Jul 29 05:09:59 PM IST 2025:    └─ 2 windows saved
Tue Jul 29 05:09:59 PM IST 2025: 💾 Saving workspace 10 layout...
Tue Jul 29 05:09:59 PM IST 2025:    └─ 1 windows saved
Tue Jul 29 05:09:59 PM IST 2025: 💾 Saving workspace 1 layout...
Tue Jul 29 05:09:59 PM IST 2025:    └─ 1 windows saved
Tue Jul 29 05:09:59 PM IST 2025: ✅ Workspace state saved to /home/heisenberg/.config/hyprland-workspaces
Tue Jul 29 05:09:59 PM IST 2025: Last saved: Tue Jul 29 05:09:59 PM IST 2025
Tue Jul 29 05:44:36 PM IST 2025: 🔄 Enhanced Hyprland Workspace Save
Tue Jul 29 05:44:36 PM IST 2025: ==================================
Tue Jul 29 05:44:36 PM IST 2025: 📱 Saving detailed application layouts...
Tue Jul 29 05:44:36 PM IST 2025: 💾 Saving workspace 2 layout...
Tue Jul 29 05:44:36 PM IST 2025:    └─ 1 windows saved
Tue Jul 29 05:44:36 PM IST 2025: 💾 Saving workspace 3 layout...
Tue Jul 29 05:44:36 PM IST 2025:    └─ 1 windows saved
Tue Jul 29 05:44:36 PM IST 2025: 💾 Saving workspace 4 layout...
Tue Jul 29 05:44:36 PM IST 2025:    └─ 1 windows saved
Tue Jul 29 05:44:36 PM IST 2025: 💾 Saving workspace 5 layout...
Tue Jul 29 05:44:36 PM IST 2025:    └─ 2 windows saved
Tue Jul 29 05:44:36 PM IST 2025: 💾 Saving workspace 9 layout...
Tue Jul 29 05:44:36 PM IST 2025:    └─ 2 windows saved
Tue Jul 29 05:44:36 PM IST 2025: 💾 Saving workspace 10 layout...
Tue Jul 29 05:44:36 PM IST 2025:    └─ 1 windows saved
Tue Jul 29 05:44:36 PM IST 2025: 💾 Saving workspace 1 layout...
Tue Jul 29 05:44:36 PM IST 2025:    └─ 1 windows saved
Tue Jul 29 05:44:36 PM IST 2025: 💾 Saving workspace -98 layout...
Tue Jul 29 05:44:36 PM IST 2025:    └─ 1 windows saved
Tue Jul 29 05:44:36 PM IST 2025: ✅ Workspace state saved to /home/heisenberg/.config/hyprland-workspaces
Tue Jul 29 05:44:36 PM IST 2025: Last saved: Tue Jul 29 05:44:36 PM IST 2025
Tue Jul 29 06:17:49 PM IST 2025: 🔄 Enhanced Hyprland Workspace Save
Tue Jul 29 06:17:49 PM IST 2025: ==================================
Tue Jul 29 06:18:01 PM IST 2025: 📱 Saving detailed application layouts...
Tue Jul 29 06:18:02 PM IST 2025: 💾 Saving workspace 1 layout...
Tue Jul 29 06:18:02 PM IST 2025:    └─ 1 windows saved
Tue Jul 29 06:18:02 PM IST 2025: 💾 Saving workspace 4 layout...
Tue Jul 29 06:18:02 PM IST 2025:    └─ 1 windows saved
Tue Jul 29 06:18:02 PM IST 2025: 💾 Saving workspace 5 layout...
Tue Jul 29 06:18:02 PM IST 2025:    └─ 2 windows saved
Tue Jul 29 06:18:02 PM IST 2025: 💾 Saving workspace 9 layout...
Tue Jul 29 06:18:02 PM IST 2025:    └─ 2 windows saved
Tue Jul 29 06:18:02 PM IST 2025: 💾 Saving workspace 10 layout...
Tue Jul 29 06:18:02 PM IST 2025:    └─ 1 windows saved
Tue Jul 29 06:18:02 PM IST 2025: 💾 Saving workspace 2 layout...
Tue Jul 29 06:18:02 PM IST 2025:    └─ 1 windows saved
Tue Jul 29 06:18:02 PM IST 2025: 💾 Saving workspace -97 layout...
Tue Jul 29 06:18:02 PM IST 2025:    └─ 1 windows saved
Tue Jul 29 06:18:02 PM IST 2025: 💾 Saving workspace 3 layout...
Tue Jul 29 06:18:02 PM IST 2025:    └─ 1 windows saved
Tue Jul 29 06:18:02 PM IST 2025: ✅ Workspace state saved to /home/heisenberg/.config/hyprland-workspaces
Tue Jul 29 06:18:02 PM IST 2025: Last saved: Tue Jul 29 06:18:02 PM IST 2025
Tue Jul 29 06:18:14 PM IST 2025: 🔄 Enhanced Hyprland Workspace Save
Tue Jul 29 06:18:14 PM IST 2025: ==================================
Tue Jul 29 06:18:14 PM IST 2025: 📱 Saving detailed application layouts...
Tue Jul 29 06:18:14 PM IST 2025: 💾 Saving workspace 1 layout...
Tue Jul 29 06:18:14 PM IST 2025:    └─ 1 windows saved
Tue Jul 29 06:18:14 PM IST 2025: 💾 Saving workspace 4 layout...
Tue Jul 29 06:18:14 PM IST 2025:    └─ 1 windows saved
Tue Jul 29 06:18:14 PM IST 2025: 💾 Saving workspace 5 layout...
Tue Jul 29 06:18:14 PM IST 2025:    └─ 2 windows saved
Tue Jul 29 06:18:14 PM IST 2025: 💾 Saving workspace 9 layout...
Tue Jul 29 06:18:14 PM IST 2025:    └─ 2 windows saved
Tue Jul 29 06:18:14 PM IST 2025: 💾 Saving workspace 10 layout...
Tue Jul 29 06:18:14 PM IST 2025:    └─ 1 windows saved
Tue Jul 29 06:18:14 PM IST 2025: 💾 Saving workspace 2 layout...
Tue Jul 29 06:18:14 PM IST 2025:    └─ 1 windows saved
Tue Jul 29 06:18:14 PM IST 2025: 💾 Saving workspace -97 layout...
Tue Jul 29 06:18:14 PM IST 2025:    └─ 1 windows saved
Tue Jul 29 06:18:14 PM IST 2025: 💾 Saving workspace 3 layout...
Tue Jul 29 06:18:14 PM IST 2025:    └─ 1 windows saved
Tue Jul 29 06:18:15 PM IST 2025: ✅ Workspace state saved to /home/heisenberg/.config/hyprland-workspaces
Tue Jul 29 06:18:15 PM IST 2025: Last saved: Tue Jul 29 06:18:15 PM IST 2025
Tue Jul 29 06:18:24 PM IST 2025: 🔄 Enhanced Hyprland Workspace Save
Tue Jul 29 06:18:24 PM IST 2025: ==================================
Tue Jul 29 10:06:02 PM IST 2025: 🔄 Enhanced Hyprland Workspace Save
Tue Jul 29 10:06:02 PM IST 2025: ==================================
Tue Jul 29 10:06:02 PM IST 2025: 📱 Saving detailed application layouts...
Tue Jul 29 10:06:02 PM IST 2025: 💾 Saving workspace 9 layout...
Tue Jul 29 10:06:02 PM IST 2025:    └─ 2 windows saved
Tue Jul 29 10:06:02 PM IST 2025: 💾 Saving workspace 2 layout...
Tue Jul 29 10:06:02 PM IST 2025:    └─ 2 windows saved
Tue Jul 29 10:06:02 PM IST 2025: 💾 Saving workspace 4 layout...
Tue Jul 29 10:06:02 PM IST 2025:    └─ 1 windows saved
Tue Jul 29 10:06:02 PM IST 2025: 💾 Saving workspace 5 layout...
Tue Jul 29 10:06:02 PM IST 2025:    └─ 2 windows saved
Tue Jul 29 10:06:02 PM IST 2025: 💾 Saving workspace 10 layout...
Tue Jul 29 10:06:02 PM IST 2025:    └─ 1 windows saved
Tue Jul 29 10:06:02 PM IST 2025: 💾 Saving workspace 3 layout...
Tue Jul 29 10:06:02 PM IST 2025:    └─ 1 windows saved
Tue Jul 29 10:06:02 PM IST 2025: 💾 Saving workspace 1 layout...
Tue Jul 29 10:06:02 PM IST 2025:    └─ 1 windows saved
Tue Jul 29 10:06:02 PM IST 2025: ✅ Workspace state saved to /home/heisenberg/.config/hyprland-workspaces
Tue Jul 29 10:06:02 PM IST 2025: Last saved: Tue Jul 29 10:06:02 PM IST 2025
Tue Jul 29 10:08:03 PM IST 2025: 🔄 Enhanced Hyprland Workspace Save
Tue Jul 29 10:08:03 PM IST 2025: ==================================
Tue Jul 29 10:08:03 PM IST 2025: 📱 Saving detailed application layouts...
Tue Jul 29 10:08:03 PM IST 2025: 💾 Saving workspace 9 layout...
Tue Jul 29 10:08:03 PM IST 2025:    └─ 2 windows saved
Tue Jul 29 10:08:03 PM IST 2025: 💾 Saving workspace 2 layout...
Tue Jul 29 10:08:03 PM IST 2025:    └─ 2 windows saved
Tue Jul 29 10:08:03 PM IST 2025: 💾 Saving workspace 4 layout...
Tue Jul 29 10:08:03 PM IST 2025:    └─ 1 windows saved
Tue Jul 29 10:08:03 PM IST 2025: 💾 Saving workspace 5 layout...
Tue Jul 29 10:08:03 PM IST 2025:    └─ 2 windows saved
Tue Jul 29 10:08:03 PM IST 2025: 💾 Saving workspace 10 layout...
Tue Jul 29 10:08:03 PM IST 2025:    └─ 1 windows saved
Tue Jul 29 10:08:03 PM IST 2025: 💾 Saving workspace 3 layout...
Tue Jul 29 10:08:03 PM IST 2025:    └─ 1 windows saved
Tue Jul 29 10:08:03 PM IST 2025: 💾 Saving workspace 1 layout...
Tue Jul 29 10:08:03 PM IST 2025:    └─ 1 windows saved
Tue Jul 29 10:08:03 PM IST 2025: ✅ Workspace state saved to /home/heisenberg/.config/hyprland-workspaces
Tue Jul 29 10:08:03 PM IST 2025: Last saved: Tue Jul 29 10:08:03 PM IST 2025
Tue Jul 29 10:09:24 PM IST 2025: 🔄 Enhanced Hyprland Workspace Save
Tue Jul 29 10:09:24 PM IST 2025: ==================================
Tue Jul 29 10:09:24 PM IST 2025: 📱 Saving detailed application layouts...
Tue Jul 29 10:09:24 PM IST 2025: 💾 Saving workspace 9 layout...
Tue Jul 29 10:09:24 PM IST 2025:    └─ 2 windows saved
Tue Jul 29 10:09:24 PM IST 2025: 💾 Saving workspace 2 layout...
Tue Jul 29 10:09:24 PM IST 2025:    └─ 1 windows saved
Tue Jul 29 10:09:24 PM IST 2025: 💾 Saving workspace 4 layout...
Tue Jul 29 10:09:24 PM IST 2025:    └─ 1 windows saved
Tue Jul 29 10:09:24 PM IST 2025: 💾 Saving workspace 5 layout...
Tue Jul 29 10:09:24 PM IST 2025:    └─ 2 windows saved
Tue Jul 29 10:09:24 PM IST 2025: 💾 Saving workspace 10 layout...
Tue Jul 29 10:09:24 PM IST 2025:    └─ 1 windows saved
Tue Jul 29 10:09:24 PM IST 2025: 💾 Saving workspace 3 layout...
Tue Jul 29 10:09:24 PM IST 2025:    └─ 1 windows saved
Tue Jul 29 10:09:24 PM IST 2025: 💾 Saving workspace 1 layout...
Tue Jul 29 10:09:24 PM IST 2025:    └─ 1 windows saved
Tue Jul 29 10:09:24 PM IST 2025: ✅ Workspace state saved to /home/heisenberg/.config/hyprland-workspaces
Tue Jul 29 10:09:24 PM IST 2025: Last saved: Tue Jul 29 10:09:24 PM IST 2025
Tue Jul 29 11:22:37 PM IST 2025: 🔄 Enhanced Hyprland Workspace Save
Tue Jul 29 11:22:37 PM IST 2025: ==================================
Tue Jul 29 11:22:37 PM IST 2025: 📱 Saving detailed application layouts...
Tue Jul 29 11:22:37 PM IST 2025: 💾 Saving workspace 1 layout...
Tue Jul 29 11:22:37 PM IST 2025:    └─ 1 windows saved
Tue Jul 29 11:22:37 PM IST 2025: 💾 Saving workspace 9 layout...
Tue Jul 29 11:22:37 PM IST 2025:    └─ 2 windows saved
Tue Jul 29 11:22:37 PM IST 2025: 💾 Saving workspace 5 layout...
Tue Jul 29 11:22:37 PM IST 2025:    └─ 2 windows saved
Tue Jul 29 11:22:37 PM IST 2025: 💾 Saving workspace 10 layout...
Tue Jul 29 11:22:37 PM IST 2025:    └─ 1 windows saved
Tue Jul 29 11:22:37 PM IST 2025: 💾 Saving workspace 3 layout...
Tue Jul 29 11:22:37 PM IST 2025:    └─ 1 windows saved
Tue Jul 29 11:22:37 PM IST 2025: 💾 Saving workspace 2 layout...
Tue Jul 29 11:22:37 PM IST 2025:    └─ 2 windows saved
Tue Jul 29 11:22:37 PM IST 2025: 💾 Saving workspace -98 layout...
Tue Jul 29 11:22:37 PM IST 2025:    └─ 1 windows saved
Tue Jul 29 11:22:37 PM IST 2025: 💾 Saving workspace 4 layout...
Tue Jul 29 11:22:37 PM IST 2025:    └─ 1 windows saved
Tue Jul 29 11:22:37 PM IST 2025: ✅ Workspace state saved to /home/heisenberg/.config/hyprland-workspaces
Tue Jul 29 11:22:37 PM IST 2025: Last saved: Tue Jul 29 11:22:37 PM IST 2025
