2025-07-31 21:28:07 Loading main app package /usr/lib/obsidian/obsidian.asar
2025-07-31 21:28:07 Checking for update using Github
2025-07-31 21:28:08 Success.
2025-07-31 21:28:08 Latest version is 1.8.10
2025-07-31 21:28:08 App is up to date.
2025-07-31 21:29:02 Loading main app package /usr/lib/obsidian/obsidian.asar
2025-07-31 21:29:03 Checking for update using Github
2025-07-31 21:29:03 Success.
2025-07-31 21:29:03 Latest version is 1.8.10
2025-07-31 21:29:03 App is up to date.
2025-07-31 22:27:41 Loading main app package /usr/lib/obsidian/obsidian.asar
2025-07-31 22:27:41 Checking for update using Github
2025-07-31 22:28:25 Loading main app package /usr/lib/obsidian/obsidian.asar
2025-07-31 22:28:25 Checking for update using Github
2025-07-31 22:28:26 Success.
2025-07-31 22:28:26 Latest version is 1.8.10
2025-07-31 22:28:26 App is up to date.
2025-07-31 23:04:11 Loading main app package /usr/lib/obsidian/obsidian.asar
2025-07-31 23:04:11 Checking for update using Github
2025-07-31 23:04:12 Success.
2025-07-31 23:04:12 Latest version is 1.8.10
2025-07-31 23:04:12 App is up to date.
2025-07-31 23:04:41 Loading main app package /usr/lib/obsidian/obsidian.asar
2025-07-31 23:04:41 Checking for update using Github
2025-07-31 23:04:41 Success.
2025-07-31 23:04:41 Latest version is 1.8.10
2025-07-31 23:04:41 App is up to date.
2025-07-31 23:23:00 Loading main app package /usr/lib/obsidian/obsidian.asar
2025-07-31 23:23:00 Checking for update using Github
2025-07-31 23:23:00 Success.
2025-07-31 23:23:00 Latest version is 1.8.10
2025-07-31 23:23:00 App is up to date.
2025-08-01 01:27:46 Loading main app package /usr/lib/obsidian/obsidian.asar
2025-08-01 01:27:47 Checking for update using Github
2025-08-01 01:27:47 Success.
2025-08-01 01:27:47 Latest version is 1.8.10
2025-08-01 01:27:47 App is up to date.
2025-08-01 02:50:52 Checking for update using Github
2025-08-01 02:50:52 Success.
2025-08-01 02:50:52 Latest version is 1.8.10
2025-08-01 02:50:52 App is up to date.
2025-08-01 03:50:52 Checking for update using Github
2025-08-01 03:50:52 Success.
2025-08-01 03:50:52 Latest version is 1.8.10
2025-08-01 03:50:52 App is up to date.
2025-08-01 07:51:04 Loading main app package /usr/lib/obsidian/obsidian.asar
2025-08-01 07:51:05 Checking for update using Github
2025-08-01 07:51:05 Success.
2025-08-01 07:51:05 Latest version is 1.8.10
2025-08-01 07:51:05 App is up to date.
2025-08-01 08:51:04 Checking for update using Github
2025-08-01 08:51:05 Success.
2025-08-01 08:51:05 Latest version is 1.8.10
2025-08-01 08:51:05 App is up to date.
2025-08-01 16:16:34 Checking for update using Github
2025-08-01 16:16:36 Success.
2025-08-01 16:16:36 Latest version is 1.8.10
2025-08-01 16:16:36 App is up to date.
2025-08-01 17:16:36 Checking for update using Github
2025-08-01 17:16:36 Success.
2025-08-01 17:16:36 Latest version is 1.8.10
2025-08-01 17:16:36 App is up to date.
2025-08-01 21:46:57 Checking for update using Github
2025-08-01 21:46:57 Success.
2025-08-01 21:46:57 Latest version is 1.8.10
2025-08-01 21:46:57 App is up to date.
2025-08-01 22:46:57 Checking for update using Github
2025-08-01 22:46:57 Success.
2025-08-01 22:46:57 Latest version is 1.8.10
2025-08-01 22:46:57 App is up to date.
2025-08-01 23:46:57 Checking for update using Github
2025-08-01 23:47:01 Success.
2025-08-01 23:47:01 Latest version is 1.8.10
2025-08-01 23:47:01 App is up to date.
2025-08-03 21:39:42 Loading main app package /usr/lib/obsidian/obsidian.asar
2025-08-03 21:39:42 Checking for update using Github
2025-08-03 21:39:43 Success.
2025-08-03 21:39:43 Latest version is 1.8.10
2025-08-03 21:39:43 App is up to date.
2025-08-03 22:39:42 Checking for update using Github
2025-08-03 22:39:42 Success.
2025-08-03 22:39:42 Latest version is 1.8.10
2025-08-03 22:39:42 App is up to date.
2025-08-03 23:39:42 Checking for update using Github
2025-08-03 23:39:42 Success.
2025-08-03 23:39:42 Latest version is 1.8.10
2025-08-03 23:39:42 App is up to date.
2025-08-04 00:39:42 Checking for update using Github
2025-08-04 00:39:42 Success.
2025-08-04 00:39:42 Latest version is 1.8.10
2025-08-04 00:39:42 App is up to date.
2025-08-04 01:39:42 Checking for update using Github
2025-08-04 01:39:43 Success.
2025-08-04 01:39:43 Latest version is 1.8.10
2025-08-04 01:39:43 App is up to date.
2025-08-04 03:28:22 Checking for update using Github
2025-08-04 03:28:22 Success.
2025-08-04 03:28:22 Latest version is 1.8.10
2025-08-04 03:28:22 App is up to date.
2025-08-04 04:29:33 Checking for update using Github
2025-08-04 04:29:33 Success.
2025-08-04 04:29:33 Latest version is 1.8.10
2025-08-04 04:29:33 App is up to date.
2025-08-04 08:19:31 Checking for update using Github
2025-08-04 08:19:32 Success.
2025-08-04 08:19:32 Latest version is 1.8.10
2025-08-04 08:19:32 App is up to date.
2025-08-04 13:00:21 Checking for update using Github
2025-08-04 13:00:21 Success.
2025-08-04 13:00:21 Latest version is 1.8.10
2025-08-04 13:00:21 App is up to date.
2025-08-04 17:16:24 Checking for update using Github
2025-08-04 17:16:24 Failed to check for update using Github (net::ERR_CERT_AUTHORITY_INVALID)
2025-08-04 17:16:24 Checking for update using obsidian.md
2025-08-04 17:16:25 Failed to check for update using obsidian.md (net::ERR_CERT_AUTHORITY_INVALID)
2025-08-04 18:16:25 Checking for update using Github
2025-08-04 18:16:25 Success.
2025-08-04 18:16:25 Latest version is 1.8.10
2025-08-04 18:16:25 App is up to date.
2025-08-05 04:00:13 Loading main app package /usr/lib/obsidian/obsidian.asar
2025-08-05 04:00:13 Checking for update using Github
2025-08-05 04:00:14 Success.
2025-08-05 04:00:14 Latest version is 1.8.10
2025-08-05 04:00:14 App is up to date.
2025-08-05 05:00:13 Checking for update using Github
2025-08-05 05:00:13 Success.
2025-08-05 05:00:13 Latest version is 1.8.10
2025-08-05 05:00:13 App is up to date.
2025-08-05 12:14:28 Checking for update using Github
2025-08-05 12:14:28 Success.
2025-08-05 12:14:28 Latest version is 1.8.10
2025-08-05 12:14:28 App is up to date.
2025-08-05 13:14:28 Checking for update using Github
2025-08-05 13:14:28 Success.
2025-08-05 13:14:28 Latest version is 1.8.10
2025-08-05 13:14:28 App is up to date.
2025-08-05 16:06:31 Checking for update using Github
2025-08-05 16:06:32 Success.
2025-08-05 16:06:32 Latest version is 1.8.10
2025-08-05 16:06:32 App is up to date.
2025-08-05 22:31:37 Checking for update using Github
2025-08-05 22:31:37 Success.
2025-08-05 22:31:37 Latest version is 1.8.10
2025-08-05 22:31:37 App is up to date.
2025-08-05 23:31:37 Checking for update using Github
2025-08-05 23:31:37 Success.
2025-08-05 23:31:37 Latest version is 1.8.10
2025-08-05 23:31:37 App is up to date.
2025-08-06 00:34:58 Checking for update using Github
2025-08-06 00:34:58 Success.
2025-08-06 00:34:58 Latest version is 1.8.10
2025-08-06 00:34:58 App is up to date.
2025-08-06 02:06:27 Checking for update using Github
2025-08-06 02:06:27 Success.
2025-08-06 02:06:27 Latest version is 1.8.10
2025-08-06 02:06:27 App is up to date.
2025-08-06 17:03:00 Checking for update using Github
2025-08-06 17:03:00 Success.
2025-08-06 17:03:00 Latest version is 1.8.10
2025-08-06 17:03:00 App is up to date.
2025-08-06 18:03:00 Checking for update using Github
2025-08-06 18:03:00 Success.
2025-08-06 18:03:00 Latest version is 1.8.10
2025-08-06 18:03:00 App is up to date.
2025-08-07 00:29:14 Loading main app package /usr/lib/obsidian/obsidian.asar
2025-08-07 00:29:14 Checking for update using Github
2025-08-07 00:29:15 Success.
2025-08-07 00:29:15 Latest version is 1.8.10
2025-08-07 00:29:15 App is up to date.
2025-08-07 01:29:14 Checking for update using Github
2025-08-07 01:29:14 Success.
2025-08-07 01:29:14 Latest version is 1.8.10
2025-08-07 01:29:14 App is up to date.
2025-08-07 04:04:55 Checking for update using Github
2025-08-07 04:04:55 Success.
2025-08-07 04:04:55 Latest version is 1.8.10
2025-08-07 04:04:55 App is up to date.
2025-08-07 06:18:54 Checking for update using Github
2025-08-07 06:18:54 Success.
2025-08-07 06:18:54 Latest version is 1.8.10
2025-08-07 06:18:54 App is up to date.
2025-08-07 12:04:10 Checking for update using Github
2025-08-07 12:04:10 Success.
2025-08-07 12:04:10 Latest version is 1.8.10
2025-08-07 12:04:10 App is up to date.
2025-08-07 22:48:10 Checking for update using Github
2025-08-07 22:48:11 Success.
2025-08-07 22:48:11 Latest version is 1.8.10
2025-08-07 22:48:11 App is up to date.
2025-08-07 23:48:19 Checking for update using Github
2025-08-07 23:48:20 Success.
2025-08-07 23:48:20 Latest version is 1.8.10
2025-08-07 23:48:20 App is up to date.
2025-08-08 00:48:19 Checking for update using Github
2025-08-08 00:48:19 Success.
2025-08-08 00:48:19 Latest version is 1.8.10
2025-08-08 00:48:19 App is up to date.
2025-08-08 01:48:19 Checking for update using Github
2025-08-08 01:48:20 Success.
2025-08-08 01:48:20 Latest version is 1.8.10
2025-08-08 01:48:20 App is up to date.
2025-08-08 07:34:05 Checking for update using Github
2025-08-08 07:34:06 Success.
2025-08-08 07:34:06 Latest version is 1.8.10
2025-08-08 07:34:06 App is up to date.
2025-08-13 04:48:37 Loading main app package /usr/lib/obsidian/obsidian.asar
2025-08-13 04:48:37 Checking for update using Github
2025-08-13 04:48:38 Success.
2025-08-13 04:48:38 Latest version is 1.8.10
2025-08-13 04:48:38 App is up to date.
2025-08-13 08:06:29 Checking for update using Github
2025-08-13 08:06:30 Success.
2025-08-13 08:06:30 Latest version is 1.8.10
2025-08-13 08:06:30 App is up to date.
2025-08-13 10:59:26 Checking for update using Github
2025-08-13 10:59:26 Success.
2025-08-13 10:59:26 Latest version is 1.8.10
2025-08-13 10:59:26 App is up to date.
2025-08-14 08:18:50 Checking for update using Github
2025-08-14 08:18:51 Success.
2025-08-14 08:18:51 Latest version is 1.8.10
2025-08-14 08:18:51 App is up to date.
2025-08-14 09:46:34 Checking for update using Github
2025-08-14 09:46:34 Success.
2025-08-14 09:46:34 Latest version is 1.8.10
2025-08-14 09:46:34 App is up to date.
2025-08-14 11:12:28 Checking for update using Github
2025-08-14 11:12:28 Success.
2025-08-14 11:12:28 Latest version is 1.8.10
2025-08-14 11:12:28 App is up to date.
2025-08-14 12:12:29 Checking for update using Github
2025-08-14 12:12:29 Success.
2025-08-14 12:12:29 Latest version is 1.8.10
2025-08-14 12:12:29 App is up to date.
2025-08-14 13:12:30 Checking for update using Github
2025-08-14 13:12:30 Success.
2025-08-14 13:12:30 Latest version is 1.8.10
2025-08-14 13:12:30 App is up to date.
2025-08-14 16:01:44 Checking for update using Github
2025-08-14 16:01:45 Success.
2025-08-14 16:01:45 Latest version is 1.8.10
2025-08-14 16:01:45 App is up to date.
2025-08-14 17:01:44 Checking for update using Github
2025-08-14 17:01:45 Success.
2025-08-14 17:01:45 Latest version is 1.8.10
2025-08-14 17:01:45 App is up to date.
2025-08-14 18:01:44 Checking for update using Github
2025-08-14 18:01:45 Failed to check for update using Github (net::ERR_CERT_AUTHORITY_INVALID)
2025-08-14 18:01:45 Checking for update using obsidian.md
2025-08-14 18:01:45 Failed to check for update using obsidian.md (net::ERR_CERT_AUTHORITY_INVALID)
2025-08-15 05:30:57 Checking for update using Github
2025-08-15 05:30:57 Success.
2025-08-15 05:30:57 Latest version is 1.8.10
2025-08-15 05:30:57 App is up to date.
2025-08-15 06:30:57 Checking for update using Github
2025-08-15 06:30:57 Success.
2025-08-15 06:30:57 Latest version is 1.8.10
2025-08-15 06:30:57 App is up to date.
2025-08-15 08:31:27 Checking for update using Github
2025-08-15 08:31:27 Success.
2025-08-15 08:31:27 Latest version is 1.8.10
2025-08-15 08:31:27 App is up to date.
2025-08-15 09:31:27 Checking for update using Github
2025-08-15 09:31:27 Success.
2025-08-15 09:31:27 Latest version is 1.8.10
2025-08-15 09:31:27 App is up to date.
2025-08-15 10:31:27 Checking for update using Github
2025-08-15 10:31:27 Success.
2025-08-15 10:31:27 Latest version is 1.8.10
2025-08-15 10:31:27 App is up to date.
2025-08-15 12:04:26 Checking for update using Github
2025-08-15 12:04:27 Success.
2025-08-15 12:04:27 Latest version is 1.8.10
2025-08-15 12:04:27 App is up to date.
2025-08-15 13:04:28 Checking for update using Github
2025-08-15 13:04:28 Success.
2025-08-15 13:04:28 Latest version is 1.8.10
2025-08-15 13:04:28 App is up to date.
2025-08-15 16:34:15 Checking for update using Github
2025-08-15 16:34:15 Success.
2025-08-15 16:34:15 Latest version is 1.8.10
2025-08-15 16:34:15 App is up to date.
2025-08-16 02:55:14 Loading main app package /usr/lib/obsidian/obsidian.asar
2025-08-16 02:55:15 Checking for update using Github
2025-08-16 02:55:51 Loading main app package /usr/lib/obsidian/obsidian.asar
2025-08-16 02:55:51 Checking for update using Github
2025-08-16 06:52:17 Checking for update using Github
2025-08-16 06:52:17 Success.
2025-08-16 06:52:17 Latest version is 1.8.10
2025-08-16 06:52:17 App is up to date.
2025-08-16 08:58:51 Checking for update using Github
2025-08-16 08:58:52 Success.
2025-08-16 08:58:52 Latest version is 1.8.10
2025-08-16 08:58:52 App is up to date.
2025-08-16 09:58:51 Checking for update using Github
2025-08-16 09:58:52 Success.
2025-08-16 09:58:52 Latest version is 1.8.10
2025-08-16 09:58:52 App is up to date.
2025-08-16 10:58:51 Checking for update using Github
2025-08-16 10:58:52 Success.
2025-08-16 10:58:52 Latest version is 1.8.10
2025-08-16 10:58:52 App is up to date.
2025-08-16 11:58:51 Checking for update using Github
2025-08-16 11:58:51 Success.
2025-08-16 11:58:51 Latest version is 1.8.10
2025-08-16 11:58:51 App is up to date.
2025-08-16 12:58:51 Checking for update using Github
2025-08-16 12:58:51 Success.
2025-08-16 12:58:51 Latest version is 1.8.10
2025-08-16 12:58:51 App is up to date.
2025-08-16 13:58:51 Checking for update using Github
2025-08-16 13:58:52 Success.
2025-08-16 13:58:52 Latest version is 1.8.10
2025-08-16 13:58:52 App is up to date.
2025-08-17 06:27:42 Checking for update using Github
2025-08-17 06:27:42 Success.
2025-08-17 06:27:42 Latest version is 1.8.10
2025-08-17 06:27:42 App is up to date.
2025-08-17 07:56:37 Checking for update using Github
2025-08-17 07:56:37 Success.
2025-08-17 07:56:37 Latest version is 1.8.10
2025-08-17 07:56:37 App is up to date.
2025-08-17 08:56:37 Checking for update using Github
2025-08-17 08:56:37 Success.
2025-08-17 08:56:37 Latest version is 1.8.10
2025-08-17 08:56:37 App is up to date.
2025-08-17 09:56:37 Checking for update using Github
2025-08-17 09:56:37 Success.
2025-08-17 09:56:37 Latest version is 1.8.10
2025-08-17 09:56:37 App is up to date.
2025-08-18 13:48:05 Loading main app package /usr/lib/obsidian/obsidian.asar
2025-08-18 13:48:06 Checking for update using Github
2025-08-18 13:48:06 Success.
2025-08-18 13:48:06 Latest version is 1.8.10
2025-08-18 13:48:06 App is up to date.
2025-08-18 15:42:02 Checking for update using Github
2025-08-18 15:42:02 Success.
2025-08-18 15:42:02 Latest version is 1.8.10
2025-08-18 15:42:02 App is up to date.
2025-08-18 16:42:02 Checking for update using Github
2025-08-18 16:42:02 Success.
2025-08-18 16:42:02 Latest version is 1.8.10
2025-08-18 16:42:02 App is up to date.
2025-08-18 17:42:02 Checking for update using Github
2025-08-18 17:42:02 Success.
2025-08-18 17:42:02 Latest version is 1.8.10
2025-08-18 17:42:02 App is up to date.
2025-08-19 05:29:52 Checking for update using Github
2025-08-19 05:29:52 Failed to check for update using Github (net::ERR_CERT_AUTHORITY_INVALID)
2025-08-19 05:29:52 Checking for update using obsidian.md
2025-08-19 05:29:54 Failed to check for update using obsidian.md (net::ERR_CERT_AUTHORITY_INVALID)
2025-08-19 08:18:05 Checking for update using Github
2025-08-19 08:18:05 Success.
2025-08-19 08:18:05 Latest version is 1.9.10
2025-08-19 08:18:05 Downloading update from https://github.com/obsidianmd/obsidian-releases/releases/download/v1.9.10/obsidian-1.9.10.asar.gz
2025-08-19 08:18:07 Verifying hash & signature. Size= 9033422
2025-08-19 08:18:07 Saving file
2025-08-19 08:18:07 Update complete.
2025-08-20 11:35:33 Loading updated app package /home/heisenberg/.config/obsidian/obsidian-1.9.10.asar
2025-08-20 11:35:33 Checking for update using Github
2025-08-20 11:35:34 Success.
2025-08-20 11:35:34 Latest version is 1.9.10
2025-08-20 11:35:34 App is up to date.
2025-08-20 12:35:33 Checking for update using Github
2025-08-20 12:35:33 Success.
2025-08-20 12:35:33 Latest version is 1.9.10
2025-08-20 12:35:33 App is up to date.
2025-08-20 13:35:33 Checking for update using Github
2025-08-20 13:35:33 Success.
2025-08-20 13:35:33 Latest version is 1.9.10
2025-08-20 13:35:33 App is up to date.
2025-08-20 17:22:49 Checking for update using Github
2025-08-20 17:22:49 Success.
2025-08-20 17:22:49 Latest version is 1.9.10
2025-08-20 17:22:49 App is up to date.
2025-08-20 18:22:49 Checking for update using Github
2025-08-20 18:22:49 Success.
2025-08-20 18:22:49 Latest version is 1.9.10
2025-08-20 18:22:49 App is up to date.
2025-08-20 19:22:49 Checking for update using Github
2025-08-20 19:22:49 Success.
2025-08-20 19:22:49 Latest version is 1.9.10
2025-08-20 19:22:49 App is up to date.
2025-08-21 11:01:52 Checking for update using Github
2025-08-21 11:01:53 Success.
2025-08-21 11:01:53 Latest version is 1.9.10
2025-08-21 11:01:53 App is up to date.
2025-08-21 15:24:18 Loading updated app package /home/heisenberg/.config/obsidian/obsidian-1.9.10.asar
2025-08-21 15:24:18 Checking for update using Github
2025-08-21 15:24:18 Success.
2025-08-21 15:24:19 Latest version is 1.9.10
2025-08-21 15:24:19 App is up to date.
2025-08-21 16:24:18 Checking for update using Github
2025-08-21 16:24:19 Success.
2025-08-21 16:24:19 Latest version is 1.9.10
2025-08-21 16:24:19 App is up to date.
2025-08-21 17:24:18 Checking for update using Github
2025-08-21 17:24:19 Success.
2025-08-21 17:24:19 Latest version is 1.9.10
2025-08-21 17:24:19 App is up to date.
2025-08-21 18:42:15 Checking for update using Github
2025-08-21 18:42:15 Failed to check for update using Github (net::ERR_NAME_NOT_RESOLVED)
2025-08-21 18:42:15 Checking for update using obsidian.md
2025-08-21 18:42:15 Failed to check for update using obsidian.md (net::ERR_NAME_NOT_RESOLVED)
2025-08-21 19:03:42 Loading updated app package /home/heisenberg/.config/obsidian/obsidian-1.9.10.asar
2025-08-21 19:03:42 Checking for update using Github
2025-08-21 19:03:43 Success.
2025-08-21 19:03:43 Latest version is 1.9.10
2025-08-21 19:03:43 App is up to date.
2025-08-22 03:05:28 Checking for update using Github
2025-08-22 03:05:28 Success.
2025-08-22 03:05:28 Latest version is 1.9.10
2025-08-22 03:05:28 App is up to date.
2025-08-22 07:09:06 Checking for update using Github
2025-08-22 07:09:06 Success.
2025-08-22 07:09:06 Latest version is 1.9.10
2025-08-22 07:09:06 App is up to date.
2025-08-22 10:15:06 Checking for update using Github
2025-08-22 10:15:06 Success.
2025-08-22 10:15:06 Latest version is 1.9.10
2025-08-22 10:15:06 App is up to date.
2025-08-23 09:09:02 Checking for update using Github
2025-08-23 09:09:02 Success.
2025-08-23 09:09:02 Latest version is 1.9.10
2025-08-23 09:09:02 App is up to date.
2025-08-23 10:09:13 Checking for update using Github
2025-08-23 10:09:13 Success.
2025-08-23 10:09:13 Latest version is 1.9.10
2025-08-23 10:09:13 App is up to date.
2025-08-23 11:09:13 Checking for update using Github
2025-08-23 11:09:13 Success.
2025-08-23 11:09:13 Latest version is 1.9.10
2025-08-23 11:09:13 App is up to date.
2025-08-23 13:45:27 Checking for update using Github
2025-08-23 13:45:27 Success.
2025-08-23 13:45:27 Latest version is 1.9.10
2025-08-23 13:45:27 App is up to date.
2025-08-24 15:41:19 Loading updated app package /home/heisenberg/.config/obsidian/obsidian-1.9.10.asar
2025-08-24 15:41:19 Checking for update using Github
2025-08-24 15:41:20 Success.
2025-08-24 15:41:20 Latest version is 1.9.10
2025-08-24 15:41:20 App is up to date.
2025-08-24 20:23:34 Checking for update using Github
2025-08-24 20:23:34 Success.
2025-08-24 20:23:34 Latest version is 1.9.10
2025-08-24 20:23:34 App is up to date.
2025-08-25 12:05:09 Checking for update using Github
2025-08-25 12:05:10 Success.
2025-08-25 12:05:10 Latest version is 1.9.10
2025-08-25 12:05:10 App is up to date.
2025-08-25 13:05:09 Checking for update using Github
2025-08-25 13:05:09 Success.
2025-08-25 13:05:09 Latest version is 1.9.10
2025-08-25 13:05:09 App is up to date.
2025-08-25 15:53:37 Checking for update using Github
2025-08-25 15:53:37 Success.
2025-08-25 15:53:37 Latest version is 1.9.10
2025-08-25 15:53:37 App is up to date.
2025-08-26 03:20:48 Checking for update using Github
2025-08-26 03:20:48 Success.
2025-08-26 03:20:48 Latest version is 1.9.10
2025-08-26 03:20:48 App is up to date.
2025-08-26 04:20:48 Checking for update using Github
2025-08-26 04:20:48 Success.
2025-08-26 04:20:48 Latest version is 1.9.10
2025-08-26 04:20:48 App is up to date.
2025-08-26 05:27:52 Checking for update using Github
2025-08-26 05:27:52 Success.
2025-08-26 05:27:52 Latest version is 1.9.10
2025-08-26 05:27:52 App is up to date.
2025-08-26 09:36:19 Checking for update using Github
2025-08-26 09:36:19 Success.
2025-08-26 09:36:19 Latest version is 1.9.10
2025-08-26 09:36:19 App is up to date.
2025-08-26 10:50:32 Checking for update using Github
2025-08-26 10:50:32 Success.
2025-08-26 10:50:32 Latest version is 1.9.10
2025-08-26 10:50:32 App is up to date.
2025-08-26 13:55:38 Checking for update using Github
2025-08-26 13:55:38 Success.
2025-08-26 13:55:38 Latest version is 1.9.10
2025-08-26 13:55:38 App is up to date.
2025-08-28 09:06:52 Loading updated app package /home/heisenberg/.config/obsidian/obsidian-1.9.10.asar
2025-08-28 09:06:52 Checking for update using Github
2025-08-28 09:06:53 Success.
2025-08-28 09:06:53 Latest version is 1.9.12
2025-08-28 09:06:53 Downloading update from https://github.com/obsidianmd/obsidian-releases/releases/download/v1.9.12/obsidian-1.9.12.asar.gz
2025-08-28 09:07:00 Verifying hash & signature. Size= 9033321
2025-08-28 09:07:00 Saving file
2025-08-28 09:07:00 Update complete.
2025-08-28 10:06:52 Checking for update using Github
2025-08-28 10:06:53 Success.
2025-08-28 10:06:53 Latest version is 1.9.12
2025-08-28 10:06:53 An update is already downloaded.
2025-08-28 12:36:08 Checking for update using Github
2025-08-28 12:36:08 Success.
2025-08-28 12:36:08 Latest version is 1.9.12
2025-08-28 12:36:08 An update is already downloaded.
2025-08-28 13:36:08 Checking for update using Github
2025-08-28 13:36:08 Success.
2025-08-28 13:36:08 Latest version is 1.9.12
2025-08-28 13:36:08 An update is already downloaded.
2025-08-28 19:36:07 Checking for update using Github
2025-08-28 19:36:08 Success.
2025-08-28 19:36:08 Latest version is 1.9.12
2025-08-28 19:36:08 An update is already downloaded.
2025-08-28 22:14:54 Checking for update using Github
2025-08-28 22:14:54 Success.
2025-08-28 22:14:54 Latest version is 1.9.12
2025-08-28 22:14:54 An update is already downloaded.
2025-08-29 09:15:09 Checking for update using Github
2025-08-29 09:15:14 Success.
2025-08-29 09:15:14 Latest version is 1.9.12
2025-08-29 09:15:14 An update is already downloaded.
2025-08-29 10:15:10 Checking for update using Github
2025-08-29 10:15:10 Success.
2025-08-29 10:15:10 Latest version is 1.9.12
2025-08-29 10:15:10 An update is already downloaded.
2025-08-29 11:15:10 Checking for update using Github
2025-08-29 11:15:10 Success.
2025-08-29 11:15:10 Latest version is 1.9.12
2025-08-29 11:15:10 An update is already downloaded.
2025-08-29 12:28:01 Checking for update using Github
2025-08-29 12:28:02 Success.
2025-08-29 12:28:02 Latest version is 1.9.12
2025-08-29 12:28:02 An update is already downloaded.
2025-08-29 14:02:06 Checking for update using Github
2025-08-29 14:02:07 Failed to check for update using Github (net::ERR_CERT_AUTHORITY_INVALID)
2025-08-29 14:02:07 Checking for update using obsidian.md
2025-08-29 14:02:08 Failed to check for update using obsidian.md (net::ERR_CERT_AUTHORITY_INVALID)
2025-09-04 00:27:52 Loading updated app package /home/heisenberg/.config/obsidian/obsidian-1.9.12.asar
2025-09-04 00:27:52 Checking for update using Github
2025-09-04 00:27:52 Success.
2025-09-04 00:27:52 Latest version is 1.9.12
2025-09-04 00:27:52 App is up to date.
2025-09-04 01:27:52 Checking for update using Github
2025-09-04 01:27:52 Success.
2025-09-04 01:27:52 Latest version is 1.9.12
2025-09-04 01:27:52 App is up to date.
2025-09-05 02:12:35 Loading main app package /usr/lib/obsidian/obsidian.asar
2025-09-05 02:12:35 Checking for update using Github
2025-09-05 02:12:36 Success.
2025-09-05 02:12:36 Latest version is 1.9.12
2025-09-05 02:12:36 App is up to date.
2025-09-05 23:20:48 Loading main app package /usr/lib/obsidian/obsidian.asar
2025-09-05 23:20:49 Checking for update using Github
2025-09-05 23:20:49 Success.
2025-09-05 23:20:49 Latest version is 1.9.12
2025-09-05 23:20:49 App is up to date.
2025-09-06 00:20:48 Checking for update using Github
2025-09-06 00:20:48 Success.
2025-09-06 00:20:48 Latest version is 1.9.12
2025-09-06 00:20:48 App is up to date.
2025-09-06 02:47:25 Checking for update using Github
2025-09-06 02:47:25 Failed to check for update using Github (net::ERR_NAME_NOT_RESOLVED)
2025-09-06 02:47:25 Checking for update using obsidian.md
2025-09-06 02:47:25 Failed to check for update using obsidian.md (net::ERR_NAME_NOT_RESOLVED)
2025-09-06 03:47:26 Checking for update using Github
2025-09-06 03:47:26 Success.
2025-09-06 03:47:26 Latest version is 1.9.12
2025-09-06 03:47:26 App is up to date.
2025-09-06 04:47:26 Checking for update using Github
2025-09-06 04:47:26 Success.
2025-09-06 04:47:26 Latest version is 1.9.12
2025-09-06 04:47:26 App is up to date.
2025-09-06 07:02:51 Checking for update using Github
2025-09-06 07:02:51 Failed to check for update using Github (net::ERR_NAME_NOT_RESOLVED)
2025-09-06 07:02:51 Checking for update using obsidian.md
2025-09-06 07:02:51 Failed to check for update using obsidian.md (net::ERR_NAME_NOT_RESOLVED)
2025-09-12 00:55:24 Loading main app package /usr/lib/obsidian/obsidian.asar
2025-09-12 00:55:24 Checking for update using Github
2025-09-12 00:55:24 Success.
2025-09-12 00:55:24 Latest version is 1.9.12
2025-09-12 00:55:24 App is up to date.
2025-09-12 01:55:24 Checking for update using Github
2025-09-12 01:55:25 Success.
2025-09-12 01:55:25 Latest version is 1.9.12
2025-09-12 01:55:25 App is up to date.
2025-09-12 02:55:24 Checking for update using Github
2025-09-12 02:55:25 Success.
2025-09-12 02:55:25 Latest version is 1.9.12
2025-09-12 02:55:25 App is up to date.
2025-09-15 04:59:52 Loading main app package /usr/lib/obsidian/obsidian.asar
2025-09-15 04:59:52 Checking for update using Github
2025-09-15 04:59:53 Success.
2025-09-15 04:59:53 Latest version is 1.9.12
2025-09-15 04:59:53 App is up to date.
2025-09-16 13:35:42 Loading main app package /usr/lib/obsidian/obsidian.asar
2025-09-16 13:35:42 Checking for update using Github
2025-09-16 13:35:43 Success.
2025-09-16 13:35:43 Latest version is 1.9.12
2025-09-16 13:35:43 App is up to date.
2025-09-17 03:58:16 Checking for update using Github
2025-09-17 03:58:16 Success.
2025-09-17 03:58:16 Latest version is 1.9.12
2025-09-17 03:58:16 App is up to date.
2025-09-17 04:58:16 Checking for update using Github
2025-09-17 04:58:16 Success.
2025-09-17 04:58:16 Latest version is 1.9.12
2025-09-17 04:58:16 App is up to date.
2025-09-17 07:43:06 Checking for update using Github
2025-09-17 07:43:07 Success.
2025-09-17 07:43:07 Latest version is 1.9.12
2025-09-17 07:43:07 App is up to date.
2025-09-17 08:43:08 Checking for update using Github
2025-09-17 08:43:08 Success.
2025-09-17 08:43:08 Latest version is 1.9.12
2025-09-17 08:43:08 App is up to date.
2025-09-17 11:08:25 Checking for update using Github
2025-09-17 11:08:25 Failed to check for update using Github (net::ERR_CERT_AUTHORITY_INVALID)
2025-09-17 11:08:25 Checking for update using obsidian.md
2025-09-17 11:08:27 Failed to check for update using obsidian.md (net::ERR_CERT_AUTHORITY_INVALID)
2025-09-17 12:08:25 Checking for update using Github
2025-09-17 12:08:25 Success.
2025-09-17 12:08:25 Latest version is 1.9.12
2025-09-17 12:08:25 App is up to date.
2025-09-17 13:08:25 Checking for update using Github
2025-09-17 13:08:25 Success.
2025-09-17 13:08:25 Latest version is 1.9.12
2025-09-17 13:08:25 App is up to date.
2025-09-18 06:13:05 Loading main app package /usr/lib/obsidian/obsidian.asar
2025-09-18 06:13:05 Checking for update using Github
2025-09-18 06:13:08 Success.
2025-09-18 06:13:08 Latest version is 1.9.12
2025-09-18 06:13:08 App is up to date.
2025-09-19 06:16:20 Checking for update using Github
2025-09-19 06:16:20 Success.
2025-09-19 06:16:20 Latest version is 1.9.12
2025-09-19 06:16:20 App is up to date.
2025-09-19 09:13:54 Checking for update using Github
2025-09-19 09:13:54 Success.
2025-09-19 09:13:54 Latest version is 1.9.12
2025-09-19 09:13:54 App is up to date.
2025-09-19 10:13:55 Checking for update using Github
2025-09-19 10:13:55 Success.
2025-09-19 10:13:55 Latest version is 1.9.12
2025-09-19 10:13:55 App is up to date.
2025-09-19 11:13:55 Checking for update using Github
2025-09-19 11:13:55 Success.
2025-09-19 11:13:55 Latest version is 1.9.12
2025-09-19 11:13:55 App is up to date.
2025-09-19 14:04:22 Checking for update using Github
2025-09-19 14:04:23 Success.
2025-09-19 14:04:23 Latest version is 1.9.12
2025-09-19 14:04:23 App is up to date.
2025-09-19 15:38:16 Checking for update using Github
2025-09-19 15:38:16 Success.
2025-09-19 15:38:16 Latest version is 1.9.12
2025-09-19 15:38:16 App is up to date.
2025-09-19 16:38:16 Checking for update using Github
2025-09-19 16:38:45 Success.
2025-09-19 16:38:45 Latest version is 1.9.12
2025-09-19 16:38:45 App is up to date.
2025-09-19 19:02:43 Checking for update using Github
2025-09-19 19:02:43 Success.
2025-09-19 19:02:43 Latest version is 1.9.12
2025-09-19 19:02:43 App is up to date.
2025-09-20 00:07:41 Checking for update using Github
2025-09-20 00:07:41 Success.
2025-09-20 00:07:41 Latest version is 1.9.12
2025-09-20 00:07:41 App is up to date.
2025-09-20 01:07:42 Checking for update using Github
2025-09-20 01:07:42 Success.
2025-09-20 01:07:42 Latest version is 1.9.12
2025-09-20 01:07:42 App is up to date.
2025-09-20 02:07:42 Checking for update using Github
2025-09-20 02:07:42 Success.
2025-09-20 02:07:42 Latest version is 1.9.12
2025-09-20 02:07:42 App is up to date.
2025-09-20 11:09:21 Checking for update using Github
2025-09-20 11:09:21 Failed to check for update using Github (net::ERR_CERT_AUTHORITY_INVALID)
2025-09-20 11:09:21 Checking for update using obsidian.md
2025-09-20 11:09:23 Failed to check for update using obsidian.md (net::ERR_CERT_AUTHORITY_INVALID)
2025-09-22 03:11:16 Loading main app package /usr/lib/obsidian/obsidian.asar
2025-09-22 03:11:16 Checking for update using Github
2025-09-22 03:11:17 Success.
2025-09-22 03:11:17 Latest version is 1.9.12
2025-09-22 03:11:17 App is up to date.
2025-09-22 03:43:31 Loading main app package /usr/lib/obsidian/obsidian.asar
2025-09-22 03:43:31 Checking for update using Github
2025-09-22 03:43:32 Success.
2025-09-22 03:43:32 Latest version is 1.9.12
2025-09-22 03:43:32 App is up to date.
2025-09-22 04:43:31 Checking for update using Github
2025-09-22 04:43:36 Success.
2025-09-22 04:43:36 Latest version is 1.9.12
2025-09-22 04:43:36 App is up to date.
2025-09-22 04:50:13 Loading main app package /usr/lib/obsidian/obsidian.asar
2025-09-22 04:50:13 Checking for update using Github
2025-09-22 04:50:13 Success.
2025-09-22 04:50:13 Latest version is 1.9.12
2025-09-22 04:50:13 App is up to date.
2025-09-22 10:04:31 Checking for update using Github
2025-09-22 10:04:31 Success.
2025-09-22 10:04:31 Latest version is 1.9.12
2025-09-22 10:04:31 App is up to date.
2025-09-22 11:04:31 Checking for update using Github
2025-09-22 11:04:31 Success.
2025-09-22 11:04:31 Latest version is 1.9.12
2025-09-22 11:04:31 App is up to date.
2025-09-23 02:08:04 Checking for update using Github
2025-09-23 02:08:04 Success.
2025-09-23 02:08:04 Latest version is 1.9.12
2025-09-23 02:08:04 App is up to date.
2025-09-23 03:08:04 Checking for update using Github
2025-09-23 03:08:04 Success.
2025-09-23 03:08:04 Latest version is 1.9.12
2025-09-23 03:08:04 App is up to date.
2025-09-23 04:16:39 Checking for update using Github
2025-09-23 04:16:39 Failed to check for update using Github (net::ERR_CERT_AUTHORITY_INVALID)
2025-09-23 04:16:39 Checking for update using obsidian.md
2025-09-23 04:16:42 Failed to check for update using obsidian.md (net::ERR_CERT_AUTHORITY_INVALID)
2025-09-23 16:30:05 Checking for update using Github
2025-09-23 16:30:05 Success.
2025-09-23 16:30:05 Latest version is 1.9.12
2025-09-23 16:30:05 App is up to date.
2025-09-23 17:30:05 Checking for update using Github
2025-09-23 17:30:05 Success.
2025-09-23 17:30:05 Latest version is 1.9.12
2025-09-23 17:30:05 App is up to date.
2025-09-23 18:30:05 Checking for update using Github
2025-09-23 18:30:05 Failed to check for update using Github (net::ERR_CERT_AUTHORITY_INVALID)
2025-09-23 18:30:05 Checking for update using obsidian.md
2025-09-23 18:30:07 Failed to check for update using obsidian.md (net::ERR_CERT_AUTHORITY_INVALID)
2025-09-24 04:16:10 Checking for update using Github
2025-09-24 04:16:11 Success.
2025-09-24 04:16:11 Latest version is 1.9.12
2025-09-24 04:16:11 App is up to date.
2025-09-24 17:05:13 Checking for update using Github
2025-09-24 17:05:14 Success.
2025-09-24 17:05:14 Latest version is 1.9.12
2025-09-24 17:05:14 App is up to date.
2025-09-26 21:12:45 Loading main app package /usr/lib/obsidian/obsidian.asar
2025-09-26 21:12:45 Checking for update using Github
2025-09-26 21:12:46 Success.
2025-09-26 21:12:46 Latest version is 1.9.12
2025-09-26 21:12:46 App is up to date.
2025-09-29 19:33:07 Loading main app package /usr/lib/obsidian/obsidian.asar
2025-09-29 19:33:08 Checking for update using Github
2025-09-29 19:33:08 Success.
2025-09-29 19:33:08 Latest version is 1.9.12
2025-09-29 19:33:08 App is up to date.
2025-09-30 03:43:22 Loading main app package /usr/lib/obsidian/obsidian.asar
2025-09-30 03:43:22 Checking for update using Github
2025-09-30 03:43:23 Success.
2025-09-30 03:43:23 Latest version is 1.9.12
2025-09-30 03:43:23 App is up to date.
2025-09-30 06:10:38 Checking for update using Github
2025-09-30 06:10:39 Success.
2025-09-30 06:10:39 Latest version is 1.9.12
2025-09-30 06:10:39 App is up to date.
2025-10-03 18:03:32 Loading main app package /usr/lib/obsidian/obsidian.asar
2025-10-03 18:03:32 Checking for update using Github
2025-10-03 18:03:33 Success.
2025-10-03 18:03:33 Latest version is 1.9.14
2025-10-03 18:03:33 Downloading update from https://github.com/obsidianmd/obsidian-releases/releases/download/v1.9.14/obsidian-1.9.14.asar.gz
2025-10-03 18:03:50 Verifying hash & signature. Size= 9033685
2025-10-03 18:03:50 Saving file
2025-10-03 18:03:51 Update complete.
2025-10-03 19:03:36 Checking for update using Github
2025-10-03 19:03:36 Success.
2025-10-03 19:03:36 Latest version is 1.9.14
2025-10-03 19:03:36 An update is already downloaded.
2025-10-04 12:20:32 Checking for update using Github
2025-10-04 12:20:32 Success.
2025-10-04 12:20:32 Latest version is 1.9.14
2025-10-04 12:20:32 An update is already downloaded.
2025-10-06 20:34:03 Loading updated app package /home/heisenberg/.config/obsidian/obsidian-1.9.14.asar
2025-10-06 20:34:03 Checking for update using Github
2025-10-06 20:34:04 Success.
2025-10-06 20:34:04 Latest version is 1.9.14
2025-10-06 20:34:04 App is up to date.
2025-10-06 21:34:03 Checking for update using Github
2025-10-06 21:34:05 Success.
2025-10-06 21:34:05 Latest version is 1.9.14
2025-10-06 21:34:05 App is up to date.
2025-10-07 06:13:09 Checking for update using Github
2025-10-07 06:13:10 Failed to check for update using Github (net::ERR_CERT_AUTHORITY_INVALID)
2025-10-07 06:13:10 Checking for update using obsidian.md
2025-10-07 06:13:12 Failed to check for update using obsidian.md (net::ERR_CERT_AUTHORITY_INVALID)
2025-10-07 13:28:31 Checking for update using Github
2025-10-07 13:28:32 Success.
2025-10-07 13:28:32 Latest version is 1.9.14
2025-10-07 13:28:32 App is up to date.
2025-10-08 22:51:20 Loading updated app package /home/heisenberg/.config/obsidian/obsidian-1.9.14.asar
2025-10-08 22:51:20 Checking for update using Github
2025-10-08 22:51:21 Success.
2025-10-08 22:51:21 Latest version is 1.9.14
2025-10-08 22:51:21 App is up to date.
2025-10-08 23:51:20 Checking for update using Github
2025-10-08 23:51:20 Success.
2025-10-08 23:51:20 Latest version is 1.9.14
2025-10-08 23:51:20 App is up to date.
2025-10-09 00:51:20 Checking for update using Github
2025-10-09 00:51:20 Success.
2025-10-09 00:51:20 Latest version is 1.9.14
2025-10-09 00:51:20 App is up to date.
2025-10-09 01:51:20 Checking for update using Github
2025-10-09 01:51:21 Success.
2025-10-09 01:51:21 Latest version is 1.9.14
2025-10-09 01:51:21 App is up to date.
2025-10-09 03:49:36 Checking for update using Github
2025-10-09 03:49:36 Success.
2025-10-09 03:49:36 Latest version is 1.9.14
2025-10-09 03:49:36 App is up to date.
2025-10-09 04:49:36 Checking for update using Github
2025-10-09 04:49:36 Success.
2025-10-09 04:49:36 Latest version is 1.9.14
2025-10-09 04:49:36 App is up to date.
2025-10-09 13:46:57 Loading updated app package /home/heisenberg/.config/obsidian/obsidian-1.9.14.asar
2025-10-09 13:46:58 Checking for update using Github
2025-10-09 13:46:58 Success.
2025-10-09 13:46:58 Latest version is 1.9.14
2025-10-09 13:46:58 App is up to date.
2025-10-13 02:34:05 Loading updated app package /home/heisenberg/.config/obsidian/obsidian-1.9.14.asar
2025-10-13 02:34:05 Checking for update using Github
2025-10-13 02:34:06 Success.
2025-10-13 02:34:06 Latest version is 1.9.14
2025-10-13 02:34:06 App is up to date.
2025-10-13 04:59:27 Checking for update using Github
2025-10-13 04:59:28 Success.
2025-10-13 04:59:28 Latest version is 1.9.14
2025-10-13 04:59:28 App is up to date.
2025-10-13 06:42:48 Checking for update using Github
2025-10-13 06:42:49 Success.
2025-10-13 06:42:49 Latest version is 1.9.14
2025-10-13 06:42:49 App is up to date.
2025-10-13 23:46:38 Loading updated app package /home/heisenberg/.config/obsidian/obsidian-1.9.14.asar
2025-10-13 23:46:38 Checking for update using Github
2025-10-13 23:46:38 Success.
2025-10-13 23:46:38 Latest version is 1.9.14
2025-10-13 23:46:38 App is up to date.
2025-10-14 00:46:38 Checking for update using Github
2025-10-14 00:46:38 Success.
2025-10-14 00:46:38 Latest version is 1.9.14
2025-10-14 00:46:38 App is up to date.
2025-10-14 01:47:23 Loading updated app package /home/heisenberg/.config/obsidian/obsidian-1.9.14.asar
2025-10-14 01:47:24 Checking for update using Github
2025-10-14 01:47:24 Success.
2025-10-14 01:47:24 Latest version is 1.9.14
2025-10-14 01:47:24 App is up to date.
2025-10-14 22:51:38 Checking for update using Github
2025-10-14 22:51:38 Success.
2025-10-14 22:51:38 Latest version is 1.9.14
2025-10-14 22:51:38 App is up to date.
2025-10-14 23:51:38 Checking for update using Github
2025-10-14 23:51:39 Success.
2025-10-14 23:51:39 Latest version is 1.9.14
2025-10-14 23:51:39 App is up to date.
2025-10-15 00:51:38 Checking for update using Github
2025-10-15 00:51:39 Success.
2025-10-15 00:51:39 Latest version is 1.9.14
2025-10-15 00:51:39 App is up to date.
2025-10-15 03:59:58 Checking for update using Github
2025-10-15 03:59:59 Success.
2025-10-15 03:59:59 Latest version is 1.9.14
2025-10-15 03:59:59 App is up to date.
2025-10-15 05:00:00 Checking for update using Github
2025-10-15 05:00:00 Success.
2025-10-15 05:00:00 Latest version is 1.9.14
2025-10-15 05:00:00 App is up to date.
2025-10-15 09:35:32 Checking for update using Github
2025-10-15 09:35:33 Success.
2025-10-15 09:35:33 Latest version is 1.9.14
2025-10-15 09:35:33 App is up to date.
2025-10-15 12:44:01 Checking for update using Github
2025-10-15 12:44:01 Success.
2025-10-15 12:44:01 Latest version is 1.9.14
2025-10-15 12:44:01 App is up to date.
2025-10-16 07:56:56 Checking for update using Github
2025-10-16 07:56:56 Success.
2025-10-16 07:56:56 Latest version is 1.9.14
2025-10-16 07:56:56 App is up to date.
2025-10-17 01:18:19 Checking for update using Github
2025-10-17 01:18:19 Success.
2025-10-17 01:18:19 Latest version is 1.9.14
2025-10-17 01:18:19 App is up to date.
2025-10-17 07:34:28 Checking for update using Github
2025-10-17 07:34:28 Success.
2025-10-17 07:34:28 Latest version is 1.9.14
2025-10-17 07:34:28 App is up to date.
2025-10-17 08:34:28 Checking for update using Github
2025-10-17 08:34:29 Success.
2025-10-17 08:34:29 Latest version is 1.9.14
2025-10-17 08:34:29 App is up to date.
2025-10-17 09:34:28 Checking for update using Github
2025-10-17 09:34:29 Success.
2025-10-17 09:34:29 Latest version is 1.9.14
2025-10-17 09:34:29 App is up to date.
2025-10-17 11:14:37 Checking for update using Github
2025-10-17 11:14:38 Success.
2025-10-17 11:14:38 Latest version is 1.9.14
2025-10-17 11:14:38 App is up to date.
2025-10-23 09:35:48 Loading updated app package /home/heisenberg/.config/obsidian/obsidian-1.9.14.asar
2025-10-23 09:35:48 Checking for update using Github
2025-10-23 09:35:59 Success.
2025-10-23 09:35:59 Latest version is 1.9.14
2025-10-23 09:35:59 App is up to date.
2025-10-23 10:35:48 Checking for update using Github
2025-10-23 10:35:48 Success.
2025-10-23 10:35:48 Latest version is 1.9.14
2025-10-23 10:35:48 App is up to date.
2025-10-23 11:35:48 Checking for update using Github
2025-10-23 11:35:48 Success.
2025-10-23 11:35:48 Latest version is 1.9.14
2025-10-23 11:35:48 App is up to date.
2025-10-23 12:35:48 Checking for update using Github
2025-10-23 12:35:48 Success.
2025-10-23 12:35:48 Latest version is 1.9.14
2025-10-23 12:35:48 App is up to date.
2025-10-23 15:01:09 Checking for update using Github
2025-10-23 15:01:12 Success.
2025-10-23 15:01:12 Latest version is 1.9.14
2025-10-23 15:01:12 App is up to date.
2025-10-23 16:01:09 Checking for update using Github
2025-10-23 16:01:11 Success.
2025-10-23 16:01:11 Latest version is 1.9.14
2025-10-23 16:01:11 App is up to date.
2025-11-04 12:02:14 Loading updated app package /home/heisenberg/.config/obsidian/obsidian-1.9.14.asar
2025-11-04 12:02:15 Checking for update using Github
2025-11-04 12:02:16 Success.
2025-11-04 12:02:16 Latest version is 1.9.14
2025-11-04 12:02:16 App is up to date.
2025-11-04 13:02:13 Checking for update using Github
2025-11-04 13:02:13 Success.
2025-11-04 13:02:13 Latest version is 1.9.14
2025-11-04 13:02:13 App is up to date.
2025-11-05 13:58:11 Loading updated app package /home/heisenberg/.config/obsidian/obsidian-1.9.14.asar
2025-11-05 13:58:12 Checking for update using Github
2025-11-05 13:58:12 Success.
2025-11-05 13:58:12 Latest version is 1.9.14
2025-11-05 13:58:12 App is up to date.
2025-11-06 13:34:40 Loading updated app package /home/heisenberg/.config/obsidian/obsidian-1.9.14.asar
2025-11-06 13:34:41 Checking for update using Github
2025-11-06 13:34:42 Success.
2025-11-06 13:34:42 Latest version is 1.9.14
2025-11-06 13:34:42 App is up to date.
2025-11-06 14:34:40 Checking for update using Github
2025-11-06 14:34:40 Success.
2025-11-06 14:34:40 Latest version is 1.9.14
2025-11-06 14:34:40 App is up to date.
2025-11-06 19:46:36 Checking for update using Github
2025-11-06 19:46:36 Success.
2025-11-06 19:46:36 Latest version is 1.9.14
2025-11-06 19:46:36 App is up to date.
2025-11-07 04:00:54 Checking for update using Github
2025-11-07 04:00:54 Failed to check for update using Github (net::ERR_CERT_AUTHORITY_INVALID)
2025-11-07 04:00:55 Checking for update using obsidian.md
2025-11-07 04:00:57 Failed to check for update using obsidian.md (net::ERR_CERT_AUTHORITY_INVALID)
2025-11-07 05:00:54 Checking for update using Github
2025-11-07 05:00:55 Success.
2025-11-07 05:00:55 Latest version is 1.9.14
2025-11-07 05:00:55 App is up to date.
2025-11-07 06:04:10 Checking for update using Github
2025-11-07 06:04:10 Failed to check for update using Github (net::ERR_CERT_AUTHORITY_INVALID)
2025-11-07 06:04:10 Checking for update using obsidian.md
2025-11-07 06:04:12 Failed to check for update using obsidian.md (net::ERR_CERT_AUTHORITY_INVALID)
2025-11-07 08:39:20 Checking for update using Github
2025-11-07 08:39:21 Success.
2025-11-07 08:39:21 Latest version is 1.9.14
2025-11-07 08:39:21 App is up to date.
2025-11-07 11:46:42 Loading updated app package /home/heisenberg/.config/obsidian/obsidian-1.9.14.asar
2025-11-07 11:46:43 Checking for update using Github
2025-11-07 11:46:43 Success.
2025-11-07 11:46:43 Latest version is 1.9.14
2025-11-07 11:46:43 App is up to date.
2025-11-07 14:51:17 Checking for update using Github
2025-11-07 14:51:18 Success.
2025-11-07 14:51:18 Latest version is 1.9.14
2025-11-07 14:51:18 App is up to date.
2025-11-07 15:51:18 Checking for update using Github
2025-11-07 15:51:18 Success.
2025-11-07 15:51:18 Latest version is 1.9.14
2025-11-07 15:51:18 App is up to date.
2025-11-07 17:52:04 Checking for update using Github
2025-11-07 17:52:05 Success.
2025-11-07 17:52:05 Latest version is 1.9.14
2025-11-07 17:52:05 App is up to date.
2025-11-07 18:52:04 Checking for update using Github
2025-11-07 18:52:04 Success.
2025-11-07 18:52:04 Latest version is 1.9.14
2025-11-07 18:52:04 App is up to date.
2025-11-08 03:48:40 Checking for update using Github
2025-11-08 03:48:41 Success.
2025-11-08 03:48:41 Latest version is 1.9.14
2025-11-08 03:48:41 App is up to date.
2025-11-08 04:49:35 Checking for update using Github
2025-11-08 04:49:35 Success.
2025-11-08 04:49:35 Latest version is 1.9.14
2025-11-08 04:49:35 App is up to date.
2025-11-08 09:27:36 Checking for update using Github
2025-11-08 09:27:36 Success.
2025-11-08 09:27:36 Latest version is 1.9.14
2025-11-08 09:27:36 App is up to date.
2025-11-08 10:59:13 Checking for update using Github
2025-11-08 10:59:13 Success.
2025-11-08 10:59:13 Latest version is 1.9.14
2025-11-08 10:59:13 App is up to date.
2025-11-08 11:59:13 Checking for update using Github
2025-11-08 11:59:13 Success.
2025-11-08 11:59:13 Latest version is 1.9.14
2025-11-08 11:59:13 App is up to date.
2025-11-08 12:59:13 Checking for update using Github
2025-11-08 12:59:13 Success.
2025-11-08 12:59:13 Latest version is 1.9.14
2025-11-08 12:59:13 App is up to date.
2025-11-08 13:59:13 Checking for update using Github
2025-11-08 13:59:13 Success.
2025-11-08 13:59:13 Latest version is 1.9.14
2025-11-08 13:59:13 App is up to date.
2025-11-08 17:57:48 Checking for update using Github
2025-11-08 17:57:48 Success.
2025-11-08 17:57:48 Latest version is 1.9.14
2025-11-08 17:57:48 App is up to date.
2025-11-08 19:02:12 Checking for update using Github
2025-11-08 19:02:12 Success.
2025-11-08 19:02:12 Latest version is 1.9.14
2025-11-08 19:02:12 App is up to date.
2025-11-08 20:02:12 Checking for update using Github
2025-11-08 20:02:12 Success.
2025-11-08 20:02:12 Latest version is 1.9.14
2025-11-08 20:02:12 App is up to date.
2025-11-09 10:43:58 Checking for update using Github
2025-11-09 10:43:59 Success.
2025-11-09 10:43:59 Latest version is 1.9.14
2025-11-09 10:43:59 App is up to date.
2025-11-09 13:25:15 Loading updated app package /home/heisenberg/.config/obsidian/obsidian-1.9.14.asar
2025-11-09 13:25:16 Checking for update using Github
2025-11-09 13:25:16 Failed to check for update using Github (net::ERR_CERT_AUTHORITY_INVALID)
2025-11-09 13:25:16 Checking for update using obsidian.md
2025-11-09 13:25:18 Failed to check for update using obsidian.md (net::ERR_CERT_AUTHORITY_INVALID)
2025-11-10 05:26:15 Checking for update using Github
2025-11-10 05:26:16 Success.
2025-11-10 05:26:16 Latest version is 1.9.14
2025-11-10 05:26:16 App is up to date.
2025-11-10 10:03:48 Checking for update using Github
2025-11-10 10:03:48 Success.
2025-11-10 10:03:48 Latest version is 1.9.14
2025-11-10 10:03:48 App is up to date.
2025-11-10 19:07:12 Checking for update using Github
2025-11-10 19:07:12 Success.
2025-11-10 19:07:12 Latest version is 1.9.14
2025-11-10 19:07:12 App is up to date.
2025-11-10 20:07:12 Checking for update using Github
2025-11-10 20:07:12 Success.
2025-11-10 20:07:12 Latest version is 1.9.14
2025-11-10 20:07:12 App is up to date.
2025-11-11 09:22:01 Checking for update using Github
2025-11-11 09:22:02 Success.
2025-11-11 09:22:02 Latest version is 1.9.14
2025-11-11 09:22:02 App is up to date.
2025-11-11 10:22:01 Checking for update using Github
2025-11-11 10:22:02 Success.
2025-11-11 10:22:02 Latest version is 1.9.14
2025-11-11 10:22:02 App is up to date.
2025-11-11 11:22:01 Checking for update using Github
2025-11-11 11:22:02 Success.
2025-11-11 11:22:02 Latest version is 1.9.14
2025-11-11 11:22:02 App is up to date.
2025-11-11 13:06:16 Checking for update using Github
2025-11-11 13:06:17 Success.
2025-11-11 13:06:17 Latest version is 1.9.14
2025-11-11 13:06:17 App is up to date.
2025-11-11 20:22:07 Checking for update using Github
2025-11-11 20:22:07 Success.
2025-11-11 20:22:07 Latest version is 1.10.3
2025-11-11 20:22:07 Downloading update from https://github.com/obsidianmd/obsidian-releases/releases/download/v1.10.3/obsidian-1.10.3.asar.gz
2025-11-11 20:22:08 Verifying hash & signature. Size= 9053948
2025-11-11 20:22:09 Saving file
2025-11-11 20:22:09 Update complete.
2025-11-11 21:22:07 Checking for update using Github
2025-11-11 21:22:07 Success.
2025-11-11 21:22:07 Latest version is 1.10.3
2025-11-11 21:22:07 An update is already downloaded.
2025-11-11 22:22:07 Checking for update using Github
2025-11-11 22:22:07 Success.
2025-11-11 22:22:07 Latest version is 1.10.3
2025-11-11 22:22:07 An update is already downloaded.
2025-11-12 13:25:27 Checking for update using Github
2025-11-12 13:25:27 Success.
2025-11-12 13:25:27 Latest version is 1.10.3
2025-11-12 13:25:27 An update is already downloaded.
2025-11-12 14:25:27 Checking for update using Github
2025-11-12 14:25:27 Success.
2025-11-12 14:25:27 Latest version is 1.10.3
2025-11-12 14:25:27 An update is already downloaded.
2025-11-12 16:54:36 Checking for update using Github
2025-11-12 16:54:36 Success.
2025-11-12 16:54:36 Latest version is 1.10.3
2025-11-12 16:54:36 An update is already downloaded.
2025-11-12 20:50:13 Checking for update using Github
2025-11-12 20:50:14 Success.
2025-11-12 20:50:14 Latest version is 1.10.3
2025-11-12 20:50:14 An update is already downloaded.
2025-11-15 16:07:13 Loading main app package /usr/lib/obsidian/obsidian.asar
2025-11-15 16:07:14 Checking for update using Github
2025-11-15 16:07:14 Success.
2025-11-15 16:07:14 Latest version is 1.10.3
2025-11-15 16:07:14 App is up to date.
2025-11-15 17:07:13 Checking for update using Github
2025-11-15 17:07:13 Success.
2025-11-15 17:07:13 Latest version is 1.10.3
2025-11-15 17:07:13 App is up to date.
2025-11-15 18:07:13 Checking for update using Github
2025-11-15 18:07:13 Success.
2025-11-15 18:07:13 Latest version is 1.10.3
2025-11-15 18:07:13 App is up to date.
2025-11-15 19:07:13 Checking for update using Github
2025-11-15 19:07:13 Success.
2025-11-15 19:07:13 Latest version is 1.10.3
2025-11-15 19:07:13 App is up to date.
2025-11-15 20:07:13 Checking for update using Github
2025-11-15 20:07:13 Success.
2025-11-15 20:07:13 Latest version is 1.10.3
2025-11-15 20:07:13 App is up to date.
2025-11-15 21:07:13 Checking for update using Github
2025-11-15 21:07:13 Success.
2025-11-15 21:07:13 Latest version is 1.10.3
2025-11-15 21:07:13 App is up to date.
2025-11-15 22:07:13 Checking for update using Github
2025-11-15 22:07:13 Success.
2025-11-15 22:07:13 Latest version is 1.10.3
2025-11-15 22:07:13 App is up to date.
2025-11-16 14:49:50 Loading main app package /usr/lib/obsidian/obsidian.asar
2025-11-16 14:49:51 Checking for update using Github
2025-11-16 14:49:51 Success.
2025-11-16 14:49:51 Latest version is 1.10.3
2025-11-16 14:49:51 App is up to date.
2025-11-16 15:49:51 Checking for update using Github
2025-11-16 15:49:51 Success.
2025-11-16 15:49:51 Latest version is 1.10.3
2025-11-16 15:49:51 App is up to date.
2025-11-16 16:49:51 Checking for update using Github
2025-11-16 16:49:51 Success.
2025-11-16 16:49:51 Latest version is 1.10.3
2025-11-16 16:49:51 App is up to date.
2025-11-16 17:49:51 Checking for update using Github
2025-11-16 17:49:51 Success.
2025-11-16 17:49:51 Latest version is 1.10.3
2025-11-16 17:49:51 App is up to date.
2025-11-16 18:49:51 Checking for update using Github
2025-11-16 18:49:51 Success.
2025-11-16 18:49:51 Latest version is 1.10.3
2025-11-16 18:49:51 App is up to date.
2025-11-16 19:49:51 Checking for update using Github
2025-11-16 19:49:51 Success.
2025-11-16 19:49:51 Latest version is 1.10.3
2025-11-16 19:49:51 App is up to date.
2025-11-16 20:49:51 Checking for update using Github
2025-11-16 20:49:51 Success.
2025-11-16 20:49:51 Latest version is 1.10.3
2025-11-16 20:49:51 App is up to date.
2025-11-16 21:49:51 Checking for update using Github
2025-11-16 21:49:51 Success.
2025-11-16 21:49:51 Latest version is 1.10.3
2025-11-16 21:49:51 App is up to date.
2025-11-17 10:12:45 Loading main app package /usr/lib/obsidian/obsidian.asar
2025-11-17 10:12:46 Checking for update using Github
2025-11-17 10:12:46 Success.
2025-11-17 10:12:46 Latest version is 1.10.3
2025-11-17 10:12:46 App is up to date.
2025-11-17 11:12:45 Checking for update using Github
2025-11-17 11:12:46 Success.
2025-11-17 11:12:46 Latest version is 1.10.3
2025-11-17 11:12:46 App is up to date.
2025-11-17 12:12:45 Checking for update using Github
2025-11-17 12:12:46 Success.
2025-11-17 12:12:46 Latest version is 1.10.3
2025-11-17 12:12:46 App is up to date.
2025-11-28 02:56:59 Loading main app package /usr/lib/obsidian/obsidian.asar
2025-11-28 02:57:00 Checking for update using Github
2025-11-28 02:57:00 Success.
2025-11-28 02:57:00 Latest version is 1.10.6
2025-11-28 02:57:00 Downloading update from https://github.com/obsidianmd/obsidian-releases/releases/download/v1.10.6/obsidian-1.10.6.asar.gz
2025-11-28 02:57:02 Verifying hash & signature. Size= 9054843
2025-11-28 02:57:02 Saving file
2025-11-28 02:57:02 Update complete.
2025-11-28 04:51:21 Checking for update using Github
2025-11-28 04:51:22 Success.
2025-11-28 04:51:22 Latest version is 1.10.6
2025-11-28 04:51:22 An update is already downloaded.
2025-11-28 05:51:22 Checking for update using Github
2025-11-28 05:51:23 Success.
2025-11-28 05:51:23 Latest version is 1.10.6
2025-11-28 05:51:23 An update is already downloaded.
2025-11-28 06:51:23 Checking for update using Github
2025-11-28 06:51:23 Success.
2025-11-28 06:51:23 Latest version is 1.10.6
2025-11-28 06:51:23 An update is already downloaded.
2025-11-28 07:51:23 Checking for update using Github
2025-11-28 07:51:23 Success.
2025-11-28 07:51:23 Latest version is 1.10.6
2025-11-28 07:51:23 An update is already downloaded.
2025-11-28 08:51:23 Checking for update using Github
2025-11-28 08:51:23 Success.
2025-11-28 08:51:23 Latest version is 1.10.6
2025-11-28 08:51:23 An update is already downloaded.
2025-11-29 01:00:23 Loading updated app package /home/heisenberg/.config/obsidian/obsidian-1.10.6.asar
2025-11-29 01:00:23 Checking for update using Github
2025-11-29 01:00:23 Success.
2025-11-29 01:00:23 Latest version is 1.10.6
2025-11-29 01:00:23 App is up to date.
2025-11-29 02:00:23 Checking for update using Github
2025-11-29 02:00:23 Success.
2025-11-29 02:00:23 Latest version is 1.10.6
2025-11-29 02:00:23 App is up to date.
2025-11-29 09:38:44 Loading updated app package /home/heisenberg/.config/obsidian/obsidian-1.10.6.asar
2025-11-29 09:38:44 Checking for update using Github
2025-11-29 09:38:44 Success.
2025-11-29 09:38:44 Latest version is 1.10.6
2025-11-29 09:38:44 App is up to date.
2025-11-29 20:19:28 Checking for update using Github
2025-11-29 20:19:29 Success.
2025-11-29 20:19:29 Latest version is 1.10.6
2025-11-29 20:19:29 App is up to date.
2025-11-29 21:19:30 Checking for update using Github
2025-11-29 21:19:30 Success.
2025-11-29 21:19:30 Latest version is 1.10.6
2025-11-29 21:19:30 App is up to date.
2025-11-29 22:19:30 Checking for update using Github
2025-11-29 22:19:30 Success.
2025-11-29 22:19:30 Latest version is 1.10.6
2025-11-29 22:19:30 App is up to date.
2025-11-30 05:20:29 Checking for update using Github
2025-11-30 05:20:30 Success.
2025-11-30 05:20:30 Latest version is 1.10.6
2025-11-30 05:20:30 App is up to date.
2025-11-30 06:20:29 Checking for update using Github
2025-11-30 06:20:30 Success.
2025-11-30 06:20:30 Latest version is 1.10.6
2025-11-30 06:20:30 App is up to date.
2025-11-30 08:38:24 Checking for update using Github
2025-11-30 08:38:25 Success.
2025-11-30 08:38:25 Latest version is 1.10.6
2025-11-30 08:38:25 App is up to date.
2025-11-30 11:12:20 Loading updated app package /home/heisenberg/.config/obsidian/obsidian-1.10.6.asar
2025-11-30 11:12:20 Checking for update using Github
2025-11-30 11:12:20 Success.
2025-11-30 11:12:20 Latest version is 1.10.6
2025-11-30 11:12:20 App is up to date.
2025-11-30 21:48:46 Checking for update using Github
2025-11-30 21:48:46 Success.
2025-11-30 21:48:46 Latest version is 1.10.6
2025-11-30 21:48:46 App is up to date.
2025-12-01 00:44:10 Checking for update using Github
2025-12-01 00:44:10 Success.
2025-12-01 00:44:10 Latest version is 1.10.6
2025-12-01 00:44:10 App is up to date.
2025-12-01 01:44:11 Checking for update using Github
2025-12-01 01:44:11 Success.
2025-12-01 01:44:11 Latest version is 1.10.6
2025-12-01 01:44:11 App is up to date.
2025-12-01 04:56:26 Checking for update using Github
2025-12-01 04:56:26 Success.
2025-12-01 04:56:26 Latest version is 1.10.6
2025-12-01 04:56:26 App is up to date.
2025-12-01 05:56:26 Checking for update using Github
2025-12-01 05:56:26 Success.
2025-12-01 05:56:26 Latest version is 1.10.6
2025-12-01 05:56:26 App is up to date.
2025-12-01 07:26:33 Checking for update using Github
2025-12-01 07:26:33 Success.
2025-12-01 07:26:33 Latest version is 1.10.6
2025-12-01 07:26:33 App is up to date.
2025-12-01 13:04:21 Checking for update using Github
2025-12-01 13:04:21 Success.
2025-12-01 13:04:21 Latest version is 1.10.6
2025-12-01 13:04:21 App is up to date.
2025-12-01 14:04:21 Checking for update using Github
2025-12-01 14:04:21 Success.
2025-12-01 14:04:21 Latest version is 1.10.6
2025-12-01 14:04:21 App is up to date.
2025-12-02 03:27:29 Checking for update using Github
2025-12-02 03:27:29 Success.
2025-12-02 03:27:29 Latest version is 1.10.6
2025-12-02 03:27:29 App is up to date.
2025-12-02 04:27:29 Checking for update using Github
2025-12-02 04:27:30 Success.
2025-12-02 04:27:30 Latest version is 1.10.6
2025-12-02 04:27:30 App is up to date.
2025-12-02 05:27:29 Checking for update using Github
2025-12-02 05:27:29 Success.
2025-12-02 05:27:29 Latest version is 1.10.6
2025-12-02 05:27:29 App is up to date.
2025-12-02 06:46:02 Checking for update using Github
2025-12-02 06:46:02 Success.
2025-12-02 06:46:02 Latest version is 1.10.6
2025-12-02 06:46:02 App is up to date.
2025-12-02 07:46:02 Checking for update using Github
2025-12-02 07:46:02 Success.
2025-12-02 07:46:02 Latest version is 1.10.6
2025-12-02 07:46:02 App is up to date.
2025-12-02 08:46:08 Checking for update using Github
2025-12-02 08:46:08 Success.
2025-12-02 08:46:08 Latest version is 1.10.6
2025-12-02 08:46:08 App is up to date.
2025-12-05 03:25:04 Loading updated app package /home/heisenberg/.config/obsidian/obsidian-1.10.6.asar
2025-12-05 03:25:05 Checking for update using Github
2025-12-05 03:25:05 Success.
2025-12-05 03:25:05 Latest version is 1.10.6
2025-12-05 03:25:05 App is up to date.
2025-12-05 04:36:18 Checking for update using Github
2025-12-05 04:36:18 Success.
2025-12-05 04:36:18 Latest version is 1.10.6
2025-12-05 04:36:18 App is up to date.
2025-12-05 05:38:13 Checking for update using Github
2025-12-05 05:38:13 Success.
2025-12-05 05:38:13 Latest version is 1.10.6
2025-12-05 05:38:13 App is up to date.
2025-12-05 07:04:22 Checking for update using Github
2025-12-05 07:04:22 Success.
2025-12-05 07:04:22 Latest version is 1.10.6
2025-12-05 07:04:22 App is up to date.
2025-12-05 08:04:22 Checking for update using Github
2025-12-05 08:04:22 Success.
2025-12-05 08:04:22 Latest version is 1.10.6
2025-12-05 08:04:22 App is up to date.
2025-12-05 09:08:51 Checking for update using Github
2025-12-05 09:08:51 Success.
2025-12-05 09:08:51 Latest version is 1.10.6
2025-12-05 09:08:51 App is up to date.
2025-12-05 13:26:21 Checking for update using Github
2025-12-05 13:26:21 Success.
2025-12-05 13:26:21 Latest version is 1.10.6
2025-12-05 13:26:21 App is up to date.
2025-12-05 14:26:21 Checking for update using Github
2025-12-05 14:26:21 Success.
2025-12-05 14:26:21 Latest version is 1.10.6
2025-12-05 14:26:21 App is up to date.
2025-12-05 16:06:15 Checking for update using Github
2025-12-05 16:06:15 Success.
2025-12-05 16:06:15 Latest version is 1.10.6
2025-12-05 16:06:15 App is up to date.
2025-12-06 03:09:23 Checking for update using Github
2025-12-06 03:09:23 Success.
2025-12-06 03:09:23 Latest version is 1.10.6
2025-12-06 03:09:23 App is up to date.
2025-12-06 04:09:23 Checking for update using Github
2025-12-06 04:09:23 Success.
2025-12-06 04:09:23 Latest version is 1.10.6
2025-12-06 04:09:23 App is up to date.
2025-12-06 05:51:41 Checking for update using Github
2025-12-06 05:51:41 Success.
2025-12-06 05:51:41 Latest version is 1.10.6
2025-12-06 05:51:41 App is up to date.
2025-12-06 06:51:42 Checking for update using Github
2025-12-06 06:51:42 Success.
2025-12-06 06:51:42 Latest version is 1.10.6
2025-12-06 06:51:42 App is up to date.
2025-12-06 07:51:42 Checking for update using Github
2025-12-06 07:51:42 Success.
2025-12-06 07:51:42 Latest version is 1.10.6
2025-12-06 07:51:42 App is up to date.
2025-12-06 08:51:42 Checking for update using Github
2025-12-06 08:51:42 Success.
2025-12-06 08:51:42 Latest version is 1.10.6
2025-12-06 08:51:42 App is up to date.
2025-12-06 09:51:42 Checking for update using Github
2025-12-06 09:51:42 Success.
2025-12-06 09:51:42 Latest version is 1.10.6
2025-12-06 09:51:42 App is up to date.
2025-12-06 10:51:42 Checking for update using Github
2025-12-06 10:51:42 Success.
2025-12-06 10:51:42 Latest version is 1.10.6
2025-12-06 10:51:42 App is up to date.
2025-12-06 12:19:11 Checking for update using Github
2025-12-06 12:19:12 Success.
2025-12-06 12:19:12 Latest version is 1.10.6
2025-12-06 12:19:12 App is up to date.
2025-12-09 03:36:53 Loading updated app package /home/heisenberg/.config/obsidian/obsidian-1.10.6.asar
2025-12-09 03:36:53 Checking for update using Github
2025-12-09 03:36:53 Failed to check for update using Github (net::ERR_CERT_AUTHORITY_INVALID)
2025-12-09 03:36:53 Checking for update using obsidian.md
2025-12-09 03:36:53 Failed to check for update using obsidian.md (net::ERR_CERT_AUTHORITY_INVALID)
2025-12-09 04:36:52 Checking for update using Github
2025-12-09 04:36:53 Success.
2025-12-09 04:36:53 Latest version is 1.10.6
2025-12-09 04:36:53 App is up to date.
2025-12-09 06:20:59 Checking for update using Github
2025-12-09 06:20:59 Success.
2025-12-09 06:20:59 Latest version is 1.10.6
2025-12-09 06:20:59 App is up to date.
2025-12-09 07:55:07 Checking for update using Github
2025-12-09 07:55:07 Success.
2025-12-09 07:55:07 Latest version is 1.10.6
2025-12-09 07:55:07 App is up to date.
2025-12-09 08:55:07 Checking for update using Github
2025-12-09 08:55:07 Success.
2025-12-09 08:55:07 Latest version is 1.10.6
2025-12-09 08:55:07 App is up to date.
2025-12-09 12:12:40 Checking for update using Github
2025-12-09 12:12:40 Success.
2025-12-09 12:12:40 Latest version is 1.10.6
2025-12-09 12:12:40 App is up to date.
2025-12-09 13:12:40 Checking for update using Github
2025-12-09 13:12:40 Success.
2025-12-09 13:12:40 Latest version is 1.10.6
2025-12-09 13:12:40 App is up to date.
2025-12-09 14:12:40 Checking for update using Github
2025-12-09 14:12:40 Success.
2025-12-09 14:12:40 Latest version is 1.10.6
2025-12-09 14:12:40 App is up to date.
2025-12-10 04:35:20 Checking for update using Github
2025-12-10 04:35:21 Success.
2025-12-10 04:35:21 Latest version is 1.10.6
2025-12-10 04:35:21 App is up to date.
2025-12-10 05:56:54 Checking for update using Github
2025-12-10 05:56:54 Success.
2025-12-10 05:56:54 Latest version is 1.10.6
2025-12-10 05:56:54 App is up to date.
2025-12-10 07:00:58 Checking for update using Github
2025-12-10 07:00:58 Failed to check for update using Github (net::ERR_INTERNET_DISCONNECTED)
2025-12-10 07:00:58 Checking for update using obsidian.md
2025-12-10 07:00:58 Failed to check for update using obsidian.md (net::ERR_INTERNET_DISCONNECTED)
2025-12-11 05:59:39 Loading updated app package /home/heisenberg/.config/obsidian/obsidian-1.10.6.asar
2025-12-11 05:59:39 Checking for update using Github
2025-12-11 05:59:40 Success.
2025-12-11 05:59:40 Latest version is 1.10.6
2025-12-11 05:59:40 App is up to date.
2025-12-11 07:00:02 Checking for update using Github
2025-12-11 07:00:02 Success.
2025-12-11 07:00:02 Latest version is 1.10.6
2025-12-11 07:00:02 App is up to date.
2025-12-11 08:09:07 Checking for update using Github
2025-12-11 08:09:08 Success.
2025-12-11 08:09:08 Latest version is 1.10.6
2025-12-11 08:09:08 App is up to date.
2025-12-11 09:09:07 Checking for update using Github
2025-12-11 09:09:08 Success.
2025-12-11 09:09:08 Latest version is 1.10.6
2025-12-11 09:09:08 App is up to date.
2025-12-11 17:30:21 Checking for update using Github
2025-12-11 17:30:21 Success.
2025-12-11 17:30:21 Latest version is 1.10.6
2025-12-11 17:30:21 App is up to date.
2025-12-12 01:39:42 Loading updated app package /home/heisenberg/.config/obsidian/obsidian-1.10.6.asar
2025-12-12 01:39:42 Checking for update using Github
2025-12-12 01:51:35 Checking for update using Github
2025-12-12 01:51:35 Success.
2025-12-12 01:51:35 Latest version is 1.10.6
2025-12-12 01:51:35 App is up to date.
2025-12-12 04:36:33 Checking for update using Github
2025-12-12 04:36:34 Success.
2025-12-12 04:36:34 Latest version is 1.10.6
2025-12-12 04:36:34 App is up to date.
2025-12-26 12:57:40 Loading updated app package /home/heisenberg/.config/obsidian/obsidian-1.10.6.asar
2025-12-26 12:57:40 Checking for update using Github
2025-12-26 12:57:40 Success.
2025-12-26 12:57:40 Latest version is 1.10.6
2025-12-26 12:57:40 App is up to date.
2025-12-26 13:57:40 Checking for update using Github
2025-12-26 13:57:40 Success.
2025-12-26 13:57:40 Latest version is 1.10.6
2025-12-26 13:57:40 App is up to date.
2025-12-26 15:17:20 Checking for update using Github
2025-12-26 15:17:20 Success.
2025-12-26 15:17:20 Latest version is 1.10.6
2025-12-26 15:17:20 App is up to date.
2025-12-26 16:17:20 Checking for update using Github
2025-12-26 16:17:21 Success.
2025-12-26 16:17:21 Latest version is 1.10.6
2025-12-26 16:17:21 App is up to date.
2025-12-26 17:17:20 Checking for update using Github
2025-12-26 17:17:20 Success.
2025-12-26 17:17:20 Latest version is 1.10.6
2025-12-26 17:17:20 App is up to date.
2025-12-26 18:17:20 Checking for update using Github
2025-12-26 18:17:20 Success.
2025-12-26 18:17:20 Latest version is 1.10.6
2025-12-26 18:17:20 App is up to date.
2025-12-26 19:17:20 Checking for update using Github
2025-12-26 19:17:21 Success.
2025-12-26 19:17:21 Latest version is 1.10.6
2025-12-26 19:17:21 App is up to date.
2025-12-26 20:17:20 Checking for update using Github
2025-12-26 20:17:21 Success.
2025-12-26 20:17:21 Latest version is 1.10.6
2025-12-26 20:17:21 App is up to date.
2025-12-26 21:17:20 Checking for update using Github
2025-12-26 21:17:21 Success.
2025-12-26 21:17:21 Latest version is 1.10.6
2025-12-26 21:17:21 App is up to date.
2025-12-26 22:19:57 Checking for update using Github
2025-12-26 22:19:57 Success.
2025-12-26 22:19:57 Latest version is 1.10.6
2025-12-26 22:19:57 App is up to date.
2025-12-26 23:19:58 Checking for update using Github
2025-12-26 23:19:58 Success.
2025-12-26 23:19:58 Latest version is 1.10.6
2025-12-26 23:19:58 App is up to date.
2026-01-02 14:07:56 Loading updated app package /home/heisenberg/.config/obsidian/obsidian-1.10.6.asar
2026-01-02 14:07:56 Checking for update using Github
2026-01-02 14:07:57 Success.
2026-01-02 14:07:57 Latest version is 1.10.6
2026-01-02 14:07:57 App is up to date.
2026-01-02 15:07:56 Checking for update using Github
2026-01-02 15:07:56 Success.
2026-01-02 15:07:56 Latest version is 1.10.6
2026-01-02 15:07:56 App is up to date.
2026-01-02 17:46:52 Checking for update using Github
2026-01-02 17:46:52 Success.
2026-01-02 17:46:52 Latest version is 1.10.6
2026-01-02 17:46:52 App is up to date.
2026-01-02 18:46:52 Checking for update using Github
2026-01-02 18:46:52 Success.
2026-01-02 18:46:52 Latest version is 1.10.6
2026-01-02 18:46:52 App is up to date.
2026-01-03 07:04:27 Checking for update using Github
2026-01-03 07:04:27 Success.
2026-01-03 07:04:27 Latest version is 1.10.6
2026-01-03 07:04:27 App is up to date.
2026-01-03 08:04:26 Checking for update using Github
2026-01-03 08:04:26 Success.
2026-01-03 08:04:26 Latest version is 1.10.6
2026-01-03 08:04:26 App is up to date.
2026-01-03 09:04:26 Checking for update using Github
2026-01-03 09:04:27 Success.
2026-01-03 09:04:27 Latest version is 1.10.6
2026-01-03 09:04:27 App is up to date.
2026-01-03 10:04:26 Checking for update using Github
2026-01-03 10:04:27 Success.
2026-01-03 10:04:27 Latest version is 1.10.6
2026-01-03 10:04:27 App is up to date.
2026-01-03 13:20:18 Checking for update using Github
2026-01-03 13:20:18 Success.
2026-01-03 13:20:18 Latest version is 1.10.6
2026-01-03 13:20:18 App is up to date.
2026-01-03 14:20:18 Checking for update using Github
2026-01-03 14:20:18 Success.
2026-01-03 14:20:18 Latest version is 1.10.6
2026-01-03 14:20:18 App is up to date.
2026-01-03 15:44:53 Checking for update using Github
2026-01-03 15:44:53 Failed to check for update using Github (net::ERR_INTERNET_DISCONNECTED)
2026-01-03 15:44:53 Checking for update using obsidian.md
2026-01-03 15:44:53 Failed to check for update using obsidian.md (net::ERR_INTERNET_DISCONNECTED)
2026-01-03 16:44:53 Checking for update using Github
2026-01-03 16:44:54 Success.
2026-01-03 16:44:54 Latest version is 1.10.6
2026-01-03 16:44:54 App is up to date.
2026-01-03 17:44:53 Checking for update using Github
2026-01-03 17:44:54 Success.
2026-01-03 17:44:54 Latest version is 1.10.6
2026-01-03 17:44:54 App is up to date.
2026-01-03 18:44:53 Checking for update using Github
2026-01-03 18:44:54 Success.
2026-01-03 18:44:54 Latest version is 1.10.6
2026-01-03 18:44:54 App is up to date.
2026-01-03 19:44:53 Checking for update using Github
2026-01-03 19:44:54 Success.
2026-01-03 19:44:54 Latest version is 1.10.6
2026-01-03 19:44:54 App is up to date.
2026-01-03 20:44:53 Checking for update using Github
2026-01-03 20:44:54 Success.
2026-01-03 20:44:54 Latest version is 1.10.6
2026-01-03 20:44:54 App is up to date.
2026-01-04 06:26:23 Checking for update using Github
2026-01-04 06:26:24 Success.
2026-01-04 06:26:24 Latest version is 1.10.6
2026-01-04 06:26:24 App is up to date.
2026-01-04 08:28:39 Checking for update using Github
2026-01-04 08:28:39 Success.
2026-01-04 08:28:39 Latest version is 1.10.6
2026-01-04 08:28:39 App is up to date.
2026-01-04 14:14:31 Checking for update using Github
2026-01-04 14:14:32 Success.
2026-01-04 14:14:32 Latest version is 1.10.6
2026-01-04 14:14:32 App is up to date.
2026-01-04 15:14:32 Checking for update using Github
2026-01-04 15:14:32 Success.
2026-01-04 15:14:32 Latest version is 1.10.6
2026-01-04 15:14:32 App is up to date.
2026-01-04 17:17:45 Checking for update using Github
2026-01-04 17:17:45 Success.
2026-01-04 17:17:45 Latest version is 1.10.6
2026-01-04 17:17:45 App is up to date.
2026-01-04 18:17:45 Checking for update using Github
2026-01-04 18:17:45 Success.
2026-01-04 18:17:45 Latest version is 1.10.6
2026-01-04 18:17:45 App is up to date.
2026-01-10 18:12:22 Loading main app package /usr/lib/obsidian/obsidian.asar
2026-01-10 18:12:22 Checking for update using Github
2026-01-10 18:12:23 Success.
2026-01-10 18:12:23 Latest version is 1.10.6
2026-01-10 18:12:23 App is up to date.
2026-01-10 19:12:22 Checking for update using Github
2026-01-10 19:12:22 Success.
2026-01-10 19:12:22 Latest version is 1.10.6
2026-01-10 19:12:22 App is up to date.
2026-01-10 20:12:22 Checking for update using Github
2026-01-10 20:12:22 Success.
2026-01-10 20:12:22 Latest version is 1.10.6
2026-01-10 20:12:22 App is up to date.
2026-01-13 22:45:08 Loading main app package /usr/lib/obsidian/obsidian.asar
2026-01-13 22:45:09 Checking for update using Github
2026-01-13 22:45:09 Success.
2026-01-13 22:45:09 Latest version is 1.11.4
2026-01-13 22:45:09 Downloading update from https://github.com/obsidianmd/obsidian-releases/releases/download/v1.11.4/obsidian-1.11.4.asar.gz
2026-01-13 22:45:11 Verifying hash & signature. Size= 8769455
2026-01-13 22:45:11 Saving file
2026-01-13 22:45:11 Update complete.
2026-01-13 23:45:08 Checking for update using Github
2026-01-13 23:45:09 Success.
2026-01-13 23:45:09 Latest version is 1.11.4
2026-01-13 23:45:09 An update is already downloaded.
2026-01-15 21:34:26 Loading updated app package /home/heisenberg/.config/obsidian/obsidian-1.11.4.asar
2026-01-15 21:34:26 Checking for update using Github
2026-01-15 21:34:27 Success.
2026-01-15 21:34:27 Latest version is 1.11.4
2026-01-15 21:34:27 App is up to date.
2026-01-15 22:34:26 Checking for update using Github
2026-01-15 22:34:26 Success.
2026-01-15 22:34:26 Latest version is 1.11.4
2026-01-15 22:34:26 App is up to date.
2026-01-15 23:34:27 Checking for update using Github
2026-01-15 23:34:27 Success.
2026-01-15 23:34:27 Latest version is 1.11.4
2026-01-15 23:34:27 App is up to date.
2026-01-16 12:44:58 Checking for update using Github
2026-01-16 12:44:59 Success.
2026-01-16 12:44:59 Latest version is 1.11.4
2026-01-16 12:44:59 App is up to date.
2026-01-16 13:44:58 Checking for update using Github
2026-01-16 13:44:59 Success.
2026-01-16 13:44:59 Latest version is 1.11.4
2026-01-16 13:44:59 App is up to date.
2026-01-16 14:44:58 Checking for update using Github
2026-01-16 14:44:59 Success.
2026-01-16 14:44:59 Latest version is 1.11.4
2026-01-16 14:44:59 App is up to date.
2026-01-16 21:33:28 Checking for update using Github
2026-01-16 21:33:29 Success.
2026-01-16 21:33:29 Latest version is 1.11.4
2026-01-16 21:33:29 App is up to date.
2026-01-16 22:33:28 Checking for update using Github
2026-01-16 22:33:29 Success.
2026-01-16 22:33:29 Latest version is 1.11.4
2026-01-16 22:33:29 App is up to date.
2026-01-16 23:33:28 Checking for update using Github
2026-01-16 23:33:29 Success.
2026-01-16 23:33:29 Latest version is 1.11.4
2026-01-16 23:33:29 App is up to date.
2026-01-17 00:33:28 Checking for update using Github
2026-01-17 00:33:29 Success.
2026-01-17 00:33:29 Latest version is 1.11.4
2026-01-17 00:33:29 App is up to date.
2026-01-17 01:33:28 Checking for update using Github
2026-01-17 01:33:29 Success.
2026-01-17 01:33:29 Latest version is 1.11.4
2026-01-17 01:33:29 App is up to date.
2026-01-17 11:32:20 Checking for update using Github
2026-01-17 11:32:20 Success.
2026-01-17 11:32:20 Latest version is 1.11.4
2026-01-17 11:32:20 App is up to date.
2026-01-17 15:11:25 Checking for update using Github
2026-01-17 15:11:25 Failed to check for update using Github (net::ERR_INTERNET_DISCONNECTED)
2026-01-17 15:11:25 Checking for update using obsidian.md
2026-01-17 15:11:25 Failed to check for update using obsidian.md (net::ERR_INTERNET_DISCONNECTED)
2026-01-17 16:11:26 Checking for update using Github
2026-01-17 16:11:27 Success.
2026-01-17 16:11:27 Latest version is 1.11.4
2026-01-17 16:11:27 App is up to date.
2026-01-17 17:11:26 Checking for update using Github
2026-01-17 17:11:26 Success.
2026-01-17 17:11:26 Latest version is 1.11.4
2026-01-17 17:11:26 App is up to date.
2026-01-17 18:11:26 Checking for update using Github
2026-01-17 18:11:26 Success.
2026-01-17 18:11:26 Latest version is 1.11.4
2026-01-17 18:11:26 App is up to date.
2026-01-17 19:11:26 Checking for update using Github
2026-01-17 19:11:27 Success.
2026-01-17 19:11:27 Latest version is 1.11.4
2026-01-17 19:11:27 App is up to date.
2026-01-17 20:11:26 Checking for update using Github
2026-01-17 20:11:26 Success.
2026-01-17 20:11:26 Latest version is 1.11.4
2026-01-17 20:11:26 App is up to date.
2026-01-17 21:11:26 Checking for update using Github
2026-01-17 21:11:27 Success.
2026-01-17 21:11:27 Latest version is 1.11.4
2026-01-17 21:11:27 App is up to date.
2026-01-17 22:11:26 Checking for update using Github
2026-01-17 22:11:26 Success.
2026-01-17 22:11:26 Latest version is 1.11.4
2026-01-17 22:11:26 App is up to date.
2026-01-18 14:01:43 Checking for update using Github
2026-01-18 14:01:43 Success.
2026-01-18 14:01:43 Latest version is 1.11.4
2026-01-18 14:01:43 App is up to date.
2026-01-18 15:38:55 Checking for update using Github
2026-01-18 15:38:56 Success.
2026-01-18 15:38:56 Latest version is 1.11.4
2026-01-18 15:38:56 App is up to date.
2026-01-18 16:38:56 Checking for update using Github
2026-01-18 16:38:56 Success.
2026-01-18 16:38:56 Latest version is 1.11.4
2026-01-18 16:38:56 App is up to date.
2026-01-18 17:38:56 Checking for update using Github
2026-01-18 17:38:56 Success.
2026-01-18 17:38:56 Latest version is 1.11.4
2026-01-18 17:38:56 App is up to date.
2026-01-18 18:38:56 Checking for update using Github
2026-01-18 18:38:56 Success.
2026-01-18 18:38:56 Latest version is 1.11.4
2026-01-18 18:38:56 App is up to date.
2026-01-18 20:17:33 Checking for update using Github
2026-01-18 20:17:33 Success.
2026-01-18 20:17:33 Latest version is 1.11.4
2026-01-18 20:17:33 App is up to date.
2026-01-18 21:17:33 Checking for update using Github
2026-01-18 21:17:33 Success.
2026-01-18 21:17:33 Latest version is 1.11.4
2026-01-18 21:17:33 App is up to date.
2026-01-18 22:17:33 Checking for update using Github
2026-01-18 22:17:33 Success.
2026-01-18 22:17:33 Latest version is 1.11.4
2026-01-18 22:17:33 App is up to date.
2026-01-18 23:17:33 Checking for update using Github
2026-01-18 23:17:33 Success.
2026-01-18 23:17:33 Latest version is 1.11.4
2026-01-18 23:17:33 App is up to date.
2026-01-19 00:25:39 Checking for update using Github
2026-01-19 00:25:40 Success.
2026-01-19 00:25:40 Latest version is 1.11.4
2026-01-19 00:25:40 App is up to date.
2026-01-19 07:22:35 Checking for update using Github
2026-01-19 07:22:35 Success.
2026-01-19 07:22:35 Latest version is 1.11.4
2026-01-19 07:22:35 App is up to date.
2026-01-19 16:37:15 Checking for update using Github
2026-01-19 16:37:15 Success.
2026-01-19 16:37:15 Latest version is 1.11.4
2026-01-19 16:37:15 App is up to date.
2026-01-19 21:30:09 Checking for update using Github
2026-01-19 21:30:10 Success.
2026-01-19 21:30:10 Latest version is 1.11.4
2026-01-19 21:30:10 App is up to date.
2026-01-19 22:30:10 Checking for update using Github
2026-01-19 22:30:10 Success.
2026-01-19 22:30:10 Latest version is 1.11.4
2026-01-19 22:30:10 App is up to date.
2026-01-19 23:30:10 Checking for update using Github
2026-01-19 23:30:10 Success.
2026-01-19 23:30:10 Latest version is 1.11.4
2026-01-19 23:30:10 App is up to date.
2026-01-20 00:30:10 Checking for update using Github
2026-01-20 00:30:10 Success.
2026-01-20 00:30:10 Latest version is 1.11.4
2026-01-20 00:30:10 App is up to date.
2026-01-25 08:37:06 Loading updated app package /home/heisenberg/.config/obsidian/obsidian-1.11.4.asar
2026-01-25 08:37:07 Checking for update using Github
2026-01-25 08:37:07 Success.
2026-01-25 08:37:07 Latest version is 1.11.5
2026-01-25 08:37:07 Downloading update from https://github.com/obsidianmd/obsidian-releases/releases/download/v1.11.5/obsidian-1.11.5.asar.gz
2026-01-25 08:37:08 Verifying hash & signature. Size= 8771203
2026-01-25 08:37:09 Saving file
2026-01-25 08:37:09 Update complete.
2026-01-25 11:38:40 Checking for update using Github
2026-01-25 11:38:40 Success.
2026-01-25 11:38:40 Latest version is 1.11.5
2026-01-25 11:38:40 An update is already downloaded.
2026-01-25 12:38:40 Checking for update using Github
2026-01-25 12:38:40 Success.
2026-01-25 12:38:40 Latest version is 1.11.5
2026-01-25 12:38:40 An update is already downloaded.
2026-01-25 20:13:32 Checking for update using Github
2026-01-25 20:13:32 Success.
2026-01-25 20:13:32 Latest version is 1.11.5
2026-01-25 20:13:32 An update is already downloaded.
2026-01-26 02:51:19 Checking for update using Github
2026-01-26 02:51:19 Success.
2026-01-26 02:51:19 Latest version is 1.11.5
2026-01-26 02:51:19 An update is already downloaded.
2026-01-26 06:47:26 Checking for update using Github
2026-01-26 22:41:12 Loading updated app package /home/heisenberg/.config/obsidian/obsidian-1.11.5.asar
2026-01-26 22:41:12 Checking for update using Github
2026-01-26 22:41:12 Success.
2026-01-26 22:41:12 Latest version is 1.11.5
2026-01-26 22:41:12 App is up to date.
2026-01-26 23:41:12 Checking for update using Github
2026-01-26 23:41:12 Success.
2026-01-26 23:41:12 Latest version is 1.11.5
2026-01-26 23:41:12 App is up to date.
2026-01-27 00:41:12 Checking for update using Github
2026-01-27 00:41:12 Success.
2026-01-27 00:41:12 Latest version is 1.11.5
2026-01-27 00:41:12 App is up to date.
2026-01-27 01:41:12 Checking for update using Github
2026-01-27 01:41:12 Success.
2026-01-27 01:41:12 Latest version is 1.11.5
2026-01-27 01:41:12 App is up to date.
2026-01-27 02:41:12 Checking for update using Github
2026-01-27 02:41:12 Success.
2026-01-27 02:41:12 Latest version is 1.11.5
2026-01-27 02:41:12 App is up to date.
2026-01-31 07:34:46 Loading main app package /usr/lib/obsidian/obsidian.asar
2026-01-31 07:34:46 Checking for update using Github
2026-01-31 07:34:47 Success.
2026-01-31 07:34:47 Latest version is 1.11.5
2026-01-31 07:34:47 App is up to date.
2026-02-02 06:13:20 Loading main app package /usr/lib/obsidian/obsidian.asar
2026-02-02 06:13:21 Checking for update using Github
2026-02-02 06:13:21 Success.
2026-02-02 06:13:21 Latest version is 1.11.5
2026-02-02 06:13:21 App is up to date.
2026-02-02 08:09:39 Checking for update using Github
2026-02-02 08:09:39 Success.
2026-02-02 08:09:39 Latest version is 1.11.5
2026-02-02 08:09:39 App is up to date.
2026-02-02 09:55:07 Checking for update using Github
2026-02-02 09:55:07 Success.
2026-02-02 09:55:07 Latest version is 1.11.5
2026-02-02 09:55:07 App is up to date.
2026-02-02 11:24:33 Checking for update using Github
2026-02-02 11:24:33 Success.
2026-02-02 11:24:33 Latest version is 1.11.5
2026-02-02 11:24:33 App is up to date.
2026-02-02 13:28:37 Checking for update using Github
2026-02-02 13:28:37 Success.
2026-02-02 13:28:37 Latest version is 1.11.5
2026-02-02 13:28:37 App is up to date.
2026-02-02 16:46:00 Checking for update using Github
2026-02-02 16:46:00 Success.
2026-02-02 16:46:00 Latest version is 1.11.5
2026-02-02 16:46:00 App is up to date.
2026-02-03 09:38:45 Loading main app package /usr/lib/obsidian/obsidian.asar
2026-02-03 09:38:45 Checking for update using Github
2026-02-03 09:38:45 Success.
2026-02-03 09:38:45 Latest version is 1.11.5
2026-02-03 09:38:45 App is up to date.
2026-02-03 13:38:46 Checking for update using Github
2026-02-03 13:38:46 Success.
2026-02-03 13:38:46 Latest version is 1.11.5
2026-02-03 13:38:46 App is up to date.
2026-02-04 06:20:46 Checking for update using Github
2026-02-04 06:20:47 Success.
2026-02-04 06:20:47 Latest version is 1.11.5
2026-02-04 06:20:47 App is up to date.
2026-02-04 13:39:20 Checking for update using Github
2026-02-04 13:39:20 Success.
2026-02-04 13:39:20 Latest version is 1.11.5
2026-02-04 13:39:20 App is up to date.
2026-02-04 16:07:13 Checking for update using Github
2026-02-04 16:07:13 Success.
2026-02-04 16:07:13 Latest version is 1.11.5
2026-02-04 16:07:13 App is up to date.
2026-02-07 07:47:33 Loading main app package /usr/lib/obsidian/obsidian.asar
2026-02-07 07:47:33 Checking for update using Github
2026-02-07 07:47:37 Success.
2026-02-07 07:47:37 Latest version is 1.11.7
2026-02-07 07:47:37 Downloading update from https://github.com/obsidianmd/obsidian-releases/releases/download/v1.11.7/obsidian-1.11.7.asar.gz
2026-02-07 07:47:38 Verifying hash & signature. Size= 8773752
2026-02-07 07:47:38 Saving file
2026-02-07 07:47:38 Update complete.
2026-02-07 08:47:33 Checking for update using Github
2026-02-07 08:47:33 Success.
2026-02-07 08:47:33 Latest version is 1.11.7
2026-02-07 08:47:33 An update is already downloaded.
2026-02-07 09:47:33 Checking for update using Github
2026-02-07 09:47:33 Success.
2026-02-07 09:47:33 Latest version is 1.11.7
2026-02-07 09:47:33 An update is already downloaded.
2026-02-07 10:47:33 Checking for update using Github
2026-02-07 10:47:33 Success.
2026-02-07 10:47:33 Latest version is 1.11.7
2026-02-07 10:47:33 An update is already downloaded.
2026-02-07 11:47:33 Checking for update using Github
2026-02-07 11:47:33 Success.
2026-02-07 11:47:33 Latest version is 1.11.7
2026-02-07 11:47:33 An update is already downloaded.
2026-02-07 12:47:33 Checking for update using Github
2026-02-07 12:47:33 Success.
2026-02-07 12:47:33 Latest version is 1.11.7
2026-02-07 12:47:33 An update is already downloaded.
2026-02-07 13:47:33 Checking for update using Github
2026-02-07 13:47:33 Success.
2026-02-07 13:47:33 Latest version is 1.11.7
2026-02-07 13:47:33 An update is already downloaded.
2026-02-07 16:36:13 Checking for update using Github
2026-02-07 16:36:13 Failed to check for update using Github (net::ERR_CERT_AUTHORITY_INVALID)
2026-02-07 16:36:13 Checking for update using obsidian.md
2026-02-07 16:36:14 Failed to check for update using obsidian.md (net::ERR_CERT_AUTHORITY_INVALID)
2026-02-08 07:04:39 Checking for update using Github
2026-02-08 07:04:39 Success.
2026-02-08 07:04:39 Latest version is 1.11.7
2026-02-08 07:04:39 An update is already downloaded.
2026-02-08 14:06:43 Checking for update using Github
2026-02-08 14:06:43 Success.
2026-02-08 14:06:43 Latest version is 1.11.7
2026-02-08 14:06:43 An update is already downloaded.
2026-02-08 17:34:32 Checking for update using Github
2026-02-08 17:34:32 Success.
2026-02-08 17:34:32 Latest version is 1.11.7
2026-02-08 17:34:32 An update is already downloaded.
2026-02-08 18:34:32 Checking for update using Github
2026-02-08 18:34:33 Success.
2026-02-08 18:34:33 Latest version is 1.11.7
2026-02-08 18:34:33 An update is already downloaded.
2026-02-08 19:34:32 Checking for update using Github
2026-02-08 19:34:33 Success.
2026-02-08 19:34:33 Latest version is 1.11.7
2026-02-08 19:34:33 An update is already downloaded.
2026-02-08 20:34:32 Checking for update using Github
2026-02-08 20:34:32 Success.
2026-02-08 20:34:32 Latest version is 1.11.7
2026-02-08 20:34:32 An update is already downloaded.
2026-02-08 21:34:32 Checking for update using Github
2026-02-08 21:34:32 Success.
2026-02-08 21:34:32 Latest version is 1.11.7
2026-02-08 21:34:32 An update is already downloaded.
2026-02-09 09:41:51 Loading updated app package /home/heisenberg/.config/obsidian/obsidian-1.11.7.asar
2026-02-09 09:41:51 Checking for update using Github
2026-02-09 09:41:52 Failed to check for update using Github (net::ERR_CERT_AUTHORITY_INVALID)
2026-02-09 09:41:52 Checking for update using obsidian.md
2026-02-09 09:41:52 Failed to check for update using obsidian.md (net::ERR_CERT_AUTHORITY_INVALID)
2026-02-09 12:49:09 Loading updated app package /home/heisenberg/.config/obsidian/obsidian-1.11.7.asar
2026-02-09 12:49:09 Checking for update using Github
2026-02-09 12:49:13 Success.
2026-02-09 12:49:13 Latest version is 1.11.7
2026-02-09 12:49:13 App is up to date.
2026-02-09 13:49:09 Checking for update using Github
2026-02-09 13:49:09 Success.
2026-02-09 13:49:09 Latest version is 1.11.7
2026-02-09 13:49:09 App is up to date.
2026-02-09 16:31:54 Checking for update using Github
2026-02-09 16:31:55 Success.
2026-02-09 16:31:55 Latest version is 1.11.7
2026-02-09 16:31:55 App is up to date.
2026-02-09 17:31:54 Checking for update using Github
2026-02-09 17:31:55 Success.
2026-02-09 17:31:55 Latest version is 1.11.7
2026-02-09 17:31:55 App is up to date.
2026-02-09 18:31:54 Checking for update using Github
2026-02-09 18:31:55 Success.
2026-02-09 18:31:55 Latest version is 1.11.7
2026-02-09 18:31:55 App is up to date.
2026-02-09 19:31:54 Checking for update using Github
2026-02-09 19:31:55 Success.
2026-02-09 19:31:55 Latest version is 1.11.7
2026-02-09 19:31:55 App is up to date.
2026-02-10 18:05:07 Loading updated app package /home/heisenberg/.config/obsidian/obsidian-1.11.7.asar
2026-02-10 18:05:07 Checking for update using Github
2026-02-10 18:05:08 Success.
2026-02-10 18:05:08 Latest version is 1.11.7
2026-02-10 18:05:08 App is up to date.
2026-02-10 19:05:07 Checking for update using Github
2026-02-10 19:05:07 Success.
2026-02-10 19:05:07 Latest version is 1.11.7
2026-02-10 19:05:07 App is up to date.
2026-02-12 16:02:44 Loading updated app package /home/heisenberg/.config/obsidian/obsidian-1.11.7.asar
2026-02-12 16:02:44 Checking for update using Github
2026-02-12 16:02:45 Success.
2026-02-12 16:02:45 Latest version is 1.11.7
2026-02-12 16:02:45 App is up to date.
2026-02-12 17:02:44 Checking for update using Github
2026-02-12 17:02:44 Success.
2026-02-12 17:02:44 Latest version is 1.11.7
2026-02-12 17:02:44 App is up to date.
2026-02-12 18:02:44 Checking for update using Github
2026-02-12 18:02:44 Success.
2026-02-12 18:02:44 Latest version is 1.11.7
2026-02-12 18:02:44 App is up to date.
2026-02-13 11:36:10 Loading updated app package /home/heisenberg/.config/obsidian/obsidian-1.11.7.asar
2026-02-13 11:36:10 Checking for update using Github
2026-02-13 11:36:11 Success.
2026-02-13 11:36:11 Latest version is 1.11.7
2026-02-13 11:36:11 App is up to date.
2026-02-13 12:36:10 Checking for update using Github
2026-02-13 12:36:10 Success.
2026-02-13 12:36:10 Latest version is 1.11.7
2026-02-13 12:36:10 App is up to date.
2026-02-14 12:02:36 Loading updated app package /home/heisenberg/.config/obsidian/obsidian-1.11.7.asar
2026-02-14 12:02:36 Checking for update using Github
2026-02-14 12:02:37 Success.
2026-02-14 12:02:37 Latest version is 1.11.7
2026-02-14 12:02:37 App is up to date.
2026-02-14 12:41:45 Loading updated app package /home/heisenberg/.config/obsidian/obsidian-1.11.7.asar
2026-02-14 12:41:45 Checking for update using Github
2026-02-14 12:41:46 Success.
2026-02-14 12:41:46 Latest version is 1.11.7
2026-02-14 12:41:46 App is up to date.
2026-02-14 13:41:45 Checking for update using Github
2026-02-14 13:42:12 Success.
2026-02-14 13:42:12 Latest version is 1.11.7
2026-02-14 13:42:12 App is up to date.
2026-02-14 17:11:24 Checking for update using Github
2026-02-14 17:11:25 Success.
2026-02-14 17:11:25 Latest version is 1.11.7
2026-02-14 17:11:25 App is up to date.
2026-02-15 17:50:10 Loading updated app package /home/heisenberg/.config/obsidian/obsidian-1.11.7.asar
2026-02-15 17:50:11 Checking for update using Github
2026-02-15 17:50:11 Success.
2026-02-15 17:50:11 Latest version is 1.11.7
2026-02-15 17:50:11 App is up to date.
2026-02-16 07:05:05 Checking for update using Github
2026-02-16 07:05:05 Success.
2026-02-16 07:05:05 Latest version is 1.11.7
2026-02-16 07:05:05 App is up to date.
2026-02-19 10:36:12 Loading updated app package /home/heisenberg/.config/obsidian/obsidian-1.11.7.asar
2026-02-19 10:36:12 Checking for update using Github
2026-02-19 10:36:13 Success.
2026-02-19 10:36:13 Latest version is 1.11.7
2026-02-19 10:36:13 App is up to date.
2026-02-19 10:36:13 Loading updated app package /home/heisenberg/.config/obsidian/obsidian-1.11.7.asar
2026-02-19 10:36:13 Checking for update using Github
2026-02-19 11:46:46 Checking for update using Github
2026-02-19 11:46:47 Success.
2026-02-19 11:46:47 Latest version is 1.11.7
2026-02-19 11:46:47 App is up to date.
2026-02-19 12:46:46 Checking for update using Github
2026-02-19 12:46:47 Success.
2026-02-19 12:46:47 Latest version is 1.11.7
2026-02-19 12:46:47 App is up to date.
2026-02-19 14:37:10 Checking for update using Github
2026-02-19 14:37:10 Success.
2026-02-19 14:37:10 Latest version is 1.11.7
2026-02-19 14:37:10 App is up to date.
2026-02-19 15:37:10 Checking for update using Github
2026-02-19 15:37:10 Success.
2026-02-19 15:37:10 Latest version is 1.11.7
2026-02-19 15:37:10 App is up to date.
2026-02-19 16:37:10 Checking for update using Github
2026-02-19 16:37:10 Success.
2026-02-19 16:37:10 Latest version is 1.11.7
2026-02-19 16:37:10 App is up to date.
2026-02-19 17:37:10 Checking for update using Github
2026-02-19 17:37:11 Success.
2026-02-19 17:37:11 Latest version is 1.11.7
2026-02-19 17:37:11 App is up to date.
2026-02-19 18:37:10 Checking for update using Github
2026-02-19 18:37:10 Success.
2026-02-19 18:37:10 Latest version is 1.11.7
2026-02-19 18:37:10 App is up to date.
2026-02-19 19:37:10 Checking for update using Github
2026-02-19 19:37:10 Success.
2026-02-19 19:37:10 Latest version is 1.11.7
2026-02-19 19:37:10 App is up to date.
2026-02-19 20:37:10 Checking for update using Github
2026-02-19 20:37:10 Success.
2026-02-19 20:37:10 Latest version is 1.11.7
2026-02-19 20:37:10 App is up to date.
2026-02-20 09:26:29 Checking for update using Github
2026-02-20 09:26:29 Success.
2026-02-20 09:26:29 Latest version is 1.11.7
2026-02-20 09:26:29 App is up to date.
2026-02-20 10:26:29 Checking for update using Github
2026-02-20 10:26:29 Success.
2026-02-20 10:26:29 Latest version is 1.11.7
2026-02-20 10:26:29 App is up to date.
2026-02-20 12:03:26 Checking for update using Github
2026-02-20 12:03:27 Success.
2026-02-20 12:03:27 Latest version is 1.11.7
2026-02-20 12:03:27 App is up to date.
2026-02-20 15:36:56 Checking for update using Github
2026-02-20 15:36:56 Success.
2026-02-20 15:36:56 Latest version is 1.11.7
2026-02-20 15:36:56 App is up to date.
2026-02-20 20:59:22 Checking for update using Github
2026-02-20 20:59:22 Success.
2026-02-20 20:59:22 Latest version is 1.11.7
2026-02-20 20:59:22 App is up to date.
2026-02-20 21:59:22 Checking for update using Github
2026-02-20 21:59:22 Success.
2026-02-20 21:59:22 Latest version is 1.11.7
2026-02-20 21:59:22 App is up to date.
2026-02-20 22:59:22 Checking for update using Github
2026-02-20 22:59:22 Success.
2026-02-20 22:59:22 Latest version is 1.11.7
2026-02-20 22:59:22 App is up to date.
2026-02-21 00:24:13 Checking for update using Github
2026-02-21 00:24:13 Success.
2026-02-21 00:24:13 Latest version is 1.11.7
2026-02-21 00:24:13 App is up to date.
2026-02-21 11:39:52 Checking for update using Github
2026-02-21 11:39:52 Success.
2026-02-21 11:39:52 Latest version is 1.11.7
2026-02-21 11:39:52 App is up to date.
2026-02-21 12:39:52 Checking for update using Github
2026-02-21 12:39:52 Success.
2026-02-21 12:39:52 Latest version is 1.11.7
2026-02-21 12:39:52 App is up to date.
2026-02-21 13:39:52 Checking for update using Github
2026-02-21 13:39:52 Success.
2026-02-21 13:39:52 Latest version is 1.11.7
2026-02-21 13:39:52 App is up to date.
2026-02-21 18:43:26 Checking for update using Github
2026-02-21 18:43:27 Success.
2026-02-21 18:43:27 Latest version is 1.11.7
2026-02-21 18:43:27 App is up to date.
2026-02-22 05:38:39 Checking for update using Github
2026-02-22 05:38:39 Success.
2026-02-22 05:38:39 Latest version is 1.11.7
2026-02-22 05:38:39 App is up to date.
2026-02-22 11:37:04 Checking for update using Github
2026-02-22 11:37:04 Success.
2026-02-22 11:37:04 Latest version is 1.11.7
2026-02-22 11:37:04 App is up to date.
2026-02-22 12:37:04 Checking for update using Github
2026-02-22 12:37:04 Success.
2026-02-22 12:37:04 Latest version is 1.11.7
2026-02-22 12:37:04 App is up to date.
2026-02-22 16:43:30 Checking for update using Github
2026-02-22 16:43:31 Success.
2026-02-22 16:43:31 Latest version is 1.11.7
2026-02-22 16:43:31 App is up to date.
2026-02-22 19:16:34 Checking for update using Github
2026-02-22 19:16:34 Success.
2026-02-22 19:16:34 Latest version is 1.11.7
2026-02-22 19:16:34 App is up to date.
2026-02-22 20:16:34 Checking for update using Github
2026-02-22 20:16:34 Success.
2026-02-22 20:16:34 Latest version is 1.11.7
2026-02-22 20:16:34 App is up to date.
2026-02-22 21:16:34 Checking for update using Github
2026-02-22 21:16:34 Success.
2026-02-22 21:16:34 Latest version is 1.11.7
2026-02-22 21:16:34 App is up to date.
2026-02-22 22:16:34 Checking for update using Github
2026-02-22 22:16:34 Success.
2026-02-22 22:16:34 Latest version is 1.11.7
2026-02-22 22:16:34 App is up to date.
2026-02-23 13:10:43 Checking for update using Github
2026-02-23 13:10:43 Success.
2026-02-23 13:10:43 Latest version is 1.11.7
2026-02-23 13:10:43 App is up to date.
2026-02-23 20:54:10 Checking for update using Github
2026-02-23 20:54:11 Success.
2026-02-23 20:54:11 Latest version is 1.11.7
2026-02-23 20:54:11 App is up to date.
2026-02-23 21:54:10 Checking for update using Github
2026-02-23 21:54:11 Success.
2026-02-23 21:54:11 Latest version is 1.11.7
2026-02-23 21:54:11 App is up to date.
2026-02-24 12:42:16 Checking for update using Github
2026-02-24 12:42:17 Success.
2026-02-24 12:42:17 Latest version is 1.11.7
2026-02-24 12:42:17 App is up to date.
2026-02-25 16:36:00 Loading updated app package /home/heisenberg/.config/obsidian/obsidian-1.11.7.asar
2026-02-25 16:36:00 Checking for update using Github
2026-02-25 16:36:00 Success.
2026-02-25 16:36:00 Latest version is 1.11.7
2026-02-25 16:36:00 App is up to date.
2026-02-25 17:36:00 Checking for update using Github
2026-02-25 17:36:00 Success.
2026-02-25 17:36:00 Latest version is 1.11.7
2026-02-25 17:36:00 App is up to date.
2026-02-25 18:36:00 Checking for update using Github
2026-02-25 18:36:00 Success.
2026-02-25 18:36:00 Latest version is 1.11.7
2026-02-25 18:36:00 App is up to date.
2026-02-25 19:36:00 Checking for update using Github
2026-02-25 19:36:00 Success.
2026-02-25 19:36:00 Latest version is 1.11.7
2026-02-25 19:36:00 App is up to date.
2026-02-25 20:36:00 Checking for update using Github
2026-02-25 20:36:00 Success.
2026-02-25 20:36:00 Latest version is 1.11.7
2026-02-25 20:36:00 App is up to date.
2026-02-25 21:36:00 Checking for update using Github
2026-02-25 21:36:00 Success.
2026-02-25 21:36:00 Latest version is 1.11.7
2026-02-25 21:36:00 App is up to date.
2026-02-25 23:05:18 Checking for update using Github
2026-02-25 23:05:18 Success.
2026-02-25 23:05:18 Latest version is 1.11.7
2026-02-25 23:05:18 App is up to date.
2026-02-26 12:29:29 Checking for update using Github
2026-02-26 12:29:30 Success.
2026-02-26 12:29:30 Latest version is 1.11.7
2026-02-26 12:29:30 App is up to date.
2026-02-26 13:29:29 Checking for update using Github
2026-02-26 13:29:29 Success.
2026-02-26 13:29:29 Latest version is 1.11.7
2026-02-26 13:29:29 App is up to date.
2026-02-26 17:04:28 Checking for update using Github
2026-02-26 17:04:28 Success.
2026-02-26 17:04:28 Latest version is 1.11.7
2026-02-26 17:04:28 App is up to date.
2026-02-26 18:04:28 Checking for update using Github
2026-02-26 18:04:28 Success.
2026-02-26 18:04:28 Latest version is 1.11.7
2026-02-26 18:04:28 App is up to date.
2026-02-26 19:04:28 Checking for update using Github
2026-02-26 19:04:28 Success.
2026-02-26 19:04:28 Latest version is 1.11.7
2026-02-26 19:04:28 App is up to date.
2026-02-26 20:04:28 Checking for update using Github
2026-02-26 20:04:28 Success.
2026-02-26 20:04:28 Latest version is 1.11.7
2026-02-26 20:04:28 App is up to date.
2026-02-26 21:04:28 Checking for update using Github
2026-02-26 21:04:29 Success.
2026-02-26 21:04:29 Latest version is 1.11.7
2026-02-26 21:04:29 App is up to date.
2026-02-26 22:04:28 Checking for update using Github
2026-02-26 22:04:29 Success.
2026-02-26 22:04:29 Latest version is 1.11.7
2026-02-26 22:04:29 App is up to date.
2026-02-27 09:21:05 Loading updated app package /home/heisenberg/.config/obsidian/obsidian-1.11.7.asar
2026-02-27 09:21:06 Checking for update using Github
2026-02-27 09:21:06 Success.
2026-02-27 09:21:06 Latest version is 1.11.7
2026-02-27 09:21:06 App is up to date.
2026-02-28 22:13:07 Loading updated app package /home/heisenberg/.config/obsidian/obsidian-1.11.7.asar
2026-02-28 22:13:07 Checking for update using Github
2026-02-28 22:13:07 Success.
2026-02-28 22:13:07 Latest version is 1.12.4
2026-02-28 22:13:07 Downloading update from https://github.com/obsidianmd/obsidian-releases/releases/download/v1.12.4/obsidian-1.12.4.asar.gz
2026-02-28 22:13:10 Verifying hash & signature. Size= 8322418
2026-02-28 22:13:10 Saving file
2026-02-28 22:13:10 Update complete.
2026-02-28 23:13:07 Checking for update using Github
2026-02-28 23:13:07 Failed to check for update using Github (net::ERR_INTERNET_DISCONNECTED)
2026-02-28 23:13:07 Checking for update using obsidian.md
2026-02-28 23:13:07 Failed to check for update using obsidian.md (net::ERR_INTERNET_DISCONNECTED)
2026-03-01 16:59:03 Checking for update using Github
2026-03-01 16:59:04 Success.
2026-03-01 16:59:04 Latest version is 1.12.4
2026-03-01 16:59:04 An update is already downloaded.
2026-03-01 17:59:03 Checking for update using Github
2026-03-01 17:59:03 Success.
2026-03-01 17:59:03 Latest version is 1.12.4
2026-03-01 17:59:03 An update is already downloaded.
2026-03-01 18:59:03 Checking for update using Github
2026-03-01 18:59:04 Success.
2026-03-01 18:59:04 Latest version is 1.12.4
2026-03-01 18:59:04 An update is already downloaded.
2026-03-01 19:59:03 Checking for update using Github
2026-03-01 19:59:03 Success.
2026-03-01 19:59:03 Latest version is 1.12.4
2026-03-01 19:59:03 An update is already downloaded.
2026-03-01 20:59:03 Checking for update using Github
2026-03-01 20:59:03 Success.
2026-03-01 20:59:03 Latest version is 1.12.4
2026-03-01 20:59:03 An update is already downloaded.
2026-03-02 14:07:04 Checking for update using Github
2026-03-02 14:07:04 Success.
2026-03-02 14:07:04 Latest version is 1.12.4
2026-03-02 14:07:04 An update is already downloaded.
2026-03-02 16:54:20 Checking for update using Github
2026-03-02 16:54:20 Success.
2026-03-02 16:54:20 Latest version is 1.12.4
2026-03-02 16:54:20 An update is already downloaded.
2026-03-02 17:54:20 Checking for update using Github
2026-03-02 17:54:20 Success.
2026-03-02 17:54:20 Latest version is 1.12.4
2026-03-02 17:54:20 An update is already downloaded.
2026-03-02 18:54:20 Checking for update using Github
2026-03-02 18:54:21 Success.
2026-03-02 18:54:21 Latest version is 1.12.4
2026-03-02 18:54:21 An update is already downloaded.
2026-03-02 19:54:20 Checking for update using Github
2026-03-02 19:54:20 Success.
2026-03-02 19:54:20 Latest version is 1.12.4
2026-03-02 19:54:20 An update is already downloaded.
2026-03-02 20:54:20 Checking for update using Github
2026-03-02 20:54:20 Success.
2026-03-02 20:54:20 Latest version is 1.12.4
2026-03-02 20:54:20 An update is already downloaded.
2026-03-02 21:54:20 Checking for update using Github
2026-03-02 21:54:20 Success.
2026-03-02 21:54:20 Latest version is 1.12.4
2026-03-02 21:54:20 An update is already downloaded.
2026-03-02 22:54:20 Checking for update using Github
2026-03-02 22:54:20 Failed to check for update using Github (net::ERR_INTERNET_DISCONNECTED)
2026-03-02 22:54:20 Checking for update using obsidian.md
2026-03-02 22:54:20 Failed to check for update using obsidian.md (net::ERR_INTERNET_DISCONNECTED)
2026-03-03 10:51:24 Checking for update using Github
2026-03-03 10:51:30 Success.
2026-03-03 10:51:30 Latest version is 1.12.4
2026-03-03 10:51:30 An update is already downloaded.
2026-03-03 11:51:24 Checking for update using Github
2026-03-03 11:51:25 Success.
2026-03-03 11:51:25 Latest version is 1.12.4
2026-03-03 11:51:25 An update is already downloaded.
2026-03-03 16:27:37 Checking for update using Github
2026-03-03 16:27:38 Success.
2026-03-03 16:27:38 Latest version is 1.12.4
2026-03-03 16:27:38 An update is already downloaded.
2026-03-03 20:47:37 Checking for update using Github
2026-03-03 20:47:37 Success.
2026-03-03 20:47:37 Latest version is 1.12.4
2026-03-03 20:47:37 An update is already downloaded.
2026-03-03 21:47:37 Checking for update using Github
2026-03-03 21:47:38 Success.
2026-03-03 21:47:38 Latest version is 1.12.4
2026-03-03 21:47:38 An update is already downloaded.
2026-03-03 22:47:37 Checking for update using Github
2026-03-03 22:47:38 Success.
2026-03-03 22:47:38 Latest version is 1.12.4
2026-03-03 22:47:38 An update is already downloaded.
2026-03-03 23:47:37 Checking for update using Github
2026-03-03 23:47:38 Success.
2026-03-03 23:47:38 Latest version is 1.12.4
2026-03-03 23:47:38 An update is already downloaded.
2026-03-04 19:49:55 Checking for update using Github
2026-03-04 19:49:55 Success.
2026-03-04 19:49:55 Latest version is 1.12.4
2026-03-04 19:49:55 An update is already downloaded.
2026-03-04 20:49:55 Checking for update using Github
2026-03-04 20:49:55 Success.
2026-03-04 20:49:55 Latest version is 1.12.4
2026-03-04 20:49:55 An update is already downloaded.
2026-03-04 21:49:55 Checking for update using Github
2026-03-04 21:49:55 Success.
2026-03-04 21:49:55 Latest version is 1.12.4
2026-03-04 21:49:55 An update is already downloaded.
2026-03-04 22:49:55 Checking for update using Github
2026-03-04 22:49:55 Success.
2026-03-04 22:49:55 Latest version is 1.12.4
2026-03-04 22:49:55 An update is already downloaded.
2026-03-04 23:49:55 Checking for update using Github
2026-03-04 23:49:55 Success.
2026-03-04 23:49:55 Latest version is 1.12.4
2026-03-04 23:49:55 An update is already downloaded.
2026-03-05 01:47:10 Checking for update using Github
2026-03-05 01:47:11 Success.
2026-03-05 01:47:11 Latest version is 1.12.4
2026-03-05 01:47:11 An update is already downloaded.
2026-03-05 02:47:10 Checking for update using Github
2026-03-05 02:47:10 Success.
2026-03-05 02:47:10 Latest version is 1.12.4
2026-03-05 02:47:10 An update is already downloaded.
2026-03-05 03:47:10 Checking for update using Github
2026-03-05 03:47:10 Success.
2026-03-05 03:47:10 Latest version is 1.12.4
2026-03-05 03:47:10 An update is already downloaded.
2026-03-07 17:01:37 Loading updated app package /home/heisenberg/.config/obsidian/obsidian-1.12.4.asar
2026-03-07 17:01:37 Checking for update using Github
2026-03-07 17:01:37 Success.
2026-03-07 17:01:37 Latest version is 1.12.4
2026-03-07 17:01:37 App is up to date.
2026-03-07 18:01:37 Checking for update using Github
2026-03-07 18:01:37 Success.
2026-03-07 18:01:37 Latest version is 1.12.4
2026-03-07 18:01:37 App is up to date.
2026-03-07 19:01:37 Checking for update using Github
2026-03-07 19:01:37 Success.
2026-03-07 19:01:37 Latest version is 1.12.4
2026-03-07 19:01:37 App is up to date.
2026-03-07 20:01:37 Checking for update using Github
2026-03-07 20:01:37 Success.
2026-03-07 20:01:37 Latest version is 1.12.4
2026-03-07 20:01:37 App is up to date.
2026-03-07 21:01:37 Checking for update using Github
2026-03-07 21:01:37 Success.
2026-03-07 21:01:37 Latest version is 1.12.4
2026-03-07 21:01:37 App is up to date.
2026-03-07 22:01:37 Checking for update using Github
2026-03-07 22:01:37 Success.
2026-03-07 22:01:37 Latest version is 1.12.4
2026-03-07 22:01:37 App is up to date.
2026-03-07 23:01:37 Checking for update using Github
2026-03-07 23:01:37 Success.
2026-03-07 23:01:37 Latest version is 1.12.4
2026-03-07 23:01:37 App is up to date.
2026-03-08 00:01:37 Checking for update using Github
2026-03-08 00:01:37 Success.
2026-03-08 00:01:37 Latest version is 1.12.4
2026-03-08 00:01:37 App is up to date.
2026-03-08 14:58:18 Checking for update using Github
2026-03-08 14:58:18 Success.
2026-03-08 14:58:18 Latest version is 1.12.4
2026-03-08 14:58:18 App is up to date.
2026-03-08 16:26:05 Checking for update using Github
2026-03-08 16:26:05 Success.
2026-03-08 16:26:05 Latest version is 1.12.4
2026-03-08 16:26:05 App is up to date.
2026-03-08 17:26:05 Checking for update using Github
2026-03-08 17:26:05 Success.
2026-03-08 17:26:05 Latest version is 1.12.4
2026-03-08 17:26:05 App is up to date.
2026-03-08 20:48:47 Checking for update using Github
2026-03-08 20:48:47 Success.
2026-03-08 20:48:47 Latest version is 1.12.4
2026-03-08 20:48:47 App is up to date.
2026-03-08 21:48:47 Checking for update using Github
2026-03-08 21:48:47 Success.
2026-03-08 21:48:47 Latest version is 1.12.4
2026-03-08 21:48:47 App is up to date.
2026-03-08 22:48:47 Checking for update using Github
2026-03-08 22:48:47 Success.
2026-03-08 22:48:47 Latest version is 1.12.4
2026-03-08 22:48:47 App is up to date.
2026-03-08 23:48:47 Checking for update using Github
2026-03-08 23:48:47 Success.
2026-03-08 23:48:47 Latest version is 1.12.4
2026-03-08 23:48:47 App is up to date.
2026-03-09 00:48:47 Checking for update using Github
2026-03-09 00:48:47 Success.
2026-03-09 00:48:47 Latest version is 1.12.4
2026-03-09 00:48:47 App is up to date.
2026-03-10 01:26:42 Checking for update using Github
2026-03-10 01:26:42 Success.
2026-03-10 01:26:42 Latest version is 1.12.4
2026-03-10 01:26:42 App is up to date.
2026-03-19 00:04:26 Loading updated app package /home/heisenberg/.config/obsidian/obsidian-1.12.4.asar
2026-03-19 00:04:27 Checking for update using Github
2026-03-19 00:04:27 Success.
2026-03-19 00:04:27 Latest version is 1.12.4
2026-03-19 00:04:27 App is up to date.
2026-03-19 01:04:26 Checking for update using Github
2026-03-19 01:04:27 Success.
2026-03-19 01:04:27 Latest version is 1.12.4
2026-03-19 01:04:27 App is up to date.
2026-03-19 04:12:47 Checking for update using Github
2026-03-19 04:12:47 Success.
2026-03-19 04:12:47 Latest version is 1.12.4
2026-03-19 04:12:47 App is up to date.
2026-03-19 08:14:53 Checking for update using Github
2026-03-19 08:14:53 Success.
2026-03-19 08:14:53 Latest version is 1.12.4
2026-03-19 08:14:53 App is up to date.
2026-03-20 01:08:28 Checking for update using Github
2026-03-20 01:08:28 Success.
2026-03-20 01:08:28 Latest version is 1.12.4
2026-03-20 01:08:28 App is up to date.
2026-03-20 02:08:28 Checking for update using Github
2026-03-20 02:08:28 Success.
2026-03-20 02:08:28 Latest version is 1.12.4
2026-03-20 02:08:28 App is up to date.
2026-03-20 04:42:26 Checking for update using Github
2026-03-20 04:42:26 Success.
2026-03-20 04:42:26 Latest version is 1.12.4
2026-03-20 04:42:26 App is up to date.
2026-03-20 05:42:27 Checking for update using Github
2026-03-20 05:42:27 Success.
2026-03-20 05:42:27 Latest version is 1.12.4
2026-03-20 05:42:27 App is up to date.
2026-03-20 07:32:11 Checking for update using Github
2026-03-20 07:32:11 Success.
2026-03-20 07:32:11 Latest version is 1.12.4
2026-03-20 07:32:11 App is up to date.
2026-03-20 12:15:40 Checking for update using Github
2026-03-20 12:15:40 Success.
2026-03-20 12:15:40 Latest version is 1.12.4
2026-03-20 12:15:40 App is up to date.
2026-03-20 13:15:40 Checking for update using Github
2026-03-20 13:15:40 Success.
2026-03-20 13:15:40 Latest version is 1.12.4
2026-03-20 13:15:40 App is up to date.
2026-03-20 14:15:40 Checking for update using Github
2026-03-20 14:15:40 Success.
2026-03-20 14:15:40 Latest version is 1.12.4
2026-03-20 14:15:40 App is up to date.
2026-03-20 15:15:40 Checking for update using Github
2026-03-20 15:15:40 Success.
2026-03-20 15:15:40 Latest version is 1.12.4
2026-03-20 15:15:40 App is up to date.
2026-03-21 04:29:45 Checking for update using Github
2026-03-21 04:29:45 Success.
2026-03-21 04:29:45 Latest version is 1.12.4
2026-03-21 04:29:45 App is up to date.
2026-03-21 06:21:16 Checking for update using Github
2026-03-21 06:21:16 Success.
2026-03-21 06:21:16 Latest version is 1.12.4
2026-03-21 06:21:16 App is up to date.
2026-03-21 08:39:54 Checking for update using Github
2026-03-21 08:39:54 Success.
2026-03-21 08:39:54 Latest version is 1.12.4
2026-03-21 08:39:54 App is up to date.
2026-03-21 09:39:54 Checking for update using Github
2026-03-21 09:39:54 Success.
2026-03-21 09:39:54 Latest version is 1.12.4
2026-03-21 09:39:54 App is up to date.
2026-03-21 10:39:54 Checking for update using Github
2026-03-21 10:39:55 Success.
2026-03-21 10:39:55 Latest version is 1.12.4
2026-03-21 10:39:55 App is up to date.
2026-03-21 11:39:54 Checking for update using Github
2026-03-21 11:39:55 Success.
2026-03-21 11:39:55 Latest version is 1.12.4
2026-03-21 11:39:55 App is up to date.
2026-03-21 12:39:54 Checking for update using Github
2026-03-21 12:39:55 Success.
2026-03-21 12:39:55 Latest version is 1.12.4
2026-03-21 12:39:55 App is up to date.
2026-03-21 13:39:54 Checking for update using Github
2026-03-21 13:39:54 Success.
2026-03-21 13:39:54 Latest version is 1.12.4
2026-03-21 13:39:54 App is up to date.
2026-03-22 03:28:54 Loading updated app package /home/heisenberg/.config/obsidian/obsidian-1.12.4.asar
2026-03-22 03:28:54 Checking for update using Github
2026-03-22 03:28:54 Failed to check for update using Github (net::ERR_CERT_AUTHORITY_INVALID)
2026-03-22 03:28:54 Checking for update using obsidian.md
2026-03-22 03:28:55 Failed to check for update using obsidian.md (net::ERR_CERT_AUTHORITY_INVALID)
2026-03-22 04:28:54 Checking for update using Github
2026-03-22 04:28:54 Success.
2026-03-22 04:28:54 Latest version is 1.12.4
2026-03-22 04:28:54 App is up to date.
2026-03-22 05:28:54 Checking for update using Github
2026-03-22 05:28:54 Success.
2026-03-22 05:28:54 Latest version is 1.12.4
2026-03-22 05:28:54 App is up to date.
2026-03-22 10:58:46 Checking for update using Github
2026-03-22 10:58:46 Success.
2026-03-22 10:58:46 Latest version is 1.12.4
2026-03-22 10:58:46 App is up to date.
2026-03-23 03:04:23 Checking for update using Github
2026-03-23 03:04:23 Success.
2026-03-23 03:04:23 Latest version is 1.12.4
2026-03-23 03:04:23 App is up to date.
2026-03-23 05:29:05 Checking for update using Github
2026-03-23 05:29:05 Success.
2026-03-23 05:29:05 Latest version is 1.12.4
2026-03-23 05:29:05 App is up to date.
2026-03-23 06:29:05 Checking for update using Github
2026-03-23 06:29:05 Success.
2026-03-23 06:29:05 Latest version is 1.12.4
2026-03-23 06:29:05 App is up to date.
2026-03-31 19:08:06 Loading updated app package /home/heisenberg/.config/obsidian/obsidian-1.12.4.asar
2026-03-31 19:08:06 Checking for update using Github
2026-03-31 19:08:06 Success.
2026-03-31 19:08:06 Latest version is 1.12.7
2026-03-31 19:08:06 Downloading update from https://github.com/obsidianmd/obsidian-releases/releases/download/v1.12.7/obsidian-1.12.7.asar.gz
2026-03-31 19:08:10 Verifying hash & signature. Size= 8323080
2026-03-31 19:08:10 Saving file
2026-03-31 19:08:10 Update complete.
2026-04-01 06:08:22 Checking for update using Github
2026-04-01 06:08:22 Success.
2026-04-01 06:08:22 Latest version is 1.12.7
2026-04-01 06:08:22 An update is already downloaded.
2026-04-01 07:08:21 Checking for update using Github
2026-04-01 07:08:22 Success.
2026-04-01 07:08:22 Latest version is 1.12.7
2026-04-01 07:08:22 An update is already downloaded.
2026-04-01 13:40:08 Checking for update using Github
2026-04-01 13:40:08 Success.
2026-04-01 13:40:08 Latest version is 1.12.7
2026-04-01 13:40:08 An update is already downloaded.
2026-04-01 18:00:33 Checking for update using Github
2026-04-01 18:00:34 Success.
2026-04-01 18:00:34 Latest version is 1.12.7
2026-04-01 18:00:34 An update is already downloaded.
2026-04-01 19:00:33 Checking for update using Github
2026-04-01 19:00:34 Success.
2026-04-01 19:00:34 Latest version is 1.12.7
2026-04-01 19:00:34 An update is already downloaded.
2026-04-02 06:44:04 Checking for update using Github
2026-04-02 06:44:04 Success.
2026-04-02 06:44:04 Latest version is 1.12.7
2026-04-02 06:44:04 An update is already downloaded.
2026-04-02 09:06:55 Checking for update using Github
2026-04-02 09:06:55 Success.
2026-04-02 09:06:55 Latest version is 1.12.7
2026-04-02 09:06:55 An update is already downloaded.
2026-04-02 10:06:55 Checking for update using Github
2026-04-02 10:06:55 Success.
2026-04-02 10:06:55 Latest version is 1.12.7
2026-04-02 10:06:55 An update is already downloaded.
2026-04-02 11:06:55 Checking for update using Github
2026-04-02 11:06:55 Success.
2026-04-02 11:06:55 Latest version is 1.12.7
2026-04-02 11:06:55 An update is already downloaded.
2026-04-03 06:58:22 Checking for update using Github
2026-04-03 06:58:23 Success.
2026-04-03 06:58:23 Latest version is 1.12.7
2026-04-03 06:58:23 An update is already downloaded.
2026-04-03 07:58:22 Checking for update using Github
2026-04-03 07:58:23 Success.
2026-04-03 07:58:23 Latest version is 1.12.7
2026-04-03 07:58:23 An update is already downloaded.
2026-04-03 16:05:48 Checking for update using Github
2026-04-03 16:05:48 Success.
2026-04-03 16:05:48 Latest version is 1.12.7
2026-04-03 16:05:48 An update is already downloaded.
2026-04-03 17:05:48 Checking for update using Github
2026-04-03 17:05:48 Success.
2026-04-03 17:05:48 Latest version is 1.12.7
2026-04-03 17:05:48 An update is already downloaded.
2026-04-03 18:05:48 Checking for update using Github
2026-04-03 18:05:48 Success.
2026-04-03 18:05:48 Latest version is 1.12.7
2026-04-03 18:05:48 An update is already downloaded.
2026-04-03 19:05:48 Checking for update using Github
2026-04-03 19:05:48 Success.
2026-04-03 19:05:48 Latest version is 1.12.7
2026-04-03 19:05:48 An update is already downloaded.
2026-04-03 20:05:48 Checking for update using Github
2026-04-03 20:05:48 Success.
2026-04-03 20:05:48 Latest version is 1.12.7
2026-04-03 20:05:48 An update is already downloaded.
2026-04-10 14:49:47 Loading updated app package /home/heisenberg/.config/obsidian/obsidian-1.12.7.asar
2026-04-10 14:49:47 Checking for update using Github
2026-04-10 14:49:47 Success.
2026-04-10 14:49:47 Latest version is 1.12.7
2026-04-10 14:49:47 App is up to date.
2026-04-10 15:49:47 Checking for update using Github
2026-04-10 15:49:48 Success.
2026-04-10 15:49:48 Latest version is 1.12.7
2026-04-10 15:49:48 App is up to date.
2026-04-10 21:07:46 Checking for update using Github
2026-04-10 21:07:46 Success.
2026-04-10 21:07:46 Latest version is 1.12.7
2026-04-10 21:07:46 App is up to date.
2026-04-10 22:46:52 Checking for update using Github
2026-04-10 22:46:52 Failed to check for update using Github (net::ERR_CERT_AUTHORITY_INVALID)
2026-04-10 22:46:52 Checking for update using obsidian.md
2026-04-10 22:46:54 Failed to check for update using obsidian.md (net::ERR_CERT_AUTHORITY_INVALID)
2026-04-10 23:46:52 Checking for update using Github
2026-04-10 23:46:52 Failed to check for update using Github (net::ERR_CERT_AUTHORITY_INVALID)
2026-04-10 23:46:52 Checking for update using obsidian.md
2026-04-10 23:46:53 Failed to check for update using obsidian.md (net::ERR_CERT_AUTHORITY_INVALID)
2026-05-01 03:19:15 Loaded main app package /usr/lib/obsidian/obsidian.asar
2026-05-01 03:19:15 Checking for update using Github
2026-05-01 03:19:15 Success.
2026-05-01 03:19:15 Latest version is 1.12.7
2026-05-01 03:19:15 App is up to date.
2026-05-01 03:20:49 Loaded main app package /usr/lib/obsidian/obsidian.asar
2026-05-01 03:20:50 Checking for update using Github
2026-05-01 03:20:50 Success.
2026-05-01 03:20:50 Latest version is 1.12.7
2026-05-01 03:20:50 App is up to date.
2026-05-01 03:20:52 Loaded main app package /usr/lib/obsidian/obsidian.asar
2026-05-01 03:20:52 Checking for update using Github
2026-05-01 03:20:53 Success.
2026-05-01 03:20:53 Latest version is 1.12.7
2026-05-01 03:20:53 App is up to date.
2026-05-01 03:20:55 Loaded main app package /usr/lib/obsidian/obsidian.asar
2026-05-01 03:20:55 Checking for update using Github
2026-05-01 03:20:55 Success.
2026-05-01 03:20:55 Latest version is 1.12.7
2026-05-01 03:20:55 App is up to date.
2026-05-01 03:21:00 Loaded main app package /usr/lib/obsidian/obsidian.asar
2026-05-01 04:33:43 Checking for update using Github
2026-05-01 04:33:43 Success.
2026-05-01 04:33:43 Latest version is 1.12.7
2026-05-01 04:33:43 App is up to date.
2026-05-01 06:11:49 Checking for update using Github
2026-05-01 06:11:49 Success.
2026-05-01 06:11:49 Latest version is 1.12.7
2026-05-01 06:11:49 App is up to date.
2026-05-01 07:11:49 Checking for update using Github
2026-05-01 07:11:50 Success.
2026-05-01 07:11:50 Latest version is 1.12.7
2026-05-01 07:11:50 App is up to date.
2026-05-01 08:11:49 Checking for update using Github
2026-05-01 08:11:50 Success.
2026-05-01 08:11:50 Latest version is 1.12.7
2026-05-01 08:11:50 App is up to date.
2026-05-01 09:11:49 Checking for update using Github
2026-05-01 09:11:50 Success.
2026-05-01 09:11:50 Latest version is 1.12.7
2026-05-01 09:11:50 App is up to date.
2026-05-01 10:26:13 Checking for update using Github
2026-05-01 10:26:13 Success.
2026-05-01 10:26:13 Latest version is 1.12.7
2026-05-01 10:26:13 App is up to date.
2026-05-01 11:26:13 Checking for update using Github
2026-05-01 11:26:13 Success.
2026-05-01 11:26:13 Latest version is 1.12.7
2026-05-01 11:26:13 App is up to date.
2026-05-01 12:49:21 Checking for update using Github
2026-05-01 12:49:21 Success.
2026-05-01 12:49:21 Latest version is 1.12.7
2026-05-01 12:49:21 App is up to date.
2026-05-01 13:49:22 Checking for update using Github
2026-05-01 13:49:22 Success.
2026-05-01 13:49:22 Latest version is 1.12.7
2026-05-01 13:49:22 App is up to date.
2026-05-01 15:10:22 Checking for update using Github
2026-05-01 15:10:22 Success.
2026-05-01 15:10:22 Latest version is 1.12.7
2026-05-01 15:10:22 App is up to date.
2026-05-01 16:25:07 Checking for update using Github
2026-05-01 16:25:07 Success.
2026-05-01 16:25:07 Latest version is 1.12.7
2026-05-01 16:25:07 App is up to date.
2026-05-02 02:36:32 Checking for update using Github
2026-05-02 02:36:32 Success.
2026-05-02 02:36:32 Latest version is 1.12.7
2026-05-02 02:36:32 App is up to date.
2026-05-02 03:32:57 Loaded main app package /usr/lib/obsidian/obsidian.asar
2026-05-02 03:32:57 Checking for update using Github
2026-05-02 03:32:57 Success.
2026-05-02 03:32:57 Latest version is 1.12.7
2026-05-02 03:32:57 App is up to date.
2026-05-02 04:32:57 Checking for update using Github
2026-05-02 04:32:57 Success.
2026-05-02 04:32:57 Latest version is 1.12.7
2026-05-02 04:32:57 App is up to date.
2026-05-02 05:53:26 Checking for update using Github
2026-05-02 05:53:26 Success.
2026-05-02 05:53:26 Latest version is 1.12.7
2026-05-02 05:53:26 App is up to date.
2026-05-02 06:53:27 Checking for update using Github
2026-05-02 06:53:27 Success.
2026-05-02 06:53:27 Latest version is 1.12.7
2026-05-02 06:53:27 App is up to date.
2026-05-02 07:53:27 Checking for update using Github
2026-05-02 07:53:27 Success.
2026-05-02 07:53:27 Latest version is 1.12.7
2026-05-02 07:53:27 App is up to date.
2026-05-02 09:05:11 Loaded main app package /usr/lib/obsidian/obsidian.asar
2026-05-02 09:05:12 Checking for update using Github
2026-05-02 09:05:12 Success.
2026-05-02 09:05:12 Latest version is 1.12.7
2026-05-02 09:05:12 App is up to date.
2026-05-02 13:33:56 Loaded main app package /usr/lib/obsidian/obsidian.asar
2026-05-02 13:33:57 Checking for update using Github
2026-05-02 13:33:57 Success.
2026-05-02 13:33:57 Latest version is 1.12.7
2026-05-02 13:33:57 App is up to date.
2026-05-02 15:14:43 Checking for update using Github
2026-05-02 15:14:43 Success.
2026-05-02 15:14:43 Latest version is 1.12.7
2026-05-02 15:14:43 App is up to date.
2026-05-02 16:14:43 Checking for update using Github
2026-05-02 16:14:43 Success.
2026-05-02 16:14:43 Latest version is 1.12.7
2026-05-02 16:14:43 App is up to date.
2026-05-02 17:14:43 Checking for update using Github
2026-05-02 17:14:43 Success.
2026-05-02 17:14:43 Latest version is 1.12.7
2026-05-02 17:14:43 App is up to date.
2026-05-03 04:05:01 Checking for update using Github
2026-05-03 04:05:01 Success.
2026-05-03 04:05:01 Latest version is 1.12.7
2026-05-03 04:05:01 App is up to date.
2026-05-03 05:47:23 Checking for update using Github
2026-05-03 05:47:24 Success.
2026-05-03 05:47:24 Latest version is 1.12.7
2026-05-03 05:47:24 App is up to date.
2026-05-03 06:47:23 Checking for update using Github
2026-05-03 06:47:24 Success.
2026-05-03 06:47:24 Latest version is 1.12.7
2026-05-03 06:47:24 App is up to date.
2026-05-03 07:47:23 Checking for update using Github
2026-05-03 07:47:24 Success.
2026-05-03 07:47:24 Latest version is 1.12.7
2026-05-03 07:47:24 App is up to date.
2026-05-03 09:19:38 Checking for update using Github
2026-05-03 09:19:39 Success.
2026-05-03 09:19:39 Latest version is 1.12.7
2026-05-03 09:19:39 App is up to date.
2026-05-03 10:19:39 Checking for update using Github
2026-05-03 10:19:40 Success.
2026-05-03 10:19:40 Latest version is 1.12.7
2026-05-03 10:19:40 App is up to date.
2026-05-03 12:05:27 Checking for update using Github
2026-05-03 12:05:28 Success.
2026-05-03 12:05:28 Latest version is 1.12.7
2026-05-03 12:05:28 App is up to date.
2026-05-03 13:05:28 Checking for update using Github
2026-05-03 13:05:28 Success.
2026-05-03 13:05:28 Latest version is 1.12.7
2026-05-03 13:05:28 App is up to date.
2026-05-03 14:05:28 Checking for update using Github
2026-05-03 14:05:28 Success.
2026-05-03 14:05:28 Latest version is 1.12.7
2026-05-03 14:05:28 App is up to date.
2026-05-03 15:05:28 Checking for update using Github
2026-05-03 15:05:28 Success.
2026-05-03 15:05:28 Latest version is 1.12.7
2026-05-03 15:05:28 App is up to date.
2026-05-03 16:32:35 Checking for update using Github
2026-05-03 16:32:36 Success.
2026-05-03 16:32:36 Latest version is 1.12.7
2026-05-03 16:32:36 App is up to date.
2026-05-03 17:32:35 Checking for update using Github
2026-05-03 17:32:36 Success.
2026-05-03 17:32:36 Latest version is 1.12.7
2026-05-03 17:32:36 App is up to date.
2026-05-03 18:32:35 Checking for update using Github
2026-05-03 18:32:36 Success.
2026-05-03 18:32:36 Latest version is 1.12.7
2026-05-03 18:32:36 App is up to date.
2026-05-03 19:32:35 Checking for update using Github
2026-05-03 19:32:35 Success.
2026-05-03 19:32:35 Latest version is 1.12.7
2026-05-03 19:32:35 App is up to date.
2026-05-03 20:32:35 Checking for update using Github
2026-05-03 20:32:36 Success.
2026-05-03 20:32:36 Latest version is 1.12.7
2026-05-03 20:32:36 App is up to date.
2026-05-04 06:43:21 Checking for update using Github
2026-05-04 06:43:22 Success.
2026-05-04 06:43:22 Latest version is 1.12.7
2026-05-04 06:43:22 App is up to date.
2026-05-04 08:22:43 Checking for update using Github
2026-05-04 08:22:44 Success.
2026-05-04 08:22:44 Latest version is 1.12.7
2026-05-04 08:22:44 App is up to date.
2026-05-04 09:22:43 Checking for update using Github
2026-05-04 09:22:43 Success.
2026-05-04 09:22:43 Latest version is 1.12.7
2026-05-04 09:22:43 App is up to date.
2026-05-04 12:10:10 Checking for update using Github
2026-05-04 12:10:10 Success.
2026-05-04 12:10:10 Latest version is 1.12.7
2026-05-04 12:10:10 App is up to date.
2026-05-04 13:10:10 Checking for update using Github
2026-05-04 13:10:10 Success.
2026-05-04 13:10:10 Latest version is 1.12.7
2026-05-04 13:10:10 App is up to date.
2026-05-04 16:20:55 Checking for update using Github
2026-05-04 16:20:56 Success.
2026-05-04 16:20:56 Latest version is 1.12.7
2026-05-04 16:20:56 App is up to date.
2026-05-04 17:41:04 Checking for update using Github
2026-05-04 17:41:05 Success.
2026-05-04 17:41:05 Latest version is 1.12.7
2026-05-04 17:41:05 App is up to date.
2026-05-04 18:41:06 Checking for update using Github
2026-05-04 18:41:06 Success.
2026-05-04 18:41:06 Latest version is 1.12.7
2026-05-04 18:41:06 App is up to date.
2026-05-05 04:31:17 Checking for update using Github
2026-05-05 04:31:17 Success.
2026-05-05 04:31:17 Latest version is 1.12.7
2026-05-05 04:31:17 App is up to date.
2026-05-05 05:31:17 Checking for update using Github
2026-05-05 05:31:17 Success.
2026-05-05 05:31:17 Latest version is 1.12.7
2026-05-05 05:31:17 App is up to date.
2026-05-05 06:36:07 Checking for update using Github
2026-05-05 06:36:21 Success.
2026-05-05 06:36:21 Latest version is 1.12.7
2026-05-05 06:36:21 App is up to date.
2026-05-05 09:22:58 Checking for update using Github
2026-05-05 09:22:59 Success.
2026-05-05 09:22:59 Latest version is 1.12.7
2026-05-05 09:22:59 App is up to date.
2026-05-05 14:44:25 Checking for update using Github
2026-05-05 14:44:25 Success.
2026-05-05 14:44:25 Latest version is 1.12.7
2026-05-05 14:44:25 App is up to date.
2026-05-05 15:44:25 Checking for update using Github
2026-05-05 15:44:25 Success.
2026-05-05 15:44:25 Latest version is 1.12.7
2026-05-05 15:44:25 App is up to date.
2026-05-05 16:44:25 Checking for update using Github
2026-05-05 16:44:25 Success.
2026-05-05 16:44:25 Latest version is 1.12.7
2026-05-05 16:44:25 App is up to date.
2026-05-05 18:07:20 Checking for update using Github
2026-05-05 18:07:21 Success.
2026-05-05 18:07:21 Latest version is 1.12.7
2026-05-05 18:07:21 App is up to date.
2026-05-05 19:07:20 Checking for update using Github
2026-05-05 19:07:21 Success.
2026-05-05 19:07:21 Latest version is 1.12.7
2026-05-05 19:07:21 App is up to date.
2026-05-05 20:07:20 Checking for update using Github
2026-05-05 20:07:21 Success.
2026-05-05 20:07:21 Latest version is 1.12.7
2026-05-05 20:07:21 App is up to date.
2026-05-06 02:17:29 Checking for update using Github
2026-05-06 02:17:29 Success.
2026-05-06 02:17:29 Latest version is 1.12.7
2026-05-06 02:17:29 App is up to date.
2026-05-06 03:17:30 Checking for update using Github
2026-05-06 03:17:30 Success.
2026-05-06 03:17:30 Latest version is 1.12.7
2026-05-06 03:17:30 App is up to date.
2026-05-06 04:17:30 Checking for update using Github
2026-05-06 04:17:30 Success.
2026-05-06 04:17:30 Latest version is 1.12.7
2026-05-06 04:17:30 App is up to date.
2026-05-06 05:17:30 Checking for update using Github
2026-05-06 05:17:30 Success.
2026-05-06 05:17:30 Latest version is 1.12.7
2026-05-06 05:17:30 App is up to date.
2026-05-06 06:17:30 Checking for update using Github
2026-05-06 06:17:30 Success.
2026-05-06 06:17:30 Latest version is 1.12.7
2026-05-06 06:17:30 App is up to date.
2026-05-06 10:24:50 Checking for update using Github
2026-05-06 10:24:50 Failed to check for update using Github (net::ERR_CERT_AUTHORITY_INVALID)
2026-05-06 10:24:50 Checking for update using obsidian.md
2026-05-06 10:24:50 Failed to check for update using obsidian.md (net::ERR_CERT_AUTHORITY_INVALID)
2026-05-06 11:38:26 Checking for update using Github
2026-05-06 11:38:26 Success.
2026-05-06 11:38:26 Latest version is 1.12.7
2026-05-06 11:38:26 App is up to date.
2026-05-06 13:06:00 Checking for update using Github
2026-05-06 13:06:00 Success.
2026-05-06 13:06:00 Latest version is 1.12.7
2026-05-06 13:06:00 App is up to date.
2026-05-07 09:30:06 Loaded main app package /usr/lib/obsidian/obsidian.asar
2026-05-07 09:30:07 Checking for update using Github
2026-05-07 09:30:07 Success.
2026-05-07 09:30:07 Latest version is 1.12.7
2026-05-07 09:30:07 App is up to date.
2026-05-07 10:30:08 Checking for update using Github
2026-05-07 10:30:08 Success.
2026-05-07 10:30:08 Latest version is 1.12.7
2026-05-07 10:30:08 App is up to date.
2026-05-07 11:30:08 Checking for update using Github
2026-05-07 11:30:08 Success.
2026-05-07 11:30:08 Latest version is 1.12.7
2026-05-07 11:30:08 App is up to date.
2026-05-07 12:30:08 Checking for update using Github
2026-05-07 12:30:08 Success.
2026-05-07 12:30:08 Latest version is 1.12.7
2026-05-07 12:30:08 App is up to date.
2026-05-07 16:03:23 Checking for update using Github
2026-05-07 16:03:23 Success.
2026-05-07 16:03:23 Latest version is 1.12.7
2026-05-07 16:03:23 App is up to date.
2026-05-07 17:03:23 Checking for update using Github
2026-05-07 17:03:23 Success.
2026-05-07 17:03:23 Latest version is 1.12.7
2026-05-07 17:03:23 App is up to date.
2026-05-09 12:14:50 Loaded main app package /usr/lib/obsidian/obsidian.asar
2026-05-09 12:14:51 Checking for update using Github
2026-05-09 12:14:51 Success.
2026-05-09 12:14:51 Latest version is 1.12.7
2026-05-09 12:14:51 App is up to date.
2026-05-09 13:14:50 Checking for update using Github
2026-05-09 13:14:51 Success.
2026-05-09 13:14:51 Latest version is 1.12.7
2026-05-09 13:14:51 App is up to date.
2026-05-09 14:29:07 Checking for update using Github
2026-05-09 14:29:07 Success.
2026-05-09 14:29:07 Latest version is 1.12.7
2026-05-09 14:29:07 App is up to date.
2026-05-09 15:54:58 Checking for update using Github
2026-05-09 15:54:58 Success.
2026-05-09 15:54:58 Latest version is 1.12.7
2026-05-09 15:54:58 App is up to date.
2026-05-09 16:54:58 Checking for update using Github
2026-05-09 16:54:58 Success.
2026-05-09 16:54:58 Latest version is 1.12.7
2026-05-09 16:54:58 App is up to date.
2026-05-09 17:54:58 Checking for update using Github
2026-05-09 17:54:58 Success.
2026-05-09 17:54:58 Latest version is 1.12.7
2026-05-09 17:54:58 App is up to date.
2026-05-09 19:08:59 Checking for update using Github
2026-05-09 19:08:59 Success.
2026-05-09 19:08:59 Latest version is 1.12.7
2026-05-09 19:08:59 App is up to date.
2026-05-09 20:08:59 Checking for update using Github
2026-05-09 20:08:59 Success.
2026-05-09 20:08:59 Latest version is 1.12.7
2026-05-09 20:08:59 App is up to date.
2026-05-09 21:08:59 Checking for update using Github
2026-05-09 21:08:59 Success.
2026-05-09 21:08:59 Latest version is 1.12.7
2026-05-09 21:08:59 App is up to date.
2026-05-09 22:08:59 Checking for update using Github
2026-05-09 22:08:59 Success.
2026-05-09 22:08:59 Latest version is 1.12.7
2026-05-09 22:08:59 App is up to date.
2026-05-10 08:58:56 Checking for update using Github
2026-05-10 08:58:57 Success.
2026-05-10 08:58:57 Latest version is 1.12.7
2026-05-10 08:58:57 App is up to date.
2026-05-10 11:02:59 Loaded main app package /usr/lib/obsidian/obsidian.asar
2026-05-10 11:02:59 Checking for update using Github
2026-05-10 11:02:59 Success.
2026-05-10 11:02:59 Latest version is 1.12.7
2026-05-10 11:02:59 App is up to date.
2026-05-10 12:02:59 Checking for update using Github
2026-05-10 12:02:59 Success.
2026-05-10 12:02:59 Latest version is 1.12.7
2026-05-10 12:02:59 App is up to date.
2026-05-10 13:02:59 Checking for update using Github
2026-05-10 13:02:59 Success.
2026-05-10 13:02:59 Latest version is 1.12.7
2026-05-10 13:02:59 App is up to date.
2026-05-10 16:01:04 Checking for update using Github
2026-05-10 16:01:04 Success.
2026-05-10 16:01:04 Latest version is 1.12.7
2026-05-10 16:01:04 App is up to date.
2026-05-10 17:01:04 Checking for update using Github
2026-05-10 17:01:04 Success.
2026-05-10 17:01:04 Latest version is 1.12.7
2026-05-10 17:01:04 App is up to date.
2026-05-10 18:01:04 Checking for update using Github
2026-05-10 18:01:04 Success.
2026-05-10 18:01:04 Latest version is 1.12.7
2026-05-10 18:01:04 App is up to date.
2026-05-10 19:01:04 Checking for update using Github
2026-05-10 19:01:04 Success.
2026-05-10 19:01:04 Latest version is 1.12.7
2026-05-10 19:01:04 App is up to date.
2026-05-10 20:01:54 Checking for update using Github
2026-05-10 20:01:54 Success.
2026-05-10 20:01:54 Latest version is 1.12.7
2026-05-10 20:01:54 App is up to date.
2026-05-12 07:36:39 Loaded main app package /usr/lib/obsidian/obsidian.asar
2026-05-12 07:36:39 Checking for update using Github
2026-05-12 07:36:39 Success.
2026-05-12 07:36:39 Latest version is 1.12.7
2026-05-12 07:36:39 App is up to date.
2026-05-12 08:36:38 Checking for update using Github
2026-05-12 08:36:39 Success.
2026-05-12 08:36:39 Latest version is 1.12.7
2026-05-12 08:36:39 App is up to date.
2026-05-12 16:38:32 Checking for update using Github
2026-05-12 16:38:32 Success.
2026-05-12 16:38:32 Latest version is 1.12.7
2026-05-12 16:38:32 App is up to date.
2026-05-13 03:04:54 Checking for update using Github
2026-05-13 03:04:54 Success.
2026-05-13 03:04:54 Latest version is 1.12.7
2026-05-13 03:04:54 App is up to date.
2026-05-13 11:14:33 Checking for update using Github
2026-05-13 11:14:33 Success.
2026-05-13 11:14:33 Latest version is 1.12.7
2026-05-13 11:14:33 App is up to date.
2026-05-13 12:14:33 Checking for update using Github
2026-05-13 12:14:33 Success.
2026-05-13 12:14:33 Latest version is 1.12.7
2026-05-13 12:14:33 App is up to date.
2026-05-13 13:24:40 Loaded main app package /usr/lib/obsidian/obsidian.asar
2026-05-13 13:24:40 Checking for update using Github
2026-05-13 13:24:41 Success.
2026-05-13 13:24:41 Latest version is 1.12.7
2026-05-13 13:24:41 App is up to date.
2026-05-13 15:36:07 Checking for update using Github
2026-05-13 15:36:08 Success.
2026-05-13 15:36:08 Latest version is 1.12.7
2026-05-13 15:36:08 App is up to date.
2026-05-13 16:36:07 Checking for update using Github
2026-05-13 16:36:08 Success.
2026-05-13 16:36:08 Latest version is 1.12.7
2026-05-13 16:36:08 App is up to date.
2026-05-13 19:39:22 Loaded main app package /usr/lib/obsidian/obsidian.asar
2026-05-13 19:39:22 Checking for update using Github
2026-05-13 19:39:23 Success.
2026-05-13 19:39:23 Latest version is 1.12.7
2026-05-13 19:39:23 App is up to date.
2026-05-13 20:39:22 Checking for update using Github
2026-05-13 20:39:22 Success.
2026-05-13 20:39:22 Latest version is 1.12.7
2026-05-13 20:39:22 App is up to date.
2026-05-14 11:25:50 Checking for update using Github
2026-05-14 11:25:50 Success.
2026-05-14 11:25:50 Latest version is 1.12.7
2026-05-14 11:25:50 App is up to date.
2026-05-14 12:25:52 Checking for update using Github
2026-05-14 12:25:52 Success.
2026-05-14 12:25:52 Latest version is 1.12.7
2026-05-14 12:25:52 App is up to date.
2026-05-14 13:25:52 Checking for update using Github
2026-05-14 13:25:52 Success.
2026-05-14 13:25:52 Latest version is 1.12.7
2026-05-14 13:25:52 App is up to date.
2026-05-14 16:39:20 Checking for update using Github
2026-05-14 16:39:20 Success.
2026-05-14 16:39:20 Latest version is 1.12.7
2026-05-14 16:39:20 App is up to date.
2026-05-14 18:01:25 Checking for update using Github
2026-05-14 18:01:25 Success.
2026-05-14 18:01:25 Latest version is 1.12.7
2026-05-14 18:01:25 App is up to date.
2026-05-14 19:38:42 Checking for update using Github
2026-05-14 19:38:42 Success.
2026-05-14 19:38:42 Latest version is 1.12.7
2026-05-14 19:38:42 App is up to date.
2026-05-14 20:38:42 Checking for update using Github
2026-05-14 20:38:42 Success.
2026-05-14 20:38:42 Latest version is 1.12.7
2026-05-14 20:38:42 App is up to date.
2026-05-14 21:39:05 Checking for update using Github
2026-05-14 21:39:05 Success.
2026-05-14 21:39:05 Latest version is 1.12.7
2026-05-14 21:39:05 App is up to date.
2026-05-20 14:42:06 Loaded main app package /usr/lib/obsidian/obsidian.asar
2026-05-20 14:42:06 Checking for update using Github
2026-05-20 14:42:06 Success.
2026-05-20 14:42:06 Latest version is 1.12.7
2026-05-20 14:42:06 App is up to date.
2026-05-20 16:17:32 Checking for update using Github
2026-05-20 16:17:32 Success.
2026-05-20 16:17:32 Latest version is 1.12.7
2026-05-20 16:17:32 App is up to date.
2026-05-20 17:17:32 Checking for update using Github
2026-05-20 17:17:32 Success.
2026-05-20 17:17:32 Latest version is 1.12.7
2026-05-20 17:17:32 App is up to date.
2026-05-21 10:00:15 Checking for update using Github
2026-05-21 10:00:15 Success.
2026-05-21 10:00:15 Latest version is 1.12.7
2026-05-21 10:00:15 App is up to date.
2026-05-21 11:00:15 Checking for update using Github
2026-05-21 11:00:15 Success.
2026-05-21 11:00:15 Latest version is 1.12.7
2026-05-21 11:00:15 App is up to date.
2026-05-23 15:14:06 Loaded main app package /usr/lib/obsidian/obsidian.asar
2026-05-23 15:14:06 Checking for update using Github
2026-05-23 15:14:07 Success.
2026-05-23 15:14:07 Latest version is 1.12.7
2026-05-23 15:14:07 App is up to date.
2026-05-23 16:14:06 Checking for update using Github
2026-05-23 16:14:06 Success.
2026-05-23 16:14:06 Latest version is 1.12.7
2026-05-23 16:14:06 App is up to date.
2026-05-23 17:37:34 Checking for update using Github
2026-05-23 17:37:34 Success.
2026-05-23 17:37:34 Latest version is 1.12.7
2026-05-23 17:37:34 App is up to date.
2026-05-23 18:37:34 Checking for update using Github
2026-05-23 18:37:34 Success.
2026-05-23 18:37:34 Latest version is 1.12.7
2026-05-23 18:37:34 App is up to date.
2026-05-23 19:37:34 Checking for update using Github
2026-05-23 19:37:34 Success.
2026-05-23 19:37:34 Latest version is 1.12.7
2026-05-23 19:37:34 App is up to date.
2026-05-23 19:56:12 Loaded main app package /usr/lib/obsidian/obsidian.asar
2026-05-23 20:00:30 Loaded main app package /usr/lib/obsidian/obsidian.asar
2026-05-23 20:00:35 Loaded main app package /usr/lib/obsidian/obsidian.asar
2026-05-23 20:13:28 Loaded main app package /usr/lib/obsidian/obsidian.asar
2026-05-23 20:13:28 Checking for update using Github
2026-05-23 20:13:29 Success.
2026-05-23 20:13:29 Latest version is 1.12.7
2026-05-23 20:13:29 App is up to date.
2026-05-23 20:16:00 Loaded main app package /usr/lib/obsidian/obsidian.asar
2026-05-23 20:16:00 Checking for update using Github
2026-05-23 20:16:00 Success.
2026-05-23 20:16:00 Latest version is 1.12.7
2026-05-23 20:16:00 App is up to date.
2026-05-23 21:15:53 Loaded main app package /usr/lib/obsidian/obsidian.asar
2026-05-23 21:16:00 Checking for update using Github
2026-05-23 21:16:00 Success.
2026-05-23 21:16:00 Latest version is 1.12.7
2026-05-23 21:16:00 App is up to date.
2026-05-23 21:16:06 Loaded main app package /usr/lib/obsidian/obsidian.asar
2026-05-24 12:03:38 Loaded main app package /usr/lib/obsidian/obsidian.asar
2026-05-24 12:03:38 Checking for update using Github
2026-05-24 12:03:38 Success.
2026-05-24 12:03:38 Latest version is 1.12.7
2026-05-24 12:03:38 App is up to date.
2026-05-24 12:25:24 Loaded main app package /usr/lib/obsidian/obsidian.asar
2026-05-24 12:25:24 Checking for update using Github
2026-05-24 12:25:25 Success.
2026-05-24 12:25:25 Latest version is 1.12.7
2026-05-24 12:25:25 App is up to date.
2026-05-24 13:25:24 Checking for update using Github
2026-05-24 13:25:24 Success.
2026-05-24 13:25:24 Latest version is 1.12.7
2026-05-24 13:25:24 App is up to date.
2026-05-25 21:40:32 Loaded main app package /usr/lib/obsidian/obsidian.asar
2026-05-25 21:40:32 Checking for update using Github
2026-05-25 21:40:32 Loaded main app package /usr/lib/obsidian/obsidian.asar
2026-05-25 21:40:32 Success.
2026-05-25 21:40:32 Latest version is 1.12.7
2026-05-25 21:40:32 App is up to date.
2026-05-25 22:40:32 Checking for update using Github
2026-05-25 22:40:32 Success.
2026-05-25 22:40:32 Latest version is 1.12.7
2026-05-25 22:40:32 App is up to date.
2026-05-25 23:40:32 Checking for update using Github
2026-05-25 23:40:32 Success.
2026-05-25 23:40:32 Latest version is 1.12.7
2026-05-25 23:40:32 App is up to date.
2026-05-26 00:40:32 Checking for update using Github
2026-05-26 00:40:32 Success.
2026-05-26 00:40:32 Latest version is 1.12.7
2026-05-26 00:40:32 App is up to date.
2026-05-26 06:35:32 Checking for update using Github
2026-05-26 06:35:33 Success.
2026-05-26 06:35:33 Latest version is 1.12.7
2026-05-26 06:35:33 App is up to date.
2026-05-26 11:26:16 Checking for update using Github
2026-05-26 11:26:17 Success.
2026-05-26 11:26:17 Latest version is 1.12.7
2026-05-26 11:26:17 App is up to date.
2026-05-26 12:26:17 Checking for update using Github
2026-05-26 12:26:17 Success.
2026-05-26 12:26:17 Latest version is 1.12.7
2026-05-26 12:26:17 App is up to date.
2026-05-26 15:13:56 Checking for update using Github
2026-05-26 15:13:56 Success.
2026-05-26 15:13:56 Latest version is 1.12.7
2026-05-26 15:13:56 App is up to date.
2026-05-26 16:13:56 Checking for update using Github
2026-05-26 16:13:56 Success.
2026-05-26 16:13:56 Latest version is 1.12.7
2026-05-26 16:13:56 App is up to date.
2026-05-26 17:13:56 Checking for update using Github
2026-05-26 17:13:56 Success.
2026-05-26 17:13:56 Latest version is 1.12.7
2026-05-26 17:13:56 App is up to date.
2026-05-26 22:42:38 Checking for update using Github
2026-05-26 22:42:38 Success.
2026-05-26 22:42:38 Latest version is 1.12.7
2026-05-26 22:42:38 App is up to date.
2026-05-26 23:36:03 Loaded main app package /usr/lib/obsidian/obsidian.asar
2026-05-26 23:36:03 Checking for update using Github
2026-05-26 23:36:03 Loaded main app package /usr/lib/obsidian/obsidian.asar
2026-05-26 23:36:04 Success.
2026-05-26 23:36:04 Latest version is 1.12.7
2026-05-26 23:36:04 App is up to date.
2026-05-27 00:36:03 Checking for update using Github
2026-05-27 00:36:03 Success.
2026-05-27 00:36:03 Latest version is 1.12.7
2026-05-27 00:36:03 App is up to date.
2026-05-27 01:36:03 Checking for update using Github
2026-05-27 01:36:03 Success.
2026-05-27 01:36:03 Latest version is 1.12.7
2026-05-27 01:36:03 App is up to date.
2026-05-27 02:36:03 Checking for update using Github
2026-05-27 02:36:03 Success.
2026-05-27 02:36:03 Latest version is 1.12.7
2026-05-27 02:36:03 App is up to date.
2026-05-27 03:36:03 Checking for update using Github
2026-05-27 03:36:03 Success.
2026-05-27 03:36:03 Latest version is 1.12.7
2026-05-27 03:36:03 App is up to date.
2026-05-27 16:57:30 Checking for update using Github
2026-05-27 16:57:30 Success.
2026-05-27 16:57:30 Latest version is 1.12.7
2026-05-27 16:57:30 App is up to date.
2026-05-27 17:57:30 Checking for update using Github
2026-05-27 17:57:30 Success.
2026-05-27 17:57:30 Latest version is 1.12.7
2026-05-27 17:57:30 App is up to date.
2026-05-27 18:57:30 Checking for update using Github
2026-05-27 18:57:30 Success.
2026-05-27 18:57:30 Latest version is 1.12.7
2026-05-27 18:57:30 App is up to date.
2026-05-27 19:57:30 Checking for update using Github
2026-05-27 19:57:30 Success.
2026-05-27 19:57:30 Latest version is 1.12.7
2026-05-27 19:57:30 App is up to date.
2026-05-27 20:57:30 Checking for update using Github
2026-05-27 20:57:30 Success.
2026-05-27 20:57:30 Latest version is 1.12.7
2026-05-27 20:57:30 App is up to date.
2026-05-27 21:57:30 Checking for update using Github
2026-05-27 21:57:30 Success.
2026-05-27 21:57:30 Latest version is 1.12.7
2026-05-27 21:57:30 App is up to date.
2026-05-27 22:57:30 Checking for update using Github
2026-05-27 22:57:30 Success.
2026-05-27 22:57:30 Latest version is 1.12.7
2026-05-27 22:57:30 App is up to date.
2026-05-27 23:55:30 Loaded main app package /usr/lib/obsidian/obsidian.asar
2026-05-27 23:55:30 Checking for update using Github
2026-05-27 23:55:30 Loaded main app package /usr/lib/obsidian/obsidian.asar
2026-05-27 23:55:31 Success.
2026-05-27 23:55:31 Latest version is 1.12.7
2026-05-27 23:55:31 App is up to date.
2026-05-27 23:55:53 Loaded main app package /usr/lib/obsidian/obsidian.asar
2026-05-27 23:55:53 Checking for update using Github
2026-05-27 23:55:53 Loaded main app package /usr/lib/obsidian/obsidian.asar
2026-05-27 23:55:53 Success.
2026-05-27 23:55:53 Latest version is 1.12.7
2026-05-27 23:55:53 App is up to date.
2026-05-28 00:55:53 Checking for update using Github
2026-05-28 00:55:53 Success.
2026-05-28 00:55:53 Latest version is 1.12.7
2026-05-28 00:55:53 App is up to date.
2026-05-28 12:59:19 Checking for update using Github
2026-05-28 12:59:20 Success.
2026-05-28 12:59:20 Latest version is 1.12.7
2026-05-28 12:59:20 App is up to date.
2026-05-28 13:00:47 Loaded main app package /usr/lib/obsidian/obsidian.asar
